pair_id,research_query_id,research_question_zh,research_question_en,acquisition_query_id,openalex_id,title,abstract,landing_page_url,publication_year,doi,source_query_ids,source_run_ids,pool_version,selection_bucket
w4_rq01_001,rq01_stellar_classification,机器学习如何用于恒星光谱分类或恒星类型识别？,How is machine learning used to classify stellar spectra or identify stellar types?,q02_classification,https://openalex.org/W4293191352,Stellar Classification by Machine Learning,"As an emerging subject with strong comprehensiveness, machine learning has made varying degrees of progress in various fields. In the field of astronomy, it has also been generally used, and there have been quantities of research using machine learning for data processing and model prediction. The paper has used three algorithms (Decision Tree, Random Forest and Support Vector Machine) to build prediction models to classify stars, galaxies, and quasars in the universe and make a comparison among three models. The results of the test have shown that the prediction accuracy of the Random Forest model reaches roughly 98 percent with a great computing efficiency, which performs the best.",https://doi.org/10.1051/shsconf/202214403006,2022,10.1051/shsconf/202214403006,"[""q02_classification""]","[""20260808_144344224124_live_pr31-q01_stellar-spectrum-spectral-classification-machine_n30_dae3d3""]",w4_pilot_v0.1,top
w4_rq01_002,rq01_stellar_classification,机器学习如何用于恒星光谱分类或恒星类型识别？,How is machine learning used to classify stellar spectra or identify stellar types?,q02_classification,https://openalex.org/W2778437674,Machine learning technique for morphological classification of galaxies from the SDSS,"Context. Machine learning methods are effective tools in astronomical tasks for classifying objects by their individual features. One of the promising utilities is related to the morphological classification of galaxies at different redshifts. Aims. We use the photometry-based approach for the SDSS data (1) to exploit five supervised machine learning techniques and define the most effective among them for the automated galaxy morphological classification; (2) to test the influence of photometry data on morphology classification; (3) to discuss problem points of supervised machine learning and labeling bias; and (4) to apply the best fitting machine learning methods for revealing the unknown morphological types of galaxies from the SDSS DR9 at z &lt; 0.1. Methods. We used different galaxy classification techniques: human labeling, multi-photometry diagrams, naive Bayes, logistic regression, support-vector machine, random forest, k -nearest neighbors. Results. We present the results of a binary automated morphological classification of galaxies conducted by human labeling, multi-photometry, and five supervised machine learning methods. We applied it to the sample of galaxies from the SDSS DR9 with redshifts of 0.02 &lt; z &lt; 0.1 and absolute stellar magnitudes of −24 m &lt; M r &lt; −19.4 m . For the analysis we used absolute magnitudes M u , M g , M r , M i , M z ; color indices M u − M r , M g − M i , M u − M g , M r − M z ; and the inverse concentration index to the center R 50/ R 90. We determined the ability of each method to predict the morphological type, and verified various dependencies of the method’s accuracy on redshifts, human labeling, morphological shape, and overlap of different morphological types for galaxies with the same color indices. We find that the morphology based on the supervised machine learning methods trained over photometric parameters demonstrates significantly less bias than the morphology based on citizen-science classifiers. Conclusions. The support-vector machine and random forest methods with Scikit-learn software machine learning library in Python provide the highest accuracy for the binary galaxy morphological classification. Specifically, the success rate is 96.4% for support-vector machine (96.1% early E and 96.9% late L types) and 95.5% for random forest (96.7% early E and 92.8% late L types). Applying the support-vector machine for the sample of 316 031 galaxies from the SDSS DR9 at z &lt; 0.1 with unknown morphological types, we found 139 659 E and 176 372 L types among them.",https://doi.org/10.1051/0004-6361/202038981,2021,10.1051/0004-6361/202038981,"[""q02_classification""]","[""20260808_144344224124_live_pr31-q01_stellar-spectrum-spectral-classification-machine_n30_dae3d3""]",w4_pilot_v0.1,rank_shift
w4_rq01_003,rq01_stellar_classification,机器学习如何用于恒星光谱分类或恒星类型识别？,How is machine learning used to classify stellar spectra or identify stellar types?,q02_classification,https://openalex.org/W3113695400,Stellar chromospheric activity of 1674 FGK stars from the AMBRE-HARPS sample,"Aims. The main objective of this project is to characterise chromospheric activity of FGK stars from the HARPS archive. We start, in this first paper, by presenting a catalogue of homogeneously determined chromospheric emission (CE), stellar atmospheric parameters, and ages for 1674 FGK main sequence (MS), subgiant, and giant stars. The analysis of CE level and variability is also performed. Methods. We measured CE in the Ca II H&amp;K lines using more than 180 000 high-resolution spectra from the HARPS spectrograph, as compiled in the AMBRE project, obtained between 2003 and 2019. We converted the fluxes to bolometric and photospheric corrected chromospheric emission ratio, R HK ′ . Stellar atmospheric parameters T eff , log g , and [Fe/H] were retrieved from the literature or determined using a homogeneous method. M ⋆ , R ⋆ , and ages were determined from isochrone fitting. Results. We show that our sample has a distribution of CE for MS stars that is consistent with an unbiased sample of solar-neighbour MS stars. We analysed the CE distribution for the different luminosity classes and spectral types and confirmed the existence of the very inactive (VI) star and very active star populations at log R HK ′ &lt; −5.1 and &gt; − 4.2 dex, respectively. We found indications that the VI population is composed mainly of subgiant and giant stars and that log R HK ′ = −5.1 dex marks a transition in stellar evolution. Overall, CE variability decreases with decreasing CE level but its distribution is complex. There appears to be at least three regimes of variability for inactive, active, and very active stars, with the inactive and active regimes separated by a diagonal, extended Vaughan-Preston (VP) gap. We show that stars with low activity levels do not necessarily have low variability. In the case of K dwarfs, which show high CE variability, inactive and active stars have similar levels of activity variability. This means that activity levels alone are not enough to infer the activity variability of a star. We also explain the shape of the VP gap observed in the distribution of CE using the CE variability-level diagram. In the CE variability-level diagram, the Sun is located in the high-variability region of the inactive MS stars zone. A method to extract the probability density function of the CE variability for a given log R HK ′ level is discussed, and a python code to retrieve it is provided.",https://doi.org/10.1051/0004-6361/202039765,2020,10.1051/0004-6361/202039765,"[""q02_classification"",""q03_parameters""]","[""20260808_144344224124_live_pr31-q01_stellar-spectrum-spectral-classification-machine_n30_dae3d3"",""20260808_144349256507_live_pr31-q02_stellar-spectrum-effective-temperature-surface-g_n30_3f6cf2""]",w4_pilot_v0.1,rank_shift
w4_rq01_004,rq01_stellar_classification,机器学习如何用于恒星光谱分类或恒星类型识别？,How is machine learning used to classify stellar spectra or identify stellar types?,q02_classification,https://openalex.org/W2567715800,The Galah Survey: Classification and Diagnostics with t-SNE Reduction of Spectral Information,"Abstract Galah is an ongoing high-resolution spectroscopic survey with the goal of disentangling the formation history of the Milky Way using the fossil remnants of disrupted star formation sites that are now dispersed around the Galaxy. It is targeting a randomly selected magnitude-limited ( V ≤ 14) sample of stars, with the goal of observing one million objects. To date, 300,000 spectra have been obtained. Not all of them are correctly processed by parameter estimation pipelines, and we need to know about them. We present a semi-automated classification scheme that identifies different types of peculiar spectral morphologies in an effort to discover and flag potentially problematic spectra and thus help to preserve the integrity of the survey results. To this end, we employ the recently developed dimensionality reduction technique t-SNE ( t -distributed stochastic neighbor embedding), which enables us to represent the complex spectral morphology in a two-dimensional projection map while still preserving the properties of the local neighborhoods of spectra. We find that the majority (178,483) of the 209,533 Galah spectra considered in this study represents normal single stars, whereas 31,050 peculiar and problematic spectra with very diverse spectral features pertaining to 28,579 stars are distributed into 10 classification categories: hot stars, cool metal-poor giants, molecular absorption bands, binary stars, H α /H β emission, H α /H β emission superimposed on absorption, H α /H β P-Cygni, H α /H β inverted P-Cygni, lithium absorption, and problematic. Classified spectra with supplementary information are presented in the catalog, indicating candidates for follow-up observations and population studies of the short-lived phases of stellar evolution.",https://doi.org/10.3847/1538-4365/228/2/24,2017,10.3847/1538-4365/228/2/24,"[""q02_classification""]","[""20260808_144344224124_live_pr31-q01_stellar-spectrum-spectral-classification-machine_n30_dae3d3""]",w4_pilot_v0.1,bottom
w4_rq01_005,rq01_stellar_classification,机器学习如何用于恒星光谱分类或恒星类型识别？,How is machine learning used to classify stellar spectra or identify stellar types?,q02_classification,https://openalex.org/W2006224949,Prevalence of Earth-size planets orbiting Sun-like stars,"Determining whether Earth-like planets are common or rare looms as a touchstone in the question of life in the universe. We searched for Earth-size planets that cross in front of their host stars by examining the brightness measurements of 42,000 stars from National Aeronautics and Space Administration's Kepler mission. We found 603 planets, including 10 that are Earth size ( ) and receive comparable levels of stellar energy to that of Earth (1 - 2 R[Symbol: see text] ). We account for Kepler's imperfect detectability of such planets by injecting synthetic planet-caused dimmings into the Kepler brightness measurements and recording the fraction detected. We find that 11 ± 4% of Sun-like stars harbor an Earth-size planet receiving between one and four times the stellar intensity as Earth. We also find that the occurrence of Earth-size planets is constant with increasing orbital period (P), within equal intervals of logP up to ~200 d. Extrapolating, one finds 5.7(-2.2)(+1.7)% of Sun-like stars harbor an Earth-size planet with orbital periods of 200-400 d.",https://doi.org/10.1073/pnas.1319909110,2013,10.1073/pnas.1319909110,"[""q02_classification"",""q03_parameters""]","[""20260808_144344224124_live_pr31-q01_stellar-spectrum-spectral-classification-machine_n30_dae3d3"",""20260808_144349256507_live_pr31-q02_stellar-spectrum-effective-temperature-surface-g_n30_3f6cf2""]",w4_pilot_v0.1,bottom
w4_rq01_006,rq01_stellar_classification,机器学习如何用于恒星光谱分类或恒星类型识别？,How is machine learning used to classify stellar spectra or identify stellar types?,q02_classification,https://openalex.org/W4384201335,Machine learning in solar physics,"Abstract The application of machine learning in solar physics has the potential to greatly enhance our understanding of the complex processes that take place in the atmosphere of the Sun. By using techniques such as deep learning, we are now in the position to analyze large amounts of data from solar observations and identify patterns and trends that may not have been apparent using traditional methods. This can help us improve our understanding of explosive events like solar flares, which can have a strong effect on the Earth environment. Predicting hazardous events on Earth becomes crucial for our technological society. Machine learning can also improve our understanding of the inner workings of the sun itself by allowing us to go deeper into the data and to propose more complex models to explain them. Additionally, the use of machine learning can help to automate the analysis of solar data, reducing the need for manual labor and increasing the efficiency of research in this field.",https://doi.org/10.1007/s41116-023-00038-x,2023,10.1007/s41116-023-00038-x,"[""q02_classification"",""q04_preprocessing""]","[""20260808_144344224124_live_pr31-q01_stellar-spectrum-spectral-classification-machine_n30_dae3d3"",""20260808_144352575552_live_pr31-q03_stellar-spectrum-spectral-denoising-normalizatio_n30_e4e706""]",w4_pilot_v0.1,top
w4_rq01_007,rq01_stellar_classification,机器学习如何用于恒星光谱分类或恒星类型识别？,How is machine learning used to classify stellar spectra or identify stellar types?,q02_classification,https://openalex.org/W1663830336,<i>THE CANNON</i>: A DATA-DRIVEN APPROACH TO STELLAR LABEL DETERMINATION,"New spectroscopic surveys offer the promise of stellar parameters and abundances (""stellar labels"") for hundreds of thousands of stars; this poses a formidable spectral modeling challenge. In many cases, there is a subset of reference objects for which the stellar labels are known with high(er) fidelity. We take advantage of this with The Cannon , a new data-driven approach for determining stellar labels from spectroscopic data. The Cannon learns from the ""known"" labels of reference stars how the continuum-normalized spectra depend on these labels by fitting a flexible model at each wavelength; then, The Cannon uses this model to derive labels for the remaining survey stars. We illustrate The Cannon by training the model on only 542 stars in 19 clusters as reference objects, with , , and as the labels, and then applying it to the spectra of 55,000 stars from APOGEE DR10. The Cannon is very accurate. Its stellar labels compare well to the stars for which APOGEE pipeline ( ASPCAP ) labels are provided in DR10, with rms differences that are basically identical to the stated ASPCAP uncertainties. Beyond the reference labels, The Cannon makes no use of stellar models nor any line-list, but needs a set of reference objects that span label-space. The Cannon performs well at lower signal-to-noise, as it delivers comparably good labels even at one-ninth the APOGEE observing time. We discuss the limitations of The Cannon and its future potential, particularly, to bring different spectroscopic surveys onto a consistent scale of stellar labels.",https://doi.org/10.1088/0004-637x/808/1/16,2015,10.1088/0004-637x/808/1/16,"[""q02_classification""]","[""20260808_144344224124_live_pr31-q01_stellar-spectrum-spectral-classification-machine_n30_dae3d3""]",w4_pilot_v0.1,middle
w4_rq01_008,rq01_stellar_classification,机器学习如何用于恒星光谱分类或恒星类型识别？,How is machine learning used to classify stellar spectra or identify stellar types?,q02_classification,https://openalex.org/W2921395996,Stellar spectral classification and feature evaluation based on a random forest,"Abstract With the availability of multi-object spectrometers and the design and operation of some large scale sky surveys, the issue of how to deal with enormous quantities of spectral data efficiently and accurately is becoming more and more important. This work investigates the classification problem of stellar spectra under the assumption that there is no perfect absolute flux calibration, for example, when considering spectra from the Guo Shou Jing Telescope (the Large Sky Area Multi-Object Fiber Spectroscopic Telescope, LAMOST). The proposed scheme consists of the following two procedures: Firstly, a spectrum is normalized based on a 17th order polynomial fitting; secondly, a random forest (RF) is utilized to classify the stellar spectra. Experiments on four stellar spectral libraries show that the RF has good classification performance. This work also studied the spectral feature evaluation problem based on RF. The evaluation is helpful in understanding the results of the proposed stellar classification scheme and exploring its potential improvements in the future.",https://doi.org/10.1088/1674-4527/19/8/111,2019,10.1088/1674-4527/19/8/111,"[""q02_classification""]","[""20260808_144344224124_live_pr31-q01_stellar-spectrum-spectral-classification-machine_n30_dae3d3""]",w4_pilot_v0.1,middle
w4_rq01_009,rq01_stellar_classification,机器学习如何用于恒星光谱分类或恒星类型识别？,How is machine learning used to classify stellar spectra or identify stellar types?,q02_classification,https://openalex.org/W3043645409,The miniJPAS survey: star-galaxy classification using machine learning,"Context. Future astrophysical surveys such as J-PAS will produce very large datasets, the so-called “big data”, which will require the deployment of accurate and efficient machine-learning (ML) methods. In this work, we analyze the miniJPAS survey, which observed about ∼1 deg 2 of the AEGIS field with 56 narrow-band filters and 4 u g r i broad-band filters. The miniJPAS primary catalog contains approximately 64 000 objects in the r detection band (mag A B ≲ 24), with forced-photometry in all other filters. Aims. We discuss the classification of miniJPAS sources into extended (galaxies) and point-like (e.g., stars) objects, which is a step required for the subsequent scientific analyses. We aim at developing an ML classifier that is complementary to traditional tools that are based on explicit modeling. In particular, our goal is to release a value-added catalog with our best classification. Methods. In order to train and test our classifiers, we cross-matched the miniJPAS dataset with SDSS and HSC-SSP data, whose classification is trustworthy within the intervals 15 ≤ r ≤ 20 and 18.5 ≤ r ≤ 23.5, respectively. We trained and tested six different ML algorithms on the two cross-matched catalogs: K-nearest neighbors, decision trees, random forest (RF), artificial neural networks, extremely randomized trees (ERT), and an ensemble classifier. This last is a hybrid algorithm that combines artificial neural networks and RF with the J-PAS stellar and galactic loci classifier. As input for the ML algorithms we used the magnitudes from the 60 filters together with their errors, with and without the morphological parameters. We also used the mean point spread function in the r detection band for each pointing. Results. We find that the RF and ERT algorithms perform best in all scenarios. When the full magnitude range of 15 ≤ r ≤ 23.5 is analyzed, we find an area under the curve AUC = 0.957 with RF when photometric information alone is used, and AUC = 0.986 with ERT when photometric and morphological information is used together. When morphological parameters are used, the full width at half maximum is the most important feature. When photometric information is used alone, we observe that broad bands are not necessarily more important than narrow bands, and errors (the width of the distribution) are as important as the measurements (central value of the distribution). In other words, it is apparently important to fully characterize the measurement. Conclusions. ML algorithms can compete with traditional star and galaxy classifiers; they outperform the latter at fainter magnitudes ( r ≳ 21). We use our best classifiers, with and without morphology, in order to produce a value-added catalog.",https://doi.org/10.1051/0004-6361/202038986,2020,10.1051/0004-6361/202038986,"[""q02_classification""]","[""20260808_144344224124_live_pr31-q01_stellar-spectrum-spectral-classification-machine_n30_dae3d3""]",w4_pilot_v0.1,middle
w4_rq01_010,rq01_stellar_classification,机器学习如何用于恒星光谱分类或恒星类型识别？,How is machine learning used to classify stellar spectra or identify stellar types?,q02_classification,https://openalex.org/W3121170300,ROOSTER: a machine-learning analysis tool for <i>Kepler</i> stellar rotation periods,"In order to understand stellar evolution, it is crucial to efficiently determine stellar surface rotation periods. Indeed, while they are of great importance in stellar models, angular momentum transport processes inside stars are still poorly understood today. Surface rotation, which is linked to the age of the star, is one of the constraints needed to improve the way those processes are modelled. Statistics of the surface rotation periods for a large sample of stars of different spectral types are thus necessary. An efficient tool to automatically determine reliable rotation periods is needed when dealing with large samples of stellar photometric datasets. The objective of this work is to develop such a tool. For this purpose, machine learning classifiers constitute relevant bases to build our new methodology. Random forest learning abilities are exploited to automate the extraction of rotation periods in Kepler light curves. Rotation periods and complementary parameters are obtained via three different methods: a wavelet analysis, the autocorrelation function of the light curve, and the composite spectrum. We trained three different classifiers: one to detect if rotational modulations are present in the light curve, one to flag close binary or classical pulsators candidates that can bias our rotation period determination, and finally one classifier to provide the final rotation period. We tested our machine learning pipeline on 23 431 stars of the Kepler K and M dwarf reference rotation catalogue for which 60% of the stars have been visually inspected. For the sample of 21 707 stars where all the input parameters are provided to the algorithm, 94.2% of them are correctly classified (as rotating or not). Among the stars that have a rotation period in the reference catalogue, the machine learning provides a period that agrees within 10% of the reference value for 95.3% of the stars. Moreover, the yield of correct rotation periods is raised to 99.5% after visually inspecting 25.2% of the stars. Over the two main analysis steps, rotation classification and period selection, the pipeline yields a global agreement with the reference values of 92.1% and 96.9% before and after visual inspection. Random forest classifiers are efficient tools to determine reliable rotation periods in large samples of stars. The methodology presented here could be easily adapted to extract surface rotation periods for stars with different spectral types or observed by other instruments such as K2, TESS or by PLATO in the near future.",https://doi.org/10.1051/0004-6361/202039947,2021,10.1051/0004-6361/202039947,"[""q02_classification""]","[""20260808_144344224124_live_pr31-q01_stellar-spectrum-spectral-classification-machine_n30_dae3d3""]",w4_pilot_v0.1,middle
w4_rq01_011,rq01_stellar_classification,机器学习如何用于恒星光谱分类或恒星类型识别？,How is machine learning used to classify stellar spectra or identify stellar types?,q02_classification,https://openalex.org/W2777402735,Carbon Stars Identified from LAMOST DR4 Using Machine Learning,"Abstract In this work, we present a catalog of 2651 carbon stars from the fourth Data Release (DR4) of the Large Sky Area Multi-Object Fiber Spectroscopy Telescope (LAMOST). Using an efficient machine-learning algorithm, we find these stars from more than 7 million spectra. As a by-product, 17 carbon-enhanced metal-poor turnoff star candidates are also reported in this paper, and they are preliminarily identified by their atmospheric parameters. Except for 176 stars that could not be given spectral types, we classify the other 2475 carbon stars into five subtypes: 864 C-H, 226 C-R, 400 C-J, 266 C-N, and 719 barium stars based on a series of spectral features. Furthermore, we divide the C-J stars into three subtypes, C-J(H), C-J(R), and C-J(N), and about 90% of them are cool N-type stars as expected from previous literature. Besides spectroscopic classification, we also match these carbon stars to multiple broadband photometries. Using ultraviolet photometry data, we find that 25 carbon stars have FUV detections and that they are likely to be in binary systems with compact white dwarf companions.",https://doi.org/10.3847/1538-4365/aaa415,2018,10.3847/1538-4365/aaa415,"[""q02_classification"",""q03_parameters""]","[""20260808_144344224124_live_pr31-q01_stellar-spectrum-spectral-classification-machine_n30_dae3d3"",""20260808_144349256507_live_pr31-q02_stellar-spectrum-effective-temperature-surface-g_n30_3f6cf2""]",w4_pilot_v0.1,rank_shift
w4_rq01_012,rq01_stellar_classification,机器学习如何用于恒星光谱分类或恒星类型识别？,How is machine learning used to classify stellar spectra or identify stellar types?,q02_classification,https://openalex.org/W2406349003,A survey of machine learning for big data processing,"There is no doubt that big data are now rapidly expanding in all science and engineering domains. While the potential of these massive data is undoubtedly significant, fully making sense of them requires new ways of thinking and novel learning techniques to address the various challenges. In this paper, we present a literature survey of the latest advances in researches on machine learning for big data processing. First, we review the machine learning techniques and highlight some promising learning methods in recent studies, such as representation learning, deep learning, distributed and parallel learning, transfer learning, active learning, and kernel-based learning. Next, we focus on the analysis and discussions about the challenges and possible solutions of machine learning for big data. Following that, we investigate the close connections of machine learning with signal processing techniques for big data processing. Finally, we outline several open issues and research trends.",https://doi.org/10.1186/s13634-016-0355-x,2016,10.1186/s13634-016-0355-x,"[""q02_classification""]","[""20260808_144344224124_live_pr31-q01_stellar-spectrum-spectral-classification-machine_n30_dae3d3""]",w4_pilot_v0.1,top
w4_rq01_013,rq01_stellar_classification,机器学习如何用于恒星光谱分类或恒星类型识别？,How is machine learning used to classify stellar spectra or identify stellar types?,q02_classification,https://openalex.org/W2127375519,A MACHINE-LEARNING METHOD TO INFER FUNDAMENTAL STELLAR PARAMETERS FROM PHOTOMETRIC LIGHT CURVES,"A fundamental challenge for wide-field imaging surveys is obtaining follow-up spectroscopic observations: there are >10 9 photometrically cataloged sources, yet modern spectroscopic surveys are limited to ∼few × 10 6 targets. As we approach the Large Synoptic Survey Telescope era, new algorithmic solutions are required to cope with the data deluge. Here we report the development of a machine-learning framework capable of inferring fundamental stellar parameters ( T eff , log g , and [Fe/H]) using photometric-brightness variations and color alone. A training set is constructed from a systematic spectroscopic survey of variables with Hectospec/Multi-Mirror Telescope. In sum, the training set includes ∼9000 spectra, for which stellar parameters are measured using the SEGUE Stellar Parameters Pipeline (SSPP). We employed the random forest algorithm to perform a non-parametric regression that predicts T eff , log g , and [Fe/H] from photometric time-domain observations. Our final optimized model produces a cross-validated rms error (RMSE) of 165 K, 0.39 dex, and 0.33 dex for T eff , log g , and [Fe/H], respectively. Examining the subset of sources for which the SSPP measurements are most reliable, the RMSE reduces to 125 K, 0.37 dex, and 0.27 dex, respectively, comparable to what is achievable via low-resolution spectroscopy. For variable stars this represents a ≈12%–20% improvement in RMSE relative to models trained with single-epoch photometric colors. As an application of our method, we estimate stellar parameters for ∼54,000 known variables. We argue that this method may convert photometric time-domain surveys into pseudo-spectrographic engines, enabling the construction of extremely detailed maps of the Milky Way, its structure, and history.",https://doi.org/10.1088/0004-637x/798/2/122,2015,10.1088/0004-637x/798/2/122,"[""q02_classification""]","[""20260808_144344224124_live_pr31-q01_stellar-spectrum-spectral-classification-machine_n30_dae3d3""]",w4_pilot_v0.1,bottom
w4_rq01_014,rq01_stellar_classification,机器学习如何用于恒星光谱分类或恒星类型识别？,How is machine learning used to classify stellar spectra or identify stellar types?,q02_classification,https://openalex.org/W3155899199,Machine Learning Based Automatic Modulation Recognition for Wireless Communications: A Comprehensive Survey,"The rapid development of information and wireless communication technologies together with the large increase in the number of end-users have made the radio spectrum more crowded than ever. Besides, providing a stable and reliable service is challenging, as electromagnetic environments are evolving and becoming more sophisticated. Accordingly, there is an urgent need for more reliable and intelligent communication systems that can improve the spectrum efficiency and the quality of service to provide agile management of network resources, so as to better meet the needs of future wireless users. Specifically, Automatic Modulation Recognition (AMR) plays an essential role in most intelligent communication systems especially with the emergence of Software Defined Radio (SDR). AMR is an indispensable task while performing spectrum sensing in Cognitive Radio (CR). Thanks to the significant advancements in Deep Learning (DL) applications, new and powerful tools have been provided which can tackle problems in this space. Thus, today, integrating DL models into AMR has gained the attention of many researchers. This work aims to provide a comprehensive state-of-the-art review of the most recent Machine Learning (ML) based AMR methods for Single-Input Single-Output (SISO) and Multiple-Input Multiple-Output (MIMO) systems. Furthermore, the architecture of each model will be identified along with a detailed comparison in terms of specifications and performance. Finally, an outline of the open problems, challenges, and potential research directions is provided along with discussion and conclusion.",https://doi.org/10.1109/access.2021.3071801,2021,10.1109/access.2021.3071801,"[""q02_classification"",""q04_preprocessing""]","[""20260808_144344224124_live_pr31-q01_stellar-spectrum-spectral-classification-machine_n30_dae3d3"",""20260808_144352575552_live_pr31-q03_stellar-spectrum-spectral-denoising-normalizatio_n30_e4e706""]",w4_pilot_v0.1,rank_shift
w4_rq01_015,rq01_stellar_classification,机器学习如何用于恒星光谱分类或恒星类型识别？,How is machine learning used to classify stellar spectra or identify stellar types?,q02_classification,https://openalex.org/W2899864468,Machine Learning Applied to Star–Galaxy–QSO Classification and Stellar Effective Temperature Regression,"Abstract In modern astrophysics, machine learning has increasingly gained popularity with its incredibly powerful ability to make predictions or calculated suggestions for large amounts of data. We describe an application of the supervised machine-learning algorithm, random forests (RF), to the star/galaxy/QSO classification and the stellar effective temperature regression based on the combination of Large Sky Area Multi-Object Fiber Spectroscopic Telescope and Sloan Digital Sky Survey spectroscopic data. This combination enables us to obtain reliable predictions with one of the largest training samples ever used. The training samples are built with a nine-color data set of about three million objects for the classification and a seven-color data set of over one million stars for the regression. The performance of the classification and regression is examined with validation and blind tests on the objects in the RAdial Velocity Extension, 6dFGS, UV-bright Quasar Survey and Apache Point Observatory Galactic Evolution Experiment surveys. We demonstrate that RF is an effective algorithm, with classification accuracies higher than 99% for stars and galaxies, and higher than 94% for QSOs. These accuracies are higher than machine-learning results in former studies. The total standard deviations of the regression are smaller than 200 K, which is similar to those of some spectrum-based methods. The machine-learning algorithm with the broad-band photometry provides us with a more efficient approach for dealing with massive amounts of astrophysical data than do traditional color cuts and spectral energy distribution fits.",https://doi.org/10.3847/1538-3881/aaf009,2018,10.3847/1538-3881/aaf009,"[""q02_classification""]","[""20260808_144344224124_live_pr31-q01_stellar-spectrum-spectral-classification-machine_n30_dae3d3""]",w4_pilot_v0.1,middle
w4_rq01_016,rq01_stellar_classification,机器学习如何用于恒星光谱分类或恒星类型识别？,How is machine learning used to classify stellar spectra or identify stellar types?,q02_classification,https://openalex.org/W4312712330,Experimental Analysis of Stellar Classification by using Different Machine Learning Algorithms,"In advanced Astrophysics, Machine Learning has progressively attained popularity with its astounding powerful potential to analyze large amounts of data and make accurate predictions. The categorization of stars is based on their spectral features, known as stellar classification. The star's electromagnetic energy is studied by dividing it using a diffraction or prism grating into a spectrum that has a rainbow of colours intermingled with spectral lines that are used for classification. The use of space-based imaging surveys necessitates a considerable deal of information on the spectral types of stars. This research presents the techniques for classifying stellar features into a Galaxy and a Star using various Machine Learning Algorithms on a dataset consisting of 100,000 observations. Techniques like K-Nearest Neighbours (KNN), Support Vector Classifier (SVC), Random Forest (RF), Logistic Regression (LR), Decision Tree (DT), and Naïve Bayes (NB) are used to train the model. Ultimately, a relative examination is done based on investigational outcomes from distinct models. This experiment demonstrates that the Support Vector Classifier (SVC) provides the highest accuracy, whereas the Decision tree (DT) provides the lowest. Finally, the potential for additional research in this area is highlighted.",https://doi.org/10.1109/i4tech55392.2022.9952964,2022,10.1109/i4tech55392.2022.9952964,"[""q02_classification""]","[""20260808_144344224124_live_pr31-q01_stellar-spectrum-spectral-classification-machine_n30_dae3d3""]",w4_pilot_v0.1,top
w4_rq01_017,rq01_stellar_classification,机器学习如何用于恒星光谱分类或恒星类型识别？,How is machine learning used to classify stellar spectra or identify stellar types?,q02_classification,https://openalex.org/W2078829410,Classification of Spectra of Emission Line Stars Using Machine Learning Techniques,,https://doi.org/10.1007/s11633-014-0789-2,2014,10.1007/s11633-014-0789-2,"[""q02_classification""]","[""20260808_144344224124_live_pr31-q01_stellar-spectrum-spectral-classification-machine_n30_dae3d3""]",w4_pilot_v0.1,bottom
w4_rq01_018,rq01_stellar_classification,机器学习如何用于恒星光谱分类或恒星类型识别？,How is machine learning used to classify stellar spectra or identify stellar types?,q02_classification,https://openalex.org/W4306248068,"Machine learning in electron microscopy for advanced nanocharacterization: current developments, available tools and future outlook",", high-energy physics, astronomy, Earth sciences, and even robotics, videogames, or marketing and finances), in order to narrow down the incoming future of electron microscopy, its challenges and outlook.",https://doi.org/10.1039/d2nh00377e,2022,10.1039/d2nh00377e,"[""q02_classification""]","[""20260808_144344224124_live_pr31-q01_stellar-spectrum-spectral-classification-machine_n30_dae3d3""]",w4_pilot_v0.1,bottom
w4_rq01_019,rq01_stellar_classification,机器学习如何用于恒星光谱分类或恒星类型识别？,How is machine learning used to classify stellar spectra or identify stellar types?,q02_classification,https://openalex.org/W2375984290,Stellar classification from single-band imaging using machine learning,"Information on the spectral types of stars is of great interest in view of the exploitation of space-based imaging surveys. In this article, we investigate the classification of stars into spectral types using only the shape of their diffraction pattern in a single broad-band image. We propose a supervised machine learning approach to this endeavour, based on principal component analysis (PCA) for dimensionality reduction, followed by artificial neural networks (ANNs) estimating the spectral type. Our analysis is performed with image simulations mimicking the Hubble Space Telescope (HST) Advanced Camera for Surveys (ACS) in the F606W and F814W bands, as well as the Euclid VIS imager. We first demonstrate this classification in a simple context, assuming perfect knowledge of the point spread function (PSF) model and the possibility of accurately generating mock training data for the machine learning. We then analyse its performance in a fully data-driven situation, in which the training would be performed with a limited subset of bright stars from a survey, and an unknown PSF with spatial variations across the detector. We use simulations of main-sequence stars with flat distributions in spectral type and in signal-to-noise ratio, and classify these stars into 13 spectral subclasses, from O5 to M5. Under these conditions, the algorithm achieves a high success rate both for Euclid and HST images, with typical errors of half a spectral class. Although more detailed simulations would be needed to assess the performance of the algorithm on a specific survey, this shows that stellar classification from single-band images is well possible.",https://doi.org/10.1051/0004-6361/201628660,2016,10.1051/0004-6361/201628660,"[""q02_classification""]","[""20260808_144344224124_live_pr31-q01_stellar-spectrum-spectral-classification-machine_n30_dae3d3""]",w4_pilot_v0.1,top
w4_rq01_020,rq01_stellar_classification,机器学习如何用于恒星光谱分类或恒星类型识别？,How is machine learning used to classify stellar spectra or identify stellar types?,q02_classification,https://openalex.org/W2611629499,X-rays across the galaxy population – II. The distribution of AGN accretion rates as a function of stellar mass and redshift,"We use deep Chandra X-ray imaging to measure the distribution of specific black hole accretion rates (LX relative to the stellar mass of the galaxy) and thus trace active galactic nucleus (AGN) activity within star-forming and quiescent galaxies, as a function of stellar mass (from 108.5 to 1011.5 M⊙) and redshift (to z ∼ 4). We adopt near-infrared-selected samples of galaxies from the CANDELS and UltraVISTA surveys, extract X-ray data for every galaxy, and use a flexible Bayesian method to combine these data and to measure the probability distribution function of specific black hole accretion rates, λsBHAR. We identify a broad distribution of λsBHAR in both star-forming and quiescent galaxies – likely reflecting the stochastic nature of AGN fuelling – with a roughly power-law shape that rises towards lower λsBHAR, a steep cut-off at λsBHAR ≳ 0.1–1 (in Eddington equivalent units), and a turnover or flattening at |$\lambda _\mathrm{sBHAR} \lesssim 10^{-3}\hbox{ {to} }10^{-2}$|⁠. We find that the probability of a star-forming galaxy hosting a moderate λsBHAR AGN depends on stellar mass and evolves with redshift, shifting towards higher λsBHAR at higher redshifts. This evolution is truncated at a point corresponding to the Eddington limit, indicating black holes may self-regulate their growth at high redshifts when copious gas is available. The probability of a quiescent galaxy hosting an AGN is generally lower than that of a star-forming galaxy, shows signs of suppression at the highest stellar masses and evolves strongly with redshift. The AGN duty cycle in high-redshift (z ≳ 2) quiescent galaxies thus reaches ∼20 per cent, comparable to the duty cycle in star-forming galaxies of equivalent stellar mass and redshift.",https://doi.org/10.1093/mnras/stx2700,2017,10.1093/mnras/stx2700,"[""q02_classification""]","[""20260808_144344224124_live_pr31-q01_stellar-spectrum-spectral-classification-machine_n30_dae3d3""]",w4_pilot_v0.1,rank_shift
w4_rq02_001,rq02_stellar_parameters,机器学习如何从恒星光谱估计有效温度、表面重力、金属丰度等恒星物理或大气参数？,"How is machine learning used to estimate stellar physical or atmospheric parameters, including effective temperature, surface gravity, and metallicity, from stellar spectra?",q03_parameters,https://openalex.org/W1653774948,Nucleosynthesis in Stellar Explosions,,https://doi.org/10.1007/978-94-009-6348-1_22,1984,10.1007/978-94-009-6348-1_22,"[""q03_parameters""]","[""20260808_144349256507_live_pr31-q02_stellar-spectrum-effective-temperature-surface-g_n30_3f6cf2""]",w4_pilot_v0.1,bottom
w4_rq02_002,rq02_stellar_parameters,机器学习如何从恒星光谱估计有效温度、表面重力、金属丰度等恒星物理或大气参数？,"How is machine learning used to estimate stellar physical or atmospheric parameters, including effective temperature, surface gravity, and metallicity, from stellar spectra?",q03_parameters,https://openalex.org/W3106471209,Dissecting stellar chemical abundance space with t-SNE,"In the era of large-scale Galactic astronomy and multi-object spectroscopic stellar surveys, the sample sizes and the number of available stellar chemical abundances have reached dimensions in which it has become difficult to process all the available information in an effective manner. In this paper we demonstrate the use of a dimensionality-reduction technique (t-distributed stochastic neighbour embedding; t-SNE) for analysing the stellar abundance-space distribution. While the non-parametric non-linear behaviour of this technique makes it difficult to estimate the significance of any abundance-space substructure found, we show that our results depend little on parameter choices and are robust to abundance errors. By reanalysing the high-resolution high-signal-to-noise solar-neighbourhood HARPS-GTO sample with t-SNE, we find clearer chemical separations of the high- and low-[α/Fe] disc sequences, hints for multiple populations in the high-[α/Fe] population, and indications that the chemical evolution of the high-[α/Fe] metal-rich stars is connected with the super-metal-rich stars. We also identify a number of chemically peculiar stars, among them a high-confidence s-process-enhanced abundance-ratio pair (HD 91345/HD 126681) with very similar ages and v X and v Y velocities, which we suggest have a common birth origin, possibly a dwarf galaxy. Our results demonstrate the potential of abundance-space t-SNE and similar methods for chemical-tagging studies with large spectroscopic surveys.",http://hdl.handle.net/10183/204135,2018,10.1051/0004-6361/201833099/pdf,"[""q03_parameters""]","[""20260808_144349256507_live_pr31-q02_stellar-spectrum-effective-temperature-surface-g_n30_3f6cf2""]",w4_pilot_v0.1,bottom
w4_rq02_003,rq02_stellar_parameters,机器学习如何从恒星光谱估计有效温度、表面重力、金属丰度等恒星物理或大气参数？,"How is machine learning used to estimate stellar physical or atmospheric parameters, including effective temperature, surface gravity, and metallicity, from stellar spectra?",q03_parameters,https://openalex.org/W2594445930,"An Empirical Template Library of Stellar Spectra for a Wide Range of Spectral Classes, Luminosity Classes, and Metallicities Using SDSS BOSS Spectra","Abstract We present a library of empirical stellar spectra created using spectra from the Sloan Digital Sky Survey’s Baryon Oscillation Spectroscopic Survey. The templates cover spectral types O5 through L3, are binned by metallicity from −2.0 dex through +1.0 dex, and are separated into main-sequence (dwarf) stars and giant stars. With recently developed M dwarf metallicity indicators, we are able to extend the metallicity bins down through the spectral subtype M8, making this the first empirical library with this degree of temperature and metallicity coverage. The wavelength coverage for the templates is from 3650 to 10200 Å at a resolution of better than R ∼ 2000. Using the templates, we identify trends in color space with metallicity and surface gravity, which will be useful for analyzing large data sets from upcoming missions like the Large Synoptic Survey Telescope. Along with the templates, we are releasing a code for automatically (and/or visually) identifying the spectral type and metallicity of a star.",https://doi.org/10.3847/1538-4365/aa656d,2017,10.3847/1538-4365/aa656d,"[""q02_classification"",""q03_parameters""]","[""20260808_144344224124_live_pr31-q01_stellar-spectrum-spectral-classification-machine_n30_dae3d3"",""20260808_144349256507_live_pr31-q02_stellar-spectrum-effective-temperature-surface-g_n30_3f6cf2""]",w4_pilot_v0.1,top
w4_rq02_004,rq02_stellar_parameters,机器学习如何从恒星光谱估计有效温度、表面重力、金属丰度等恒星物理或大气参数？,"How is machine learning used to estimate stellar physical or atmospheric parameters, including effective temperature, surface gravity, and metallicity, from stellar spectra?",q03_parameters,https://openalex.org/W2211251945,Stellar parametrization from<i>Gaia</i>RVS spectra,"Context. Among the myriad of data collected by the ESA Gaia satellite, about 150 million spectra will be delivered by the Radial Velocity Spectrometer (RVS) for stars as faint as GRVS~ 16. A specific stellar parametrization will be performed on most of these RVS spectra, i.e. those with enough high signal-to-noise ratio (S/N), which should correspond to single stars that have a magnitude in the RVS band brighter than ~14.5. Some individual chemical abundances will also be estimated for the brightest targets.",https://doi.org/10.1051/0004-6361/201425030,2015,10.1051/0004-6361/201425030,"[""q03_parameters""]","[""20260808_144349256507_live_pr31-q02_stellar-spectrum-effective-temperature-surface-g_n30_3f6cf2""]",w4_pilot_v0.1,rank_shift
w4_rq02_005,rq02_stellar_parameters,机器学习如何从恒星光谱估计有效温度、表面重力、金属丰度等恒星物理或大气参数？,"How is machine learning used to estimate stellar physical or atmospheric parameters, including effective temperature, surface gravity, and metallicity, from stellar spectra?",q03_parameters,https://openalex.org/W3107253413,Investigating the young AU Mic system with SPIRou: large-scale stellar magnetic field and close-in planet mass,"ABSTRACT We present a velocimetric and spectropolarimetric analysis of 27 observations of the 22-Myr M1 star AU Microscopii (AU Mic) collected with the high-resolution YJHK (0.98–2.35 μm) spectropolarimeter SPIRou from 2019 September 18 to November 14. Our radial velocity (RV) time-series exhibits activity-induced fluctuations of 45 m s−1 rms, ∼3 times smaller than those measured in the optical domain, that we filter using Gaussian Process Regression. We report a 3.9σ detection of the recently discovered 8.46 -d transiting planet AU Mic b, with an estimated mass of 17.1$^{+4.7}_{-4.5}$ M⊕ and a bulk density of 1.3 ± 0.4 g cm−3, inducing an RV signature of semi-amplitude K = 8.5$^{+2.3}_{-2.2}$ m s−1 in the spectrum of its host star. A consistent detection is independently obtained when we simultaneously image stellar surface inhomogeneities and estimate the planet parameters with Zeeman–Doppler imaging (ZDI). Using ZDI, we invert the time-series of unpolarized and circularly polarized spectra into surface brightness and large-scale magnetic maps. We find a mainly poloidal and axisymmetric field of 475 G, featuring, in particular, a dipole of 450 G tilted at 19° to the rotation axis. Moreover, we detect a strong differential rotation of dΩ = 0.167 ± 0.009 rad d−1 shearing the large-scale field, about twice stronger than that shearing the brightness distribution, suggesting that both observables probe different layers of the convective zone. Even though we caution that more RV measurements are needed to accurately pin down the planet mass, AU Mic b already appears as a prime target for constraining planet formation models, studying the interactions with the surrounding debris disc, and characterizing its atmosphere with upcoming space- and ground-based missions.",https://doi.org/10.1093/mnras/staa3702,2020,10.1093/mnras/staa3702,"[""q03_parameters""]","[""20260808_144349256507_live_pr31-q02_stellar-spectrum-effective-temperature-surface-g_n30_3f6cf2""]",w4_pilot_v0.1,rank_shift
w4_rq02_006,rq02_stellar_parameters,机器学习如何从恒星光谱估计有效温度、表面重力、金属丰度等恒星物理或大气参数？,"How is machine learning used to estimate stellar physical or atmospheric parameters, including effective temperature, surface gravity, and metallicity, from stellar spectra?",q03_parameters,https://openalex.org/W2043055070,A PCA approach to stellar effective temperatures,"Context. The derivation of the effective temperature of a star is a critical first step in a detailed spectroscopic analysis. Spectroscopic methods suffer from systematic errors related to model simplifications. Photometric methods may be more robust, but are exposed to the distortions caused by interstellar reddening. Direct methods are difficult to apply, since fundamental data of high accuracy are hard to obtain.",https://doi.org/10.1051/0004-6361/201220961,2013,10.1051/0004-6361/201220961,"[""q03_parameters""]","[""20260808_144349256507_live_pr31-q02_stellar-spectrum-effective-temperature-surface-g_n30_3f6cf2""]",w4_pilot_v0.1,rank_shift
w4_rq02_007,rq02_stellar_parameters,机器学习如何从恒星光谱估计有效温度、表面重力、金属丰度等恒星物理或大气参数？,"How is machine learning used to estimate stellar physical or atmospheric parameters, including effective temperature, surface gravity, and metallicity, from stellar spectra?",q03_parameters,https://openalex.org/W2797439311,Binary Companions of Evolved Stars in APOGEE DR14: Search Method and Catalog of ∼5000 Companions,"Abstract Multi-epoch radial velocity measurements of stars can be used to identify stellar, substellar, and planetary-mass companions. Even a small number of observation epochs can be informative about companions, though there can be multiple qualitatively different orbital solutions that fit the data. We have custom-built a Monte Carlo sampler ( The Joker ) that delivers reliable (and often highly multimodal) posterior samplings for companion orbital parameters given sparse radial velocity data. Here we use The Joker to perform a search for companions to 96,231 red giant stars observed in the APOGEE survey (DR14) with ≥3 spectroscopic epochs. We select stars with probable companions by making a cut on our posterior belief about the amplitude of the variation in stellar radial velocity induced by the orbit. We provide (1) a catalog of 320 companions for which the stellar companion’s properties can be confidently determined, (2) a catalog of 4898 stars that likely have companions, but would require more observations to uniquely determine the orbital properties, and (3) posterior samplings for the full orbital parameters for all stars in the parent sample. We show the characteristics of systems with confidently determined companion properties and highlight interesting systems with candidate compact object companions.",https://doi.org/10.3847/1538-3881/aac387,2018,10.3847/1538-3881/aac387,"[""q03_parameters""]","[""20260808_144349256507_live_pr31-q02_stellar-spectrum-effective-temperature-surface-g_n30_3f6cf2""]",w4_pilot_v0.1,middle
w4_rq02_008,rq02_stellar_parameters,机器学习如何从恒星光谱估计有效温度、表面重力、金属丰度等恒星物理或大气参数？,"How is machine learning used to estimate stellar physical or atmospheric parameters, including effective temperature, surface gravity, and metallicity, from stellar spectra?",q03_parameters,https://openalex.org/W2032231736,Estimation of stellar atmospheric parameters from SDSS/SEGUE spectra,"We present techniques for the estimation of stellar atmospheric parameters (Teff, , [Fe/H]) for stars from the SDSS/SEGUE survey. The atmospheric parameters are derived from the observed medium-resolution () stellar spectra using non-linear regression models trained either on (1) pre-classified observed data or (2) synthetic stellar spectra. In the first case we use our models to automate and generalize parametrization produced by a preliminary version of the SDSS/SEGUE Spectroscopic Parameter Pipeline (SSPP). In the second case we directly model the mapping between synthetic spectra (derived from Kurucz model atmospheres) and the atmospheric parameters, independently of any intermediate estimates. After training, we apply our models to various samples of SDSS spectra to derive atmospheric parameters, and compare our results with those obtained previously by the SSPP for the same samples. We obtain consistency between the two approaches, with RMS deviations on the order of 150 K in Teff, 0.35 dex in , and 0.22 dex in [Fe/H]. The models are applied to pre-processed spectra, either via Principal Component Analysis (PCA) or a Wavelength Range Selection (WRS) method, which employs a subset of the full 3850–9000 Åspectral range. This is both for computational reasons (robustness and speed), and because it delivers higher accuracy (better generalization of what the models have learned). Broadly speaking, the PCA is demonstrated to deliver more accurate atmospheric parameters when the training data are the actual SDSS spectra with previously estimated parameters, whereas WRS appears superior for the estimation of via synthetic templates, especially for lower signal-to-noise spectra. From a subsample of some 19 000 stars with previous determinations of the atmospheric parameters, the accuracies of our predictions (mean absolute errors) for each parameter are Teff to 170/170 K, to 0.36/0.45 dex, and [Fe/H] to 0.19/0.26 dex, for methods (1) and (2), respectively. We measure the intrinsic errors of our models by training on synthetic spectra and evaluating their performance on an independent set of synthetic spectra. This yields RMS accuracies of 50 K, 0.02 dex, and 0.03 dex on Teff, , and [Fe/H], respectively. Our approach can be readily deployed in an automated analysis pipeline, and can easily be retrained as improved stellar models and synthetic spectra become available. We nonetheless emphasise that this approach relies on an accurate calibration and pre-processing of the data (to minimize mismatch between the real and synthetic data), as well as sensible choices concerning feature selection. From an analysis of cluster candidates with available SDSS spectroscopy (M 15, M 13, M 2, and NGC 2420), and assuming the age, metallicity, and distances given in the literature are correct, we find evidence for small systematic offsets in Teff and/or for the parameter estimates from the model trained on real data with the SSPP. Thus, this model turns out to derive more precise, but less accurate, atmospheric parameters than the model trained on synthetic data.",https://doi.org/10.1051/0004-6361:20077334,2007,10.1051/0004-6361:20077334,"[""q03_parameters""]","[""20260808_144349256507_live_pr31-q02_stellar-spectrum-effective-temperature-surface-g_n30_3f6cf2""]",w4_pilot_v0.1,top
w4_rq02_009,rq02_stellar_parameters,机器学习如何从恒星光谱估计有效温度、表面重力、金属丰度等恒星物理或大气参数？,"How is machine learning used to estimate stellar physical or atmospheric parameters, including effective temperature, surface gravity, and metallicity, from stellar spectra?",q03_parameters,https://openalex.org/W2900811782,Accuracy and Precision of Industrial Stellar Abundances,"There has been an incredibly large investment in obtaining high-resolution stellar spectra for determining chemical abundances of stars. This information is crucial to answer fundamental questions in astronomy by constraining the formation and evolution scenarios of the Milky Way as well as the stars and planets residing in it. We have just entered a new era, in which chemical abundances of FGK-type stars are being produced at industrial scales, and in which the observations, reduction, and analysis of the data are automatically performed by machines. Here, we review the latest human efforts to assess the accuracy and precision of such industrial abundances by providing insights into the steps and uncertainties associated with the process of determining stellar abundances. We also provide a description of current and forthcoming spectroscopic surveys, focusing on their reported abundances and uncertainties. This allows us to identify which elements and spectral lines are best and why. Finally, we make a brief selection of main scientific questions the community is aiming to answer with abundances. ▪ Uncertainties in abundances need to be disentangled into random and systematic components. ▪ Precision can be increased by applying differential or data-driven methods based on accurate data. ▪ High-resolution and signal-to-noise spectra provide fundamental data that can be used to calibrate lower-resolution and signal-to-noise spectra of millions of stars. ▪ Different survey calibration strategies must agree on a common set of reference stars to create data products that are consistent. ▪ Data products provided by individual groups must be published using standard formats to ensure straightforward applicability.",https://doi.org/10.1146/annurev-astro-091918-104509,2019,10.1146/annurev-astro-091918-104509,"[""q03_parameters""]","[""20260808_144349256507_live_pr31-q02_stellar-spectrum-effective-temperature-surface-g_n30_3f6cf2""]",w4_pilot_v0.1,middle
w4_rq02_010,rq02_stellar_parameters,机器学习如何从恒星光谱估计有效温度、表面重力、金属丰度等恒星物理或大气参数？,"How is machine learning used to estimate stellar physical or atmospheric parameters, including effective temperature, surface gravity, and metallicity, from stellar spectra?",q03_parameters,https://openalex.org/W2072609734,A Gemini ground-based transmission spectrum of WASP-29b: a featureless spectrum from 515 to 720 nm,"We report Gemini-South Gemini Multi-Object Spectrograph observations of the exoplanet system WASP-29 during primary transit as a test case for differential spectrophotometry. We use the multi-object spectrograph to observe the target star and a comparison star simultaneously to produce multiple light curves at varying wavelengths. The ‘white’ light curve and 15 ‘spectral’ light curves are analysed to refine the system parameters and produce a transmission spectrum from ∼515 to 720 nm. All light curves exhibit time-correlated noise, which we model using a variety of techniques. These include a simple noise rescaling, a Gaussian process model and a wavelet-based method. These methods all produce consistent results, although with different uncertainties. The precision of the transmission spectrum is improved by subtracting a common signal from all the spectral light curves, reaching a typical precision of ∼1 × 10−4 in transit depth. The transmission spectrum is free of spectral features, and given the non-detection of a pressure broadened Na feature, we can rule out the presence of a Na-rich atmosphere free of clouds or hazes, although we cannot rule out a narrow Na core. This indicates that Na is not present in the atmosphere, and/or that clouds/hazes play a significant role in the atmosphere and mask the broad wings of the Na feature, although the former is a more likely explanation given WASP-29b’s equilibrium temperature of ∼970 K, at which Na can form various compounds. We also briefly discuss the use of Gaussian process and wavelet methods to account for time-correlated noise in transit light curves.",https://doi.org/10.1093/mnras/sts307,2012,10.1093/mnras/sts307,"[""q03_parameters""]","[""20260808_144349256507_live_pr31-q02_stellar-spectrum-effective-temperature-surface-g_n30_3f6cf2""]",w4_pilot_v0.1,bottom
w4_rq02_011,rq02_stellar_parameters,机器学习如何从恒星光谱估计有效温度、表面重力、金属丰度等恒星物理或大气参数？,"How is machine learning used to estimate stellar physical or atmospheric parameters, including effective temperature, surface gravity, and metallicity, from stellar spectra?",q03_parameters,https://openalex.org/W2795071146,Dissecting stellar chemical abundance space with t-SNE,"In the era of large-scale Galactic astronomy and multi-object spectroscopic stellar surveys, the sample sizes and the number of available stellar chemical abundances have reached dimensions in which it has become difficult to process all the available information in an effective manner. In this paper we demonstrate the use of a dimensionality-reduction technique (t-distributed stochastic neighbour embedding; t-SNE) for analysing the stellar abundance-space distribution. While the non-parametric non-linear behaviour of this technique makes it difficult to estimate the significance of any abundance-space substructure found, we show that our results depend little on parameter choices and are robust to abundance errors. By reanalysing the high-resolution high-signal-to-noise solar-neighbourhood HARPS-GTO sample with t-SNE, we find clearer chemical separations of the high- and low-[ α /Fe] disc sequences, hints for multiple populations in the high-[ α /Fe] population, and indications that the chemical evolution of the high-[ α /Fe] metal-rich stars is connected with the super-metal-rich stars. We also identify a number of chemically peculiar stars, among them a high-confidence s -process-enhanced abundance-ratio pair (HD 91345/HD 126681) with very similar ages and v X and v Y velocities, which we suggest have a common birth origin, possibly a dwarf galaxy. Our results demonstrate the potential of abundance-space t-SNE and similar methods for chemical-tagging studies with large spectroscopic surveys.",https://doi.org/10.1051/0004-6361/201833099,2018,10.1051/0004-6361/201833099,"[""q03_parameters""]","[""20260808_144349256507_live_pr31-q02_stellar-spectrum-effective-temperature-surface-g_n30_3f6cf2""]",w4_pilot_v0.1,bottom
w4_rq02_012,rq02_stellar_parameters,机器学习如何从恒星光谱估计有效温度、表面重力、金属丰度等恒星物理或大气参数？,"How is machine learning used to estimate stellar physical or atmospheric parameters, including effective temperature, surface gravity, and metallicity, from stellar spectra?",q03_parameters,https://openalex.org/W2969434441,Deriving the Stellar Labels of LAMOST Spectra with the Stellar LAbel Machine (SLAM),"Abstract The LAMOST survey has provided 9 million spectra in its Data Release 5 (DR5) at R ∼ 1800. Extracting precise stellar labels is crucial for such a large sample. In this paper, we report the implementation of the Stellar LAbel Machine (SLAM), which is a data-driven method based on support vector regression (SVR), a robust nonlinear regression technique. Thanks to the capability to model highly nonlinear problems with SVR, SLAM can generally derive stellar labels over a wide range of spectral types. This gives it a unique capability compared to other popular data-driven methods. To illustrate this capability, we test the performance of SLAM on stars ranging from T eff ∼ 4000 to ∼8000 K trained on LAMOST spectra and stellar labels. At g -band signal-to-noise ratio (S/N g ) higher than 100, the random uncertainties of T eff , log g , and [Fe/H] are 50 K, 0.09 dex, and 0.07 dex, respectively. We then set up another SLAM model trained by APOGEE and LAMOST common stars to demonstrate its capability of dealing with high dimensional problems. The spectra are from LAMOST DR5 and the stellar labels of the training set are from APOGEE DR15, including T eff , log g , [M/H], [ α /M], [C/M], and [N/M]. The cross-validated scatters at are 49 K, 0.10 dex, 0.037 dex, 0.026 dex, 0.058 dex, and 0.106 dex for these parameters, respectively. This performance is at the same level as other up-to-date data-driven models. As a byproduct, we also provide the latest catalog of ∼1 million LAMOST DR5 K giant stars with SLAM-predicted stellar labels in this work.",https://doi.org/10.3847/1538-4365/ab55ef,2020,10.3847/1538-4365/ab55ef,"[""q03_parameters""]","[""20260808_144349256507_live_pr31-q02_stellar-spectrum-effective-temperature-surface-g_n30_3f6cf2""]",w4_pilot_v0.1,top
w4_rq02_013,rq02_stellar_parameters,机器学习如何从恒星光谱估计有效温度、表面重力、金属丰度等恒星物理或大气参数？,"How is machine learning used to estimate stellar physical or atmospheric parameters, including effective temperature, surface gravity, and metallicity, from stellar spectra?",q03_parameters,https://openalex.org/W2139768786,Oscillation frequencies for 35<i>Kepler</i>solar-type planet-hosting stars using Bayesian techniques and machine learning,"Kepler has revolutionized our understanding of both exoplanets and their host stars. Asteroseismology is a valuable tool in the characterization of stars and Kepler is an excellent observing facility to perform asteroseismology. Here we select a sample of 35 Kepler solar-type stars which host transiting exoplanets (or planet candidates) with detected solar-like oscillations. Using available Kepler short cadence data up to Quarter 16 we create power spectra optimized for asteroseismology of solar-type stars. We identify modes of oscillation and estimate mode frequencies by ‘peak bagging’ using a Bayesian Markov Chain Monte Carlo framework. In addition, we expand the methodology of quality assurance using a Bayesian unsupervised machine learning approach. We report the measured frequencies of the modes of oscillation for all 35 stars and frequency ratios commonly used in detailed asteroseismic modelling. Due to the high correlations associated with frequency ratios we report the covariance matrix of all frequencies measured and frequency ratios calculated. These frequencies, frequency ratios, and covariance matrices can be used to obtain tight constraint on the fundamental parameters of these planet-hosting stars.",https://doi.org/10.1093/mnras/stv2593,2015,10.1093/mnras/stv2593,"[""q02_classification"",""q03_parameters""]","[""20260808_144344224124_live_pr31-q01_stellar-spectrum-spectral-classification-machine_n30_dae3d3"",""20260808_144349256507_live_pr31-q02_stellar-spectrum-effective-temperature-surface-g_n30_3f6cf2""]",w4_pilot_v0.1,rank_shift
w4_rq02_014,rq02_stellar_parameters,机器学习如何从恒星光谱估计有效温度、表面重力、金属丰度等恒星物理或大气参数？,"How is machine learning used to estimate stellar physical or atmospheric parameters, including effective temperature, surface gravity, and metallicity, from stellar spectra?",q03_parameters,https://openalex.org/W2777402735,Carbon Stars Identified from LAMOST DR4 Using Machine Learning,"Abstract In this work, we present a catalog of 2651 carbon stars from the fourth Data Release (DR4) of the Large Sky Area Multi-Object Fiber Spectroscopy Telescope (LAMOST). Using an efficient machine-learning algorithm, we find these stars from more than 7 million spectra. As a by-product, 17 carbon-enhanced metal-poor turnoff star candidates are also reported in this paper, and they are preliminarily identified by their atmospheric parameters. Except for 176 stars that could not be given spectral types, we classify the other 2475 carbon stars into five subtypes: 864 C-H, 226 C-R, 400 C-J, 266 C-N, and 719 barium stars based on a series of spectral features. Furthermore, we divide the C-J stars into three subtypes, C-J(H), C-J(R), and C-J(N), and about 90% of them are cool N-type stars as expected from previous literature. Besides spectroscopic classification, we also match these carbon stars to multiple broadband photometries. Using ultraviolet photometry data, we find that 25 carbon stars have FUV detections and that they are likely to be in binary systems with compact white dwarf companions.",https://doi.org/10.3847/1538-4365/aaa415,2018,10.3847/1538-4365/aaa415,"[""q02_classification"",""q03_parameters""]","[""20260808_144344224124_live_pr31-q01_stellar-spectrum-spectral-classification-machine_n30_dae3d3"",""20260808_144349256507_live_pr31-q02_stellar-spectrum-effective-temperature-surface-g_n30_3f6cf2""]",w4_pilot_v0.1,top
w4_rq02_015,rq02_stellar_parameters,机器学习如何从恒星光谱估计有效温度、表面重力、金属丰度等恒星物理或大气参数？,"How is machine learning used to estimate stellar physical or atmospheric parameters, including effective temperature, surface gravity, and metallicity, from stellar spectra?",q03_parameters,https://openalex.org/W3161474384,Internal mixing of rotating stars inferred from dipole gravity modes,,https://doi.org/10.1038/s41550-021-01351-x,2021,10.1038/s41550-021-01351-x,"[""q03_parameters""]","[""20260808_144349256507_live_pr31-q02_stellar-spectrum-effective-temperature-surface-g_n30_3f6cf2""]",w4_pilot_v0.1,top
w4_rq02_016,rq02_stellar_parameters,机器学习如何从恒星光谱估计有效温度、表面重力、金属丰度等恒星物理或大气参数？,"How is machine learning used to estimate stellar physical or atmospheric parameters, including effective temperature, surface gravity, and metallicity, from stellar spectra?",q03_parameters,https://openalex.org/W2740236269,The Fourteenth Data Release of the Sloan Digital Sky Survey: First Spectroscopic Data from the Extended Baryon Oscillation Spectroscopic Survey and from the Second Phase of the Apache Point Observatory Galactic Evolution Experiment,"Abstract The fourth generation of the Sloan Digital Sky Survey (SDSS-IV) has been in operation since 2014 July. This paper describes the second data release from this phase, and the 14th from SDSS overall (making this Data Release Fourteen or DR14). This release makes the data taken by SDSS-IV in its first two years of operation (2014–2016 July) public. Like all previous SDSS releases, DR14 is cumulative, including the most recent reductions and calibrations of all data taken by SDSS since the first phase began operations in 2000. New in DR14 is the first public release of data from the extended Baryon Oscillation Spectroscopic Survey; the first data from the second phase of the Apache Point Observatory (APO) Galactic Evolution Experiment (APOGEE-2), including stellar parameter estimates from an innovative data-driven machine-learning algorithm known as “The Cannon”; and almost twice as many data cubes from the Mapping Nearby Galaxies at APO (MaNGA) survey as were in the previous release ( N = 2812 in total). This paper describes the location and format of the publicly available data from the SDSS-IV surveys. We provide references to the important technical papers describing how these data have been taken (both targeting and observation details) and processed for scientific use. The SDSS web site ( www.sdss.org ) has been updated for this release and provides links to data downloads, as well as tutorials and examples of data use. SDSS-IV is planning to continue to collect astronomical data until 2020 and will be followed by SDSS-V.",https://doi.org/10.3847/1538-4365/aa9e8a,2018,10.3847/1538-4365/aa9e8a,"[""q03_parameters""]","[""20260808_144349256507_live_pr31-q02_stellar-spectrum-effective-temperature-surface-g_n30_3f6cf2""]",w4_pilot_v0.1,middle
w4_rq02_017,rq02_stellar_parameters,机器学习如何从恒星光谱估计有效温度、表面重力、金属丰度等恒星物理或大气参数？,"How is machine learning used to estimate stellar physical or atmospheric parameters, including effective temperature, surface gravity, and metallicity, from stellar spectra?",q03_parameters,https://openalex.org/W2006997511,Automatic stellar spectra parameterisation in the IR Ca ii triplet region,"Context. Galactic archaeology aims to determine the evolution of the Galaxy from the chemical and kinematical properties of its individual stars. This requires the analysis of data from large spectroscopic surveys, with sample sizes in tens of thousands at present, with millions of stars being reached in the near future. Such large samples require automated analysis techniques and classification algorithms to obtain robust estimates of the stellar parameter values. Several on-going and planned spectroscopic surveys have selected their wavelength region to contain the IR Ca ii triplet (~λλ 8500 Å) and the work presented in this paper focuses on the automatic analysis of such spectra.",https://doi.org/10.1051/0004-6361/201117372,2011,10.1051/0004-6361/201117372,"[""q03_parameters""]","[""20260808_144349256507_live_pr31-q02_stellar-spectrum-effective-temperature-surface-g_n30_3f6cf2""]",w4_pilot_v0.1,rank_shift
w4_rq02_018,rq02_stellar_parameters,机器学习如何从恒星光谱估计有效温度、表面重力、金属丰度等恒星物理或大气参数？,"How is machine learning used to estimate stellar physical or atmospheric parameters, including effective temperature, surface gravity, and metallicity, from stellar spectra?",q03_parameters,https://openalex.org/W2531334071,The RAVE-on Catalog of Stellar Atmospheric Parameters and Chemical Abundances for Chemo-dynamic Studies in the Gaia Era,"Abstract The orbits, atmospheric parameters, chemical abundances, and ages of individual stars in the Milky Way provide the most comprehensive illustration of galaxy formation available. The Tycho- Gaia Astrometric Solution (TGAS) will deliver astrometric parameters for the largest ever sample of Milky Way stars, though its full potential cannot be realized without the addition of complementary spectroscopy. Among existing spectroscopic surveys, the RAdial Velocity Experiment (RAVE) has the largest overlap with TGAS (≳200,000 stars). We present a data-driven re-analysis of 520,781 RAVE spectra using The Cannon . For red giants, we build our model using high-fidelity APOGEE stellar parameters and abundances for stars that overlap with RAVE. For main sequence and sub-giant stars, our model uses stellar parameters from the K2/EPIC . We derive and validate effective temperature T eff , surface gravity log g , and chemical abundances of up to seven elements (O, Mg, Al, Si, Ca, Fe, and Ni). We report a total of 1,685,851 elemental abundances with a typical precision of 0.07 dex, a substantial improvement over previous RAVE data releases. The synthesis of RAVE-on and TGAS is the most powerful data set for chemo-dynamic analyses of the Milky Way ever produced.",https://doi.org/10.3847/1538-4357/aa69c2,2017,10.3847/1538-4357/aa69c2,"[""q03_parameters""]","[""20260808_144349256507_live_pr31-q02_stellar-spectrum-effective-temperature-surface-g_n30_3f6cf2""]",w4_pilot_v0.1,bottom
w4_rq02_019,rq02_stellar_parameters,机器学习如何从恒星光谱估计有效温度、表面重力、金属丰度等恒星物理或大气参数？,"How is machine learning used to estimate stellar physical or atmospheric parameters, including effective temperature, surface gravity, and metallicity, from stellar spectra?",q03_parameters,https://openalex.org/W2971836485,GWTC-1: A Gravitational-Wave Transient Catalog of Compact Binary Mergers Observed by LIGO and Virgo during the First and Second Observing Runs,"We present the results from three gravitational-wave searches for coalescing compact binaries with component masses above <a:math xmlns:a=""http://www.w3.org/1998/Math/MathML"" display=""inline""><a:mrow><a:mn>1</a:mn><a:mtext> </a:mtext><a:mtext> </a:mtext><a:msub><a:mrow><a:mi>M</a:mi></a:mrow><a:mrow><a:mo stretchy=""false"">⊙</a:mo></a:mrow></a:msub></a:mrow></a:math> during the first and second observing runs of the advanced gravitational-wave detector network. During the first observing run (<d:math xmlns:d=""http://www.w3.org/1998/Math/MathML"" display=""inline""><d:mi>O</d:mi><d:mn>1</d:mn></d:math>), from September 12, 2015 to January 19, 2016, gravitational waves from three binary black hole mergers were detected. The second observing run (<f:math xmlns:f=""http://www.w3.org/1998/Math/MathML"" display=""inline""><f:mi>O</f:mi><f:mn>2</f:mn></f:math>), which ran from November 30, 2016 to August 25, 2017, saw the first detection of gravitational waves from a binary neutron star inspiral, in addition to the observation of gravitational waves from a total of seven binary black hole mergers, four of which we report here for the first time: GW170729, GW170809, GW170818, and GW170823. For all significant gravitational-wave events, we provide estimates of the source properties. The detected binary black holes have total masses between <h:math xmlns:h=""http://www.w3.org/1998/Math/MathML"" display=""inline""><h:mrow><h:msubsup><h:mrow><h:mn>18.6</h:mn></h:mrow><h:mrow><h:mo>−</h:mo><h:mn>0.7</h:mn></h:mrow><h:mrow><h:mo>+</h:mo><h:mn>3.2</h:mn></h:mrow></h:msubsup><h:mtext> </h:mtext><h:mtext> </h:mtext><h:msub><h:mrow><h:mi>M</h:mi></h:mrow><h:mrow><h:mo stretchy=""false"">⊙</h:mo></h:mrow></h:msub></h:mrow></h:math> and <k:math xmlns:k=""http://www.w3.org/1998/Math/MathML"" display=""inline""><k:msubsup><k:mn>84.4</k:mn><k:mrow><k:mo>−</k:mo><k:mn>11.1</k:mn></k:mrow><k:mrow><k:mo>+</k:mo><k:mn>15.8</k:mn></k:mrow></k:msubsup><k:mtext> </k:mtext><k:mtext> </k:mtext><k:msub><k:mrow><k:mi>M</k:mi></k:mrow><k:mrow><k:mo stretchy=""false"">⊙</k:mo></k:mrow></k:msub></k:math> and range in distance between <n:math xmlns:n=""http://www.w3.org/1998/Math/MathML"" display=""inline""><n:msubsup><n:mn>320</n:mn><n:mrow><n:mo>−</n:mo><n:mn>110</n:mn></n:mrow><n:mrow><n:mo>+</n:mo><n:mn>120</n:mn></n:mrow></n:msubsup></n:math> and <p:math xmlns:p=""http://www.w3.org/1998/Math/MathML"" display=""inline""><p:mrow><p:msubsup><p:mrow><p:mn>2840</p:mn></p:mrow><p:mrow><p:mo>−</p:mo><p:mn>1360</p:mn></p:mrow><p:mrow><p:mo>+</p:mo><p:mn>1400</p:mn></p:mrow></p:msubsup><p:mtext> </p:mtext><p:mtext> </p:mtext><p:mi>Mpc</p:mi></p:mrow></p:math>. No neutron star–black hole mergers were detected. In addition to highly significant gravitational-wave events, we also provide a list of marginal event candidates with an estimated false-alarm rate less than 1 per 30 days. From these results over the first two observing runs, which include approximately one gravitational-wave detection per 15 days of data searched, we infer merger rates at the 90% confidence intervals of <r:math xmlns:r=""http://www.w3.org/1998/Math/MathML"" display=""inline""><r:mrow><r:mn>110</r:mn><r:mo>−</r:mo><r:mn>3840</r:mn><r:mtext> </r:mtext><r:mtext> </r:mtext><r:msup><r:mrow><r:mi>Gpc</r:mi></r:mrow><r:mrow><r:mo>−</r:mo><r:mn>3</r:mn></r:mrow></r:msup><r:mtext> </r:mtext><r:msup><r:mrow><r:mi mathvariant=""normal"">y</r:mi></r:mrow><r:mrow><r:mo>−</r:mo><r:mn>1</r:mn></r:mrow></r:msup></r:mrow></r:math> for binary neutron stars and <u:math xmlns:u=""http://www.w3.org/1998/Math/MathML"" display=""inline""><u:mrow><u:mn>9.7</u:mn><u:mo>−</u:mo><u:mn>101</u:mn><u:mtext> </u:mtext><u:mtext> </u:mtext><u:msup><u:mrow><u:mi>Gpc</u:mi></u:mrow><u:mrow><u:mo>−</u:mo><u:mn>3</u:mn></u:mrow></u:msup><u:mtext> </u:mtext><u:msup><u:mrow><u:mi mathvariant=""normal"">y</u:mi></u:mrow><u:mrow><u:mo>−</u:mo><u:mn>1</u:mn></u:mrow></u:msup></u:mrow></u:math> for binary black holes assuming fixed population distributions and determine a neutron star–black hole merger rate 90% upper limit of <x:math xmlns:x=""http://www.w3.org/1998/Math/MathML"" display=""inline""><x:mrow><x:mn>610</x:mn><x:mtext> </x:mtext><x:mtext> </x:mtext><x:msup><x:mrow><x:mi>Gpc</x:mi></x:mrow><x:mrow><x:mo>−</x:mo><x:mn>3</x:mn></x:mrow></x:msup><x:mtext> </x:mtext><x:msup><x:mrow><x:mi mathvariant=""normal"">y</x:mi></x:mrow><x:mrow><x:mo>−</x:mo><x:mn>1</x:mn></x:mrow></x:msup></x:mrow></x:math>. Published by the American Physical Society 2019",https://doi.org/10.1103/physrevx.9.031040,2019,10.1103/physrevx.9.031040,"[""q03_parameters""]","[""20260808_144349256507_live_pr31-q02_stellar-spectrum-effective-temperature-surface-g_n30_3f6cf2""]",w4_pilot_v0.1,middle
w4_rq02_020,rq02_stellar_parameters,机器学习如何从恒星光谱估计有效温度、表面重力、金属丰度等恒星物理或大气参数？,"How is machine learning used to estimate stellar physical or atmospheric parameters, including effective temperature, surface gravity, and metallicity, from stellar spectra?",q03_parameters,https://openalex.org/W3122729254,Probing the interior physics of stars through asteroseismology,"By studying the oscillations of a star's surface, it is possible to extract information about stellar strata, age, and dynamics. Though one might guess that observation of surface oscillatory motions would be limited to our Sun, high-precision brightness measurements of distant stars, performed over many years, have enabled the field of asteroseismology. This comprehensive review covers the recent development of this field, the necessary blending of numerical simulation and data, and the way in which this new information enhances our understanding of stellar evolution.",https://doi.org/10.1103/revmodphys.93.015001,2021,10.1103/revmodphys.93.015001,"[""q03_parameters""]","[""20260808_144349256507_live_pr31-q02_stellar-spectrum-effective-temperature-surface-g_n30_3f6cf2""]",w4_pilot_v0.1,middle
w4_rq03_001,rq03_spectral_preprocessing,机器学习如何用于恒星光谱的预处理、降噪、归一化、校准或质量改进？,"How is machine learning used for preprocessing, denoising, normalization, calibration, or quality improvement of stellar spectra?",q04_preprocessing,https://openalex.org/W2745394653,Analyzing γ rays of the Galactic Center with deep learning,"We present the application of convolutional neural networks to a particular problem in gamma ray astronomy. Explicitly, we use this method to investigate the origin of an excess emission of GeV γ rays in the direction of the Galactic Center, reported by several groups by analyzing Fermi -LAT data. Interpretations of this excess include γ rays created by the annihilation of dark matter particles and γ rays originating from a collection of unresolved point sources, such as millisecond pulsars. We train and test convolutional neural networks with simulated Fermi -LAT images based on point and diffuse emission models of the Galactic Center tuned to measured γ ray data. Our new method allows precise measurements of the contribution and properties of an unresolved population of γ ray point sources in the interstellar diffuse emission model. The current model predicts the fraction of unresolved point sources with an error of up to 10% and this is expected to decrease with future work.",https://doi.org/10.1088/1475-7516/2018/05/058,2018,10.1088/1475-7516/2018/05/058,"[""q04_preprocessing""]","[""20260808_144352575552_live_pr31-q03_stellar-spectrum-spectral-denoising-normalizatio_n30_e4e706""]",w4_pilot_v0.1,bottom
w4_rq03_002,rq03_spectral_preprocessing,机器学习如何用于恒星光谱的预处理、降噪、归一化、校准或质量改进？,"How is machine learning used for preprocessing, denoising, normalization, calibration, or quality improvement of stellar spectra?",q04_preprocessing,https://openalex.org/W7130819561,From classical machine learning to emerging foundation models: review on multimodal data integration for cancer research,"Abstract Cancer research is increasingly driven by the integration of diverse data modalities, spanning from genomics and proteomics to imaging and clinical factors. However, extracting actionable insights from these vast and heterogeneous datasets remains a key challenge. The rise of foundation models (FMs) large deep-learning models pretrained on extensive amounts of data serving as a backbone for a wide range of downstream tasks—offers new avenues for discovering biomarkers, improving diagnosis, and personalizing treatment. This paper presents a comprehensive review of widely adopted integration strategies of multimodal data to assist advance the computational approaches for data-driven discoveries in oncology. We examine emerging trends in machine learning (ML) and deep learning (DL), including methodological frameworks, validation protocols, and open-source resources targeting cancer subtype classification, biomarker discovery, treatment guidance, and outcome prediction. This study also comprehensively covers the shift from traditional ML to FMs for multimodal integration. We present a holistic view of recent FMs advancements and challenges faced during the integration of multi-omics with advanced imaging data. We identify state-of-the-art FMs, publicly available multi-modal repositories, and advanced tools and methods for data integration. We argue that current state-of-the-art integration methods provide the essential groundwork for developing the next generation of large-scale, pre-trained models poised to further revolutionize oncology. To the best of our knowledge, this is the first review to systematically map the transition from conventional ML to advanced FM for multimodal data integration in oncology, while also framing these developments as foundational for the forthcoming era of large-scale AI models in cancer research. The GitHub repo of this project available at https://github.com/WuLabMDA/Medical-Foundation-Models .",https://doi.org/10.1007/s10462-026-11522-9,2026,10.1007/s10462-026-11522-9,"[""q04_preprocessing""]","[""20260808_144352575552_live_pr31-q03_stellar-spectrum-spectral-denoising-normalizatio_n30_e4e706""]",w4_pilot_v0.1,top
w4_rq03_003,rq03_spectral_preprocessing,机器学习如何用于恒星光谱的预处理、降噪、归一化、校准或质量改进？,"How is machine learning used for preprocessing, denoising, normalization, calibration, or quality improvement of stellar spectra?",q04_preprocessing,https://openalex.org/W3155899199,Machine Learning Based Automatic Modulation Recognition for Wireless Communications: A Comprehensive Survey,"The rapid development of information and wireless communication technologies together with the large increase in the number of end-users have made the radio spectrum more crowded than ever. Besides, providing a stable and reliable service is challenging, as electromagnetic environments are evolving and becoming more sophisticated. Accordingly, there is an urgent need for more reliable and intelligent communication systems that can improve the spectrum efficiency and the quality of service to provide agile management of network resources, so as to better meet the needs of future wireless users. Specifically, Automatic Modulation Recognition (AMR) plays an essential role in most intelligent communication systems especially with the emergence of Software Defined Radio (SDR). AMR is an indispensable task while performing spectrum sensing in Cognitive Radio (CR). Thanks to the significant advancements in Deep Learning (DL) applications, new and powerful tools have been provided which can tackle problems in this space. Thus, today, integrating DL models into AMR has gained the attention of many researchers. This work aims to provide a comprehensive state-of-the-art review of the most recent Machine Learning (ML) based AMR methods for Single-Input Single-Output (SISO) and Multiple-Input Multiple-Output (MIMO) systems. Furthermore, the architecture of each model will be identified along with a detailed comparison in terms of specifications and performance. Finally, an outline of the open problems, challenges, and potential research directions is provided along with discussion and conclusion.",https://doi.org/10.1109/access.2021.3071801,2021,10.1109/access.2021.3071801,"[""q02_classification"",""q04_preprocessing""]","[""20260808_144344224124_live_pr31-q01_stellar-spectrum-spectral-classification-machine_n30_dae3d3"",""20260808_144352575552_live_pr31-q03_stellar-spectrum-spectral-denoising-normalizatio_n30_e4e706""]",w4_pilot_v0.1,top
w4_rq03_004,rq03_spectral_preprocessing,机器学习如何用于恒星光谱的预处理、降噪、归一化、校准或质量改进？,"How is machine learning used for preprocessing, denoising, normalization, calibration, or quality improvement of stellar spectra?",q04_preprocessing,https://openalex.org/W3103819337,Unsupervised feature-learning for galaxy SEDs with denoising autoencoders,"With the increasing number of deep multi-wavelength galaxy surveys, the spectral energy distribution (SED) of galaxies has become an invaluable tool for studying the formation of their structures and their evolution. In this context, standard analysis relies on simple spectro-photometric selection criteria based on a few SED colors. If this fully supervised classification already yielded clear achievements, it is not optimal to extract relevant information from the data. In this article, we propose to employ very recent advances in machine learning, and more precisely in feature learning, to derive a data-driven diagram. We show that the proposed approach based on denoising autoencoders recovers the bi-modality in the galaxy population in an unsupervised manner, without using any prior knowledge on galaxy SED classification. This technique has been compared to principal component analysis (PCA) and to standard color/color representations. In addition, preliminary results illustrate that this enables the capturing of extra physically meaningful information, such as redshift dependence, galaxy mass evolution and variation over the specific star formation rate. PCA also results in an unsupervised representation with physical properties, such as mass and sSFR, although this representation separates out less other characteristics (bimodality, redshift evolution) than denoising autoencoders.",,2017,10.1051/0004-6361/201630240/pdf,"[""q04_preprocessing""]","[""20260808_144352575552_live_pr31-q03_stellar-spectrum-spectral-denoising-normalizatio_n30_e4e706""]",w4_pilot_v0.1,middle
w4_rq03_005,rq03_spectral_preprocessing,机器学习如何用于恒星光谱的预处理、降噪、归一化、校准或质量改进？,"How is machine learning used for preprocessing, denoising, normalization, calibration, or quality improvement of stellar spectra?",q04_preprocessing,https://openalex.org/W3088227899,Machines learn to infer stellar parameters just by looking at a large number of spectra,"ABSTRACT Machine learning has been widely applied to clearly defined problems of astronomy and astrophysics. However, deep learning and its conceptual differences to classical machine learning have been largely overlooked in these fields. The broad hypothesis behind our work is that letting the abundant real astrophysical data speak for itself, with minimal supervision and no labels, can reveal interesting patterns that may facilitate discovery of novel physical relationships. Here, as the first step, we seek to interpret the representations a deep convolutional neural network chooses to learn, and find correlations in them with current physical understanding. We train an encoder–decoder architecture on the self-supervised auxiliary task of reconstruction to allow it to learn general representations without bias towards any specific task. By exerting weak disentanglement at the information bottleneck of the network, we implicitly enforce interpretability in the learned features. We develop two independent statistical and information-theoretical methods for finding the number of learned informative features, as well as measuring their true correlation with astrophysical validation labels. As a case study, we apply this method to a data set of ∼270 000 stellar spectra, each of which comprising ∼300 000 dimensions. We find that the network clearly assigns specific nodes to estimate (notions of) parameters such as radial velocity and effective temperature without being asked to do so, all in a completely physics-agnostic process. This supports the first part of our hypothesis. Moreover, we find with high confidence that there are ∼4 more independently informative dimensions that do not show a direct correlation with our validation parameters, presenting potential room for future studies.",https://doi.org/10.1093/mnras/staa3540,2020,10.1093/mnras/staa3540,"[""q04_preprocessing""]","[""20260808_144352575552_live_pr31-q03_stellar-spectrum-spectral-denoising-normalizatio_n30_e4e706""]",w4_pilot_v0.1,bottom
w4_rq03_006,rq03_spectral_preprocessing,机器学习如何用于恒星光谱的预处理、降噪、归一化、校准或质量改进？,"How is machine learning used for preprocessing, denoising, normalization, calibration, or quality improvement of stellar spectra?",q04_preprocessing,https://openalex.org/W2065532082,Astrophysically robust systematics removal using variational inference: application to the first month of Kepler data,"Space-based transit search missions such as Kepler are collecting large numbers of stellar light curves of unprecedented photometric precision and time coverage. However, before this scientific goldmine can be exploited fully, the data must be cleaned of instrumental artefacts. We present a new method to correct common-mode systematics in large ensembles of very high precision light curves. It is based on a Bayesian linear basis model and uses shrinkage priors for robustness, variational inference for speed and a de-noising step based on empirical mode decomposition to prevent the introduction of spurious noise into the corrected light curves. After demonstrating the performance of our method on a synthetic data set, we apply it to the first month of Kepler data. We compare the results, which are publicly available, to the output of the Kepler pipeline's pre-search data conditioning, and show that the two generally give similar results, but the light curves corrected using our approach have lower scatter, on average, on both long and short time-scales. We finish by discussing some limitations of our method and outlining some avenues for further development. The trend-corrected data produced by our approach are publicly available.",https://doi.org/10.1093/mnras/stt1555,2013,10.1093/mnras/stt1555,"[""q04_preprocessing""]","[""20260808_144352575552_live_pr31-q03_stellar-spectrum-spectral-denoising-normalizatio_n30_e4e706""]",w4_pilot_v0.1,bottom
w4_rq03_007,rq03_spectral_preprocessing,机器学习如何用于恒星光谱的预处理、降噪、归一化、校准或质量改进？,"How is machine learning used for preprocessing, denoising, normalization, calibration, or quality improvement of stellar spectra?",q04_preprocessing,https://openalex.org/W4220667678,The EXPRES Stellar Signals Project II. State of the Field in Disentangling Photospheric Velocities,"Abstract Measured spectral shifts due to intrinsic stellar variability (e.g., pulsations, granulation) and activity (e.g., spots, plages) are the largest source of error for extreme-precision radial-velocity (EPRV) exoplanet detection. Several methods are designed to disentangle stellar signals from true center-of-mass shifts due to planets. The Extreme-precision Spectrograph (EXPRES) Stellar Signals Project (ESSP) presents a self-consistent comparison of 22 different methods tested on the same extreme-precision spectroscopic data from EXPRES. Methods derived new activity indicators, constructed models for mapping an indicator to the needed radial-velocity (RV) correction, or separated out shape- and shift-driven RV components. Since no ground truth is known when using real data, relative method performance is assessed using the total and nightly scatter of returned RVs and agreement between the results of different methods. Nearly all submitted methods return a lower RV rms than classic linear decorrelation, but no method is yet consistently reducing the RV rms to sub-meter-per-second levels. There is a concerning lack of agreement between the RVs returned by different methods. These results suggest that continued progress in this field necessitates increased interpretability of methods, high-cadence data to capture stellar signals at all timescales, and continued tests like the ESSP using consistent data sets with more advanced metrics for method performance. Future comparisons should make use of various well-characterized data sets—such as solar data or data with known injected planetary and/or stellar signals—to better understand method performance and whether planetary signals are preserved.",https://doi.org/10.3847/1538-3881/ac5176,2022,10.3847/1538-3881/ac5176,"[""q04_preprocessing""]","[""20260808_144352575552_live_pr31-q03_stellar-spectrum-spectral-denoising-normalizatio_n30_e4e706""]",w4_pilot_v0.1,rank_shift
w4_rq03_008,rq03_spectral_preprocessing,机器学习如何用于恒星光谱的预处理、降噪、归一化、校准或质量改进？,"How is machine learning used for preprocessing, denoising, normalization, calibration, or quality improvement of stellar spectra?",q04_preprocessing,https://openalex.org/W4387971543,JADES Initial Data Release for the Hubble Ultra Deep Field: Revealing the Faint Infrared Sky with Deep JWST NIRCam Imaging,"Abstract JWST has revolutionized the field of extragalactic astronomy with its sensitive and high-resolution infrared view of the distant Universe. Adding to the new legacy of JWST observations, we present the first NIRCam imaging data release from the JWST Advanced Deep Extragalactic Survey (JADES), providing nine filters of infrared imaging of ∼25 arcmin 2 covering the Hubble Ultra Deep Field and portions of Great Observatories Origins Deep Survey South. Utilizing 87 on-sky dual-filter hours of exposure time, these images reveal the deepest ever near-infrared view of this iconic field. We supply carefully constructed nine-band mosaics of the JADES bands, as well as matching reductions of five additional bands from the JWST Extragalactic Medium-band Survey. Combining with existing Hubble Space Telescope imaging, we provide 23-band space-based photometric catalogs and photometric redshifts for ≈47,500 sources. To promote broad engagement with JADES, we have created an interactive FitsMap website to provide an interface for professional researchers and the public to experience these JWST data sets. Combined with the first JADES NIRSpec data release, these public JADES imaging and spectroscopic data sets provide a new foundation for discoveries of the infrared Universe by the worldwide scientific community.",https://doi.org/10.3847/1538-4365/acf44d,2023,10.3847/1538-4365/acf44d,"[""q04_preprocessing""]","[""20260808_144352575552_live_pr31-q03_stellar-spectrum-spectral-denoising-normalizatio_n30_e4e706""]",w4_pilot_v0.1,middle
w4_rq03_009,rq03_spectral_preprocessing,机器学习如何用于恒星光谱的预处理、降噪、归一化、校准或质量改进？,"How is machine learning used for preprocessing, denoising, normalization, calibration, or quality improvement of stellar spectra?",q04_preprocessing,https://openalex.org/W4391340948,Generating Stellar Spectra Using Neural Networks,"A new generative technique is presented in this paper that uses Deep Learning to reconstruct stellar spectra based on a set of stellar parameters. Two different Neural Networks were trained allowing the generation of new spectra. First, an autoencoder is trained on a set of BAFGK synthetic data calculated using ATLAS9 model atmospheres and SYNSPEC radiative transfer code. These spectra are calculated in the wavelength range of Gaia RVS between 8400 and 8800 Å. Second, we trained a Fully Dense Neural Network to relate the stellar parameters to the Latent Space of the autoencoder. Finally, we linked the Fully Dense Neural Network to the decoder part of the autoencoder and we built a model that uses as input any combination of Teff, logg, vesini, [M/H], and ξt and output a normalized spectrum. The generated spectra are shown to represent all the line profiles and flux values as the ones calculated using the classical radiative transfer code. The accuracy of our technique is tested using a stellar parameter determination procedure and the results show that the generated spectra have the same characteristics as the synthetic ones.",https://doi.org/10.3390/astronomy3010001,2024,10.3390/astronomy3010001,"[""q04_preprocessing""]","[""20260808_144352575552_live_pr31-q03_stellar-spectrum-spectral-denoising-normalizatio_n30_e4e706""]",w4_pilot_v0.1,middle
w4_rq03_010,rq03_spectral_preprocessing,机器学习如何用于恒星光谱的预处理、降噪、归一化、校准或质量改进？,"How is machine learning used for preprocessing, denoising, normalization, calibration, or quality improvement of stellar spectra?",q04_preprocessing,https://openalex.org/W4399876663,A review of unsupervised learning in astronomy,"This review summarizes popular unsupervised learning methods, and gives an overview of their past, current, and future uses in astronomy. Unsupervised learning aims to organise the information content of a dataset, in such a way that knowledge can be extracted. Traditionally this has been achieved through dimensionality reduction techniques that aid the ranking of a dataset, for example through principal component analysis or by using auto-encoders, or simpler visualisation of a high dimensional space, for example through the use of a self organising map. Other desirable properties of unsupervised learning include the identification of clusters, i.e. groups of similar objects, which has traditionally been achieved by the k-means algorithm and more recently through density-based clustering such as HDBSCAN. More recently, complex frameworks have emerged, that chain together dimensionality reduction and clustering methods. However, no dataset is fully unknown. Thus, nowadays a lot of research has been directed towards self-supervised and semi-supervised methods that stand to gain from both supervised and unsupervised learning.",https://doi.org/10.1016/j.ascom.2024.100851,2024,10.1016/j.ascom.2024.100851,"[""q04_preprocessing""]","[""20260808_144352575552_live_pr31-q03_stellar-spectrum-spectral-denoising-normalizatio_n30_e4e706""]",w4_pilot_v0.1,top
w4_rq03_011,rq03_spectral_preprocessing,机器学习如何用于恒星光谱的预处理、降噪、归一化、校准或质量改进？,"How is machine learning used for preprocessing, denoising, normalization, calibration, or quality improvement of stellar spectra?",q04_preprocessing,https://openalex.org/W2607233176,Unsupervised feature-learning for galaxy SEDs with denoising autoencoders,"With the increasing number of deep multi-wavelength galaxy surveys, the spectral energy distribution (SED) of galaxies has become an invaluable tool for studying the formation of their structures and their evolution. In this context, standard analysis relies on simple spectro-photometric selection criteria based on a few SED colors. If this fully supervised classification already yielded clear achievements, it is not optimal to extract relevant information from the data. In this article, we propose to employ very recent advances in machine learning, and more precisely in feature learning, to derive a data-driven diagram. We show that the proposed approach based on denoising autoencoders recovers the bi-modality in the galaxy population in an unsupervised manner, without using any prior knowledge on galaxy SED classification. This technique has been compared to principal component analysis (PCA) and to standard color/color representations. In addition, preliminary results illustrate that this enables the capturing of extra physically meaningful information, such as redshift dependence, galaxy mass evolution and variation over the specific star formation rate. PCA also results in an unsupervised representation with physical properties, such as mass and sSFR, although this representation separates out less other characteristics (bimodality, redshift evolution) than denoising autoencoders.",https://doi.org/10.1051/0004-6361/201630240,2017,10.1051/0004-6361/201630240,"[""q04_preprocessing""]","[""20260808_144352575552_live_pr31-q03_stellar-spectrum-spectral-denoising-normalizatio_n30_e4e706""]",w4_pilot_v0.1,rank_shift
w4_rq03_012,rq03_spectral_preprocessing,机器学习如何用于恒星光谱的预处理、降噪、归一化、校准或质量改进？,"How is machine learning used for preprocessing, denoising, normalization, calibration, or quality improvement of stellar spectra?",q04_preprocessing,https://openalex.org/W4388514441,deep-REMAP: Parameterization of Stellar Spectra Using Regularized Multi-Task Learning,"Traditional spectral analysis methods are increasingly challenged by the exploding volumes of data produced by contemporary astronomical surveys. In response, we develop deep-Regularized Ensemble-based Multi-task Learning with Asymmetric Loss for Probabilistic Inference ($\rm{deep-REMAP}$), a novel framework that utilizes the rich synthetic spectra from the PHOENIX library and observational data from the MARVELS survey to accurately predict stellar atmospheric parameters. By harnessing advanced machine learning techniques, including multi-task learning and an innovative asymmetric loss function, $\rm{deep-REMAP}$ demonstrates superior predictive capabilities in determining effective temperature, surface gravity, and metallicity from observed spectra. Our results reveal the framework's effectiveness in extending to other stellar libraries and properties, paving the way for more sophisticated and automated techniques in stellar characterization.",http://arxiv.org/abs/2311.03738,2023,10.48550/arxiv.2311.03738,"[""q04_preprocessing""]","[""20260808_144352575552_live_pr31-q03_stellar-spectrum-spectral-denoising-normalizatio_n30_e4e706""]",w4_pilot_v0.1,middle
w4_rq03_013,rq03_spectral_preprocessing,机器学习如何用于恒星光谱的预处理、降噪、归一化、校准或质量改进？,"How is machine learning used for preprocessing, denoising, normalization, calibration, or quality improvement of stellar spectra?",q04_preprocessing,https://openalex.org/W4401837813,SFNet: Stellar Feature Network with CWT for Stellar Spectra Recognition,"Abstract Stellar spectral classification is crucial in astronomical data analysis. However, existing studies are often limited by the uneven distribution of stellar samples, posing challenges in practical applications. Even when balancing stellar categories and their numbers, there is room for improvement in classification accuracy. This study introduces a Continuous Wavelet Transform using the Super Morlet wavelet to convert stellar spectra into wavelet images. A novel neural network, the Stellar Feature Network, is proposed for classifying these images. Stellar spectra from Large Sky Area Multi-Object Fiber Spectroscopic Telescope DR9, encompassing five equal categories (B, A, F, G, K), were used. Comparative experiments validate the effectiveness of the proposed methods and network, achieving significant improvements in classification accuracy.",https://doi.org/10.1088/1674-4527/ad7364,2024,10.1088/1674-4527/ad7364,"[""q04_preprocessing""]","[""20260808_144352575552_live_pr31-q03_stellar-spectrum-spectral-denoising-normalizatio_n30_e4e706""]",w4_pilot_v0.1,middle
w4_rq03_014,rq03_spectral_preprocessing,机器学习如何用于恒星光谱的预处理、降噪、归一化、校准或质量改进？,"How is machine learning used for preprocessing, denoising, normalization, calibration, or quality improvement of stellar spectra?",q04_preprocessing,https://openalex.org/W3134861754,A novel stellar spectrum denoising method based on deep Bayesian modeling,"Abstract Spectrum denoising is an important procedure for large-scale spectroscopical surveys. This work proposes a novel stellar spectrum denoising method based on deep Bayesian modeling. The construction of our model includes a prior distribution for each stellar subclass, a spectrum generator and a flow-based noise model. Our method takes into account the noise correlation structure, and it is not susceptible to strong sky emission lines and cosmic rays. Moreover, it is able to naturally handle spectra with missing flux values without ad-hoc imputation. The proposed method is evaluated on real stellar spectra from the Sloan Digital Sky Survey (SDSS) with a comprehensive list of common stellar subclasses and compared to the standard denoising auto-encoder. Our denoising method demonstrates a superior performance to the standard denoising auto-encoder, in respect of denoising quality and missing flux imputation. It may be potentially helpful in improving the accuracy of the classification and physical parameter measurement of stars when applying our method during data preprocessing.",https://doi.org/10.1088/1674-4527/21/7/169,2021,10.1088/1674-4527/21/7/169,"[""q04_preprocessing""]","[""20260808_144352575552_live_pr31-q03_stellar-spectrum-spectral-denoising-normalizatio_n30_e4e706""]",w4_pilot_v0.1,top
w4_rq03_015,rq03_spectral_preprocessing,机器学习如何用于恒星光谱的预处理、降噪、归一化、校准或质量改进？,"How is machine learning used for preprocessing, denoising, normalization, calibration, or quality improvement of stellar spectra?",q04_preprocessing,https://openalex.org/W4391229918,The first spatio-spectral Bayesian imaging of SN1006 in X-rays,"Supernovae (SNs) are an important source of energy in the interstellar medium. Young remnants of supernovae (SNRs) exhibit peak emission in the X-ray region, making them interesting objects for X-ray observations. In particular, the supernova remnant SN1006 is of great interest due to its historical record, proximity, and brightness. Thus, it has been studied with a number of X-ray telescopes. Improving X-ray imaging of this and other remnants is an important but challenging task, as it often requires multiple observations with different instrument responses to image the entire object. Here, we use Chandra observations to demonstrate the capabilities of Bayesian image reconstruction using information field theory (IFT). Our objective is to reconstruct denoised, deconvolved, and spatio-spectral resolved images from X-ray observations and to decompose the emission into different morphologies, namely, diffuse and point-like. Further, we aim to fuse data from different detectors and pointings into a mosaic and quantify the uncertainty of our result. By utilizing prior knowledge on the spatial and spectral correlation structure of the diffuse emission and point sources, this method allows for the effective decomposition of the signal into these two components. In order to accelerate the imaging process, we introduced a multi-step approach, in which the spatial reconstruction obtained for a single energy range is used to derive an informed starting point for the full spatio-spectral reconstruction. We applied this method to 11 Chandra observations of SN1006 from 2008 and 2012, providing a detailed, denoised, and decomposed view of the remnant. In particular, the separated view of the diffuse emission ought to provide new insights into the complex, small-scale structures in the center of the remnant and at the shock front profiles. For example, our analysis reveals sharp X-ray flux increases by up to two orders of magnitude at the shock fronts of SN1006.",https://doi.org/10.1051/0004-6361/202347750,2024,10.1051/0004-6361/202347750,"[""q04_preprocessing""]","[""20260808_144352575552_live_pr31-q03_stellar-spectrum-spectral-denoising-normalizatio_n30_e4e706""]",w4_pilot_v0.1,bottom
w4_rq03_016,rq03_spectral_preprocessing,机器学习如何用于恒星光谱的预处理、降噪、归一化、校准或质量改进？,"How is machine learning used for preprocessing, denoising, normalization, calibration, or quality improvement of stellar spectra?",q04_preprocessing,https://openalex.org/W4288083930,Spectral modeling of type II supernovae,"There are now hundreds of publicly available supernova spectral time series. Radiative transfer modeling of this data provides insight into the physical properties of these explosions, such as the composition, the density structure, and the intrinsic luminosity, which is invaluable for understanding the supernova progenitors, the explosion mechanism, and for constraining the supernova distance. However, a detailed parameter study of the available data has been out of reach due to the high dimensionality of the problem coupled with the still significant computational expense. We tackle this issue through the use of machine-learning emulators, which are algorithms for high-dimensional interpolation. These use a pre-calculated training dataset to mimic the output of a complex code but with run times that are orders of magnitude shorter. We present the application of such an emulator to synthetic type II supernova spectra generated with the TARDIS radiative transfer code. The results show that with a relatively small training set of 780 spectra we can generate emulated spectra with interpolation uncertainties of less than one percent. We demonstrate the utility of this method by automatic spectral fitting of two well-known type IIP supernovae; as an exemplary application, we determine the supernova distances from the spectral fits using the tailored-expanding-photosphere method. We compare our results to previous studies and find good agreement. This suggests that emulation of TARDIS spectra can likely be used to perform automatic and detailed analysis of many transient classes putting the analysis of large data repositories within reach.",https://doi.org/10.1051/0004-6361/201936137,2019,10.1051/0004-6361/201936137,"[""q04_preprocessing""]","[""20260808_144352575552_live_pr31-q03_stellar-spectrum-spectral-denoising-normalizatio_n30_e4e706""]",w4_pilot_v0.1,bottom
w4_rq03_017,rq03_spectral_preprocessing,机器学习如何用于恒星光谱的预处理、降噪、归一化、校准或质量改进？,"How is machine learning used for preprocessing, denoising, normalization, calibration, or quality improvement of stellar spectra?",q04_preprocessing,https://openalex.org/W4306968094,The Dawes Review 10: The impact of deep learning for the analysis of galaxy surveys,"Abstract The amount and complexity of data delivered by modern galaxy surveys has been steadily increasing over the past years. New facilities will soon provide imaging and spectra of hundreds of millions of galaxies. Extracting coherent scientific information from these large and multi-modal data sets remains an open issue for the community and data-driven approaches such as deep learning have rapidly emerged as a potentially powerful solution to some long lasting challenges. This enthusiasm is reflected in an unprecedented exponential growth of publications using neural networks, which have gone from a handful of works in 2015 to an average of one paper per week in 2021 in the area of galaxy surveys. Half a decade after the first published work in astronomy mentioning deep learning, and shortly before new big data sets such as Euclid and LSST start becoming available, we believe it is timely to review what has been the real impact of this new technology in the field and its potential to solve key challenges raised by the size and complexity of the new datasets. The purpose of this review is thus two-fold. We first aim at summarising, in a common document, the main applications of deep learning for galaxy surveys that have emerged so far. We then extract the major achievements and lessons learned and highlight key open questions and limitations, which in our opinion, will require particular attention in the coming years. Overall, state-of-the-art deep learning methods are rapidly adopted by the astronomical community, reflecting a democratisation of these methods. This review shows that the majority of works using deep learning up to date are oriented to computer vision tasks (e.g. classification, segmentation). This is also the domain of application where deep learning has brought the most important breakthroughs so far. However, we also report that the applications are becoming more diverse and deep learning is used for estimating galaxy properties, identifying outliers or constraining the cosmological model. Most of these works remain at the exploratory level though which could partially explain the limited impact in terms of citations. Some common challenges will most likely need to be addressed before moving to the next phase of massive deployment of deep learning in the processing of future surveys; for example, uncertainty quantification, interpretability, data labelling and domain shift issues from training with simulations, which constitutes a common practice in astronomy.",https://doi.org/10.1017/pasa.2022.55,2023,10.1017/pasa.2022.55,"[""q04_preprocessing""]","[""20260808_144352575552_live_pr31-q03_stellar-spectrum-spectral-denoising-normalizatio_n30_e4e706""]",w4_pilot_v0.1,rank_shift
w4_rq03_018,rq03_spectral_preprocessing,机器学习如何用于恒星光谱的预处理、降噪、归一化、校准或质量改进？,"How is machine learning used for preprocessing, denoising, normalization, calibration, or quality improvement of stellar spectra?",q04_preprocessing,https://openalex.org/W4284680505,Identification of Mine Mixed Water Inrush Source Based on Genetic Algorithm and XGBoost Algorithm: A Case Study of Huangyuchuan Mine,"Mine water inrush disaster seriously threatens the production of coal mine. Rapid and accurate identification of mine water inrush sources is a key premise for mine water disaster prevention. The conventional research on the identification of water inrush source has focused on a single source, and the identification of mixed water samples from multi-source aquifers in deep coal mining environment is not yet fully explored. In this study, absorption spectrum technology was introduced into the identification of water inrush sources. The absorption spectra of the water samples with different mixing ratios were prepared using the ultraviolet and visible spectrophotometry (UV–Vis) spectrophotometer. In addition, spectral data preprocessing such as scattering correction, baseline correction, smoothing and denoising, and data enhancement were conducted to reduce the influence of experimental error, environment, radiation, molecular interaction, and other factors on the spectral data. Furthermore, a genetic algorithm (GA) was used to improve the seven parameters of the extreme gradient boosting (XGBoost) algorithm, such as learning rate, base model selection, tree parameters, regularization parameters, and iteration times. The deep-learning classifier of mine mixed water sources based on GA-XGBoost was established and used to identify 66 groups of mixed water sources in the Huangyuchuan Mine. The simulation results show that spectral preprocessing and normalization enhancement effectively improved the accuracy of the discriminant model. After 100 cross-validations, the average recognition accuracy of the GA-XGBoost model was 94%, and the results were accurate and reliable. This study provides a new direction and method for the identification of water inrush sources, particularly for mixed water inrush sources. It may also serve as a technical reference for decision-makers to formulate effective coal mine water inrush prevention and control programs and for mine water disaster prevention in similar coalfields in North China.",https://doi.org/10.3390/w14142150,2022,10.3390/w14142150,"[""q04_preprocessing""]","[""20260808_144352575552_live_pr31-q03_stellar-spectrum-spectral-denoising-normalizatio_n30_e4e706""]",w4_pilot_v0.1,rank_shift
w4_rq03_019,rq03_spectral_preprocessing,机器学习如何用于恒星光谱的预处理、降噪、归一化、校准或质量改进？,"How is machine learning used for preprocessing, denoising, normalization, calibration, or quality improvement of stellar spectra?",q04_preprocessing,https://openalex.org/W4353102922,Estimating stellar parameters from LAMOST low-resolution spectra,"ABSTRACT The Large Sky Area Multi-Object Fiber Spectroscopic Telescope (LAMOST) has acquired tens of millions of low-resolution spectra of stars. This paper investigates the parameter estimation problem for these spectra. To this end, we propose the deep learning model StarGRU network (StarGRUNet). This network is applied to estimate the stellar atmospheric physical parameters and 13 elemental abundances from LAMOST low-resolution spectra. On the spectra with signal-to-noise ratios greater than or equal to 5, the estimation precisions are 94 K and 0.16 dex on $T_\texttt {eff}$ and log g respectively, 0.07 to 0.10 dex on [C/H], [Mg/H], [Al/H], [Si/H], [Ca/H], [Ni/H] and [Fe/H], 0.10 to 0.16 dex on [O/H], [S/H], [K/H], [Ti/H] and [Mn/H], and 0.18 and 0.22 dex on [N/H] and [Cr/H]. The model shows advantages over other available models and high consistency with high-resolution surveys. We released the estimated catalogue computed from about 8.21 million low-resolution spectra in LAMOST DR8, code, trained model, and experimental data for astronomical science exploration and data processing algorithm research.",https://doi.org/10.1093/mnras/stad831,2023,10.1093/mnras/stad831,"[""q04_preprocessing""]","[""20260808_144352575552_live_pr31-q03_stellar-spectrum-spectral-denoising-normalizatio_n30_e4e706""]",w4_pilot_v0.1,rank_shift
w4_rq03_020,rq03_spectral_preprocessing,机器学习如何用于恒星光谱的预处理、降噪、归一化、校准或质量改进？,"How is machine learning used for preprocessing, denoising, normalization, calibration, or quality improvement of stellar spectra?",q04_preprocessing,https://openalex.org/W4384201335,Machine learning in solar physics,"Abstract The application of machine learning in solar physics has the potential to greatly enhance our understanding of the complex processes that take place in the atmosphere of the Sun. By using techniques such as deep learning, we are now in the position to analyze large amounts of data from solar observations and identify patterns and trends that may not have been apparent using traditional methods. This can help us improve our understanding of explosive events like solar flares, which can have a strong effect on the Earth environment. Predicting hazardous events on Earth becomes crucial for our technological society. Machine learning can also improve our understanding of the inner workings of the sun itself by allowing us to go deeper into the data and to propose more complex models to explain them. Additionally, the use of machine learning can help to automate the analysis of solar data, reducing the need for manual labor and increasing the efficiency of research in this field.",https://doi.org/10.1007/s41116-023-00038-x,2023,10.1007/s41116-023-00038-x,"[""q02_classification"",""q04_preprocessing""]","[""20260808_144344224124_live_pr31-q01_stellar-spectrum-spectral-classification-machine_n30_dae3d3"",""20260808_144352575552_live_pr31-q03_stellar-spectrum-spectral-denoising-normalizatio_n30_e4e706""]",w4_pilot_v0.1,top
