keyword,run_id,openalex_id,doi,title,authors,publication_year,source_name,landing_page_url,cited_by_count,abstract,retrieved_at
machine learning stellar spectra,run001_ml_stellar_spectra,https://openalex.org/W2406349003,https://doi.org/10.1186/s13634-016-0355-x,A survey of machine learning for big data processing,Junfei Qiu; Qihui Wu; Guoru Ding; Yuhua Xu; Shuo Feng,2016,EURASIP Journal on Advances in Signal Processing,https://doi.org/10.1186/s13634-016-0355-x,893,"There is no doubt that big data are now rapidly expanding in all science and engineering domains. While the potential of these massive data is undoubtedly significant, fully making sense of them requires new ways of thinking and novel learning techniques to address the various challenges. In this paper, we present a literature survey of the latest advances in researches on machine learning for big data processing. First, we review the machine learning techniques and highlight some promising learning methods in recent studies, such as representation learning, deep learning, distributed and parallel learning, transfer learning, active learning, and kernel-based learning. Next, we focus on the analysis and discussions about the challenges and possible solutions of machine learning for big data. Following that, we investigate the close connections of machine learning with signal processing techniques for big data processing. Finally, we outline several open issues and research trends.",2026-07-30T05:00:44+00:00
machine learning stellar spectra,run001_ml_stellar_spectra,https://openalex.org/W3081618654,https://doi.org/10.1093/mnras/staa2582,Assessing the performance of LTE and NLTE synthetic stellar spectra in a machine learning framework,Spencer Bialek; S. Fabbro; Kim A. Venn; Nripesh Kumar; Teaghan O’Briain; Kwang Moo Yi,2020,Monthly Notices of the Royal Astronomical Society,https://doi.org/10.1093/mnras/staa2582,24,"ABSTRACT In the current era of stellar spectroscopic surveys, synthetic spectral libraries are the basis for the derivation of stellar parameters and chemical abundances. In this paper, we compare the stellar parameters determined using five popular synthetic spectral grids (INTRIGOSS, FERRE, AMBRE, PHOENIX, and MPIA/1DNLTE) with our convolutional neural network (CNN, StarNet). The stellar parameters are determined for six physical properties (effective temperature, surface gravity, metallicity, [α/Fe], radial velocity, and rotational velocity) given the spectral resolution, signal-to-noise ratio, and wavelength range of optical FLAMES-UVES spectra from the Gaia-ESO Survey. Both CNN modelling and epistemic uncertainties are incorporated through training an ensemble of networks. StarNet training was also adapted to mitigate differences between the synthetic grids and observed spectra by augmenting with realistic observational signatures (i.e. resolution matching, wavelength sampling, Gaussian noise, zeroing flux values, rotational and radial velocities, continuum removal, and masking telluric regions). Using the FLAMES-UVES spectra for FGK-type dwarfs and giants as a test set, we quantify the accuracy and precision of the stellar label predictions from StarNet. We find excellent results over a wide range of parameters when StarNet is trained on the MPIA/1DNLTE synthetic grid, and acceptable results over smaller parameter ranges when trained on the 1DLTE grids. These tests also show that our CNN pipeline is highly adaptable to multiple simulation grids.",2026-07-30T05:00:44+00:00
machine learning stellar spectra,run001_ml_stellar_spectra,https://openalex.org/W2206825795,https://doi.org/10.1093/mnras/stv2600,Classification of large-scale stellar spectra based on the non-linearly assembling learning machine,Zhongbao Liu; Lipeng Song; Wenjuan Zhao,2015,Monthly Notices of the Royal Astronomical Society,https://doi.org/10.1093/mnras/stv2600,13,"An important problem to be solved of traditional classification methods is they cannot deal with large-scale classification because of very high time complexity. In order to solve above problem, inspired by the thinking of collaborative management, the non-linearly assembling learning machine (NALM) is proposed and used in the large-scale stellar spectral classification. In NALM, the large-scale dataset is firstly divided into several subsets, and then the traditional classifiers such as support vector machine (SVM) runs on the subset, finally, the classification results on each subset are assembled and the overall classification decision is obtained. In comparative experiments, we investigate the performance of NALM in the stellar spectral subclasses classification compared with SVM. We apply SVM and NALM respectively to classify the four subclasses of K-type spectra, three subclasses of F-type spectra and three subclasses of G-type spectra from Sloan Digital Sky Survey (SDSS). The comparative experiment results show that the performance of NALM is much better than SVM in view of the classification accuracy and the computation time.",2026-07-30T05:00:44+00:00
machine learning stellar spectra,run001_ml_stellar_spectra,https://openalex.org/W2920947047,https://doi.org/10.1029/2018sw002061,The Challenge of Machine Learning in Space Weather: Nowcasting and Forecasting,Enrico Camporeale,2019,Space Weather,https://doi.org/10.1029/2018sw002061,402,"Abstract The numerous recent breakthroughs in machine learning make imperative to carefully ponder how the scientific community can benefit from a technology that, although not necessarily new, is today living its golden age. This Grand Challenge review paper is focused on the present and future role of machine learning in Space Weather. The purpose is twofold. On one hand, we will discuss previous works that use machine learning for Space Weather forecasting, focusing in particular on the few areas that have seen most activity: the forecasting of geomagnetic indices, of relativistic electrons at geosynchronous orbits, of solar flares occurrence, of coronal mass ejection propagation time, and of solar wind speed. On the other hand, this paper serves as a gentle introduction to the field of machine learning tailored to the Space Weather community and as a pointer to a number of open challenges that we believe the community should undertake in the next decade. The recurring themes throughout the review are the need to shift our forecasting paradigm to a probabilistic approach focused on the reliable assessment of uncertainties, and the combination of physics‐based and machine learning approaches, known as gray box.",2026-07-30T05:00:44+00:00
machine learning stellar spectra,run001_ml_stellar_spectra,https://openalex.org/W3017279354,https://doi.org/10.1051/0004-6361/202038192,Painting a portrait of the Galactic disc with its stellar clusters,T. Cantat-Gaudin; F. Anders; A. Castro-Ginard; C. Jordi; M. Romero-Gómez; C. Soubiran; L. Casamiquela; Y. Tarricq; A. Moitinho; A. Vallenari; A. Bragaglia; A. Krone-Martins; Marina Kounkel,2020,Astronomy and Astrophysics,https://doi.org/10.1051/0004-6361/202038192,545,"Context. The large astrometric and photometric survey performed by the Gaia mission allows for a panoptic view of the Galactic disc and its stellar cluster population. Hundreds of stellar clusters were only discovered after the latest Gaia data release (DR2) and have yet to be characterised. Aims. Here we make use of the deep and homogeneous Gaia photometry down to G = 18 to estimate the distance, age, and interstellar reddening for about 2000 stellar clusters identified with Gaia DR2 astrometry. We use these objects to study the structure and evolution of the Galactic disc. Methods. We relied on a set of objects with well-determined parameters in the literature to train an artificial neural network to estimate parameters from the Gaia photometry of cluster members and their mean parallax. Results. We obtain reliable parameters for 1867 clusters. Our catalogue confirms the relative lack of old stellar clusters in the inner disc (with a few notable exceptions). We also quantify and discuss the variation of scale height with cluster age, and we detect the Galactic warp in the distribution of old clusters. Conclusions. This work results in a large and homogeneous cluster catalogue, allowing one to trace the structure of the disc out to distances of ∼4 kpc. However, the present sample is still unable to trace the outer spiral arm of the Milky Way, which indicates that the outer disc cluster census might still be incomplete.",2026-07-30T05:00:44+00:00
machine learning stellar spectra,run001_ml_stellar_spectra,https://openalex.org/W2088072491,https://doi.org/10.1093/mnras/stu1320,Planets and stellar activity: hide and seek in the CoRoT-7 system★,R. D. Haywood; A. Collier Cameron; D. Queloz; S. C. C. Barros; M. Deleuil; R. Farès; M. Gillon; A. F. Lanza; C. Lovis; C. Moutou; F. Pepe; D. Pollacco; A. Santerne; D. Ségransan; Y. C. Unruh,2014,Monthly Notices of the Royal Astronomical Society,https://doi.org/10.1093/mnras/stu1320,521,"Since the discovery of the transiting super-Earth CoRoT-7b, several investigations have yielded different results for the number and masses of planets present in the system, mainly owing to the star's high level of activity. We re-observed CoRoT-7 in 2012 January with both HARPS and CoRoT, so that we now have the benefit of simultaneous radial-velocity and photometric data. This allows us to use the off-transit variations in the star's light curve to estimate the radial-velocity variations induced by the suppression of convective blueshift and the flux blocked by starspots. To account for activity-related effects in the radial velocities which do not have a photometric signature, we also include an additional activity term in the radial-velocity model, which we treat as a Gaussian process with the same covariance properties (and hence the same frequency structure) as the light curve. Our model was incorporated into a Monte Carlo Markov Chain in order to make a precise determination of the orbits of CoRoT-7b and CoRoT-7c. We measure the masses of planets b and c to be 4.73 ± 0.95 and 13.56 ± 1.08 M⊕, respectively. The density of CoRoT-7b is (6.61 ± 1.72)(Rp/1.58 R⊕)−3 g cm−3, which is compatible with a rocky composition. We search for evidence of an additional planet d, identified by previous authors with a period close to 9 d. We are not able to confirm the existence of a planet with this orbital period, which is close to the second harmonic of the stellar rotation at ∼7.9 d. Using Bayesian model selection, we find that a model with two planets plus activity-induced variations is most favoured.",2026-07-30T05:00:44+00:00
machine learning stellar spectra,run001_ml_stellar_spectra,https://openalex.org/W2907474932,https://doi.org/10.1051/0004-6361/201833972,Star formation rates and stellar masses from machine learning,V. Bonjean; N. Aghanim; P. Salomé; A. Beelen; M. Douspis; E. Soubrié,2019,Astronomy and Astrophysics,https://doi.org/10.1051/0004-6361/201833972,53,"Star-formation activity is a key property to probe the structure formation and hence characterise the large-scale structures of the universe. This information can be deduced from the star formation rate (SFR) and the stellar mass ( M ⋆ ), both of which, but especially the SFR, are very complex to estimate. Determining these quantities from UV, optical, or IR luminosities relies on complex modeling and on priors on galaxy types. We propose a method based on the machine-learning algorithm Random Forest to estimate the SFR and the M ⋆ of galaxies at redshifts in the range 0.01 &lt; z &lt; 0.3, independent of their type. The machine-learning algorithm takes as inputs the redshift, WISE luminosities, and WISE colours in near-IR, and is trained on spectra-extracted SFR and M ⋆ from the SDSS MPA-JHU DR8 catalogue as outputs. We show that our algorithm can accurately estimate SFR and M ⋆ with scatters of σ SFR = 0.38 dex and σ M ⋆ = 0.16 dex for SFR and stellar mass, respectively, and that it is unbiased with respect to redshift or galaxy type. The full-sky coverage of the WISE satellite allows us to characterise the star-formation activity of all galaxies outside the Galactic mask with spectroscopic redshifts in the range 0.01 &lt; z &lt; 0.3. The method can also be applied to photometric-redshift catalogues, with best scatters of σ SFR = 0.42 dex and σ M ⋆ = 0.24 dex obtained in the redshift range 0.1 &lt; z &lt; 0.3.",2026-07-30T05:00:44+00:00
machine learning stellar spectra,run001_ml_stellar_spectra,https://openalex.org/W2987499710,https://doi.org/10.1093/mnras/stz3100,Application of convolutional neural networks for stellar spectral classification,Kaushal Kumar Sharma; Ajit Kembhavi; Aniruddha Kembhavi; Aniruddha Kembhavi; Aniruddha Kembhavi; T Sivarani; Sheelu Abraham; Kaustubh Vaghmare,2019,Monthly Notices of the Royal Astronomical Society,https://doi.org/10.1093/mnras/stz3100,81,"ABSTRACT Due to the ever-expanding volume of observed spectroscopic data from surveys such as SDSS and LAMOST, it has become important to apply artificial intelligence (AI) techniques for analysing stellar spectra to solve spectral classification and regression problems like the determination of stellar atmospheric parameters Teff, $\rm {\log g}$, and [Fe/H]. We propose an automated approach for the classification of stellar spectra in the optical region using convolutional neural networks (CNNs). Traditional machine learning (ML) methods with ‘shallow’ architecture (usually up to two hidden layers) have been trained for these purposes in the past. However, deep learning methods with a larger number of hidden layers allow the use of finer details in the spectrum which results in improved accuracy and better generalization. Studying finer spectral signatures also enables us to determine accurate differential stellar parameters and find rare objects. We examine various machine and deep learning algorithms like artificial neural networks, Random Forest, and CNN to classify stellar spectra using the Jacoby Atlas, ELODIE, and MILES spectral libraries as training samples. We test the performance of the trained networks on the Indo-U.S. Library of Coudé Feed Stellar Spectra (CFLIB). We show that using CNNs, we are able to lower the error up to 1.23 spectral subclasses as compared to that of two subclasses achieved in the past studies with ML approach. We further apply the trained model to classify stellar spectra retrieved from the SDSS data base with SNR &amp;gt; 20.",2026-07-30T05:00:44+00:00
machine learning stellar spectra,run001_ml_stellar_spectra,https://openalex.org/W3161623437,https://doi.org/10.48550/arxiv.2105.07110,Stellar Spectra Models Classification and Parameter Estimation Using Machine Learning Algorithms,Miguel Flores R.; L. J. Corral; C. Fierro,2021,arXiv (Cornell University),http://arxiv.org/abs/2105.07110,6,"The growth of sky surveys and the large amount of stellar spectra in the current databases, has generated the necessity of developing new methods to estimate atmospheric parameters, a fundamental task on stellar research. In this work we present a comparison of different machine learning algorithms, using for the classification of stellar synthetic spectra and the estimation of fundamental stellar parameters included T_eff(K), log(L/Lo), log g, M/Mo, and Vrot. For both tasks, we established a group of supervised learning models, and propose a database of measures with the same structure to train the algorithms. This data includes equivalent-width types measurements over noisy synthetic spectra in order to replicate the natural noise on a real observed spectrum. Different levels of signal to noise ratio are considered for this analysis.",2026-07-30T05:00:44+00:00
machine learning stellar spectra,run001_ml_stellar_spectra,https://openalex.org/W1883251007,https://doi.org/10.1093/mnras/stv1428,A Gaussian process framework for modelling stellar activity signals in radial velocity data,Vinesh Rajpaul; S. Aigrain; Michael A. Osborne; Steven Reece; Stephen Roberts,2015,Monthly Notices of the Royal Astronomical Society,https://doi.org/10.1093/mnras/stv1428,416,"To date, the radial velocity (RV) method has been one of the most productive techniques for detecting and confirming extrasolar planetary candidates. Unfortunately, stellar activity can induce RV variations which can drown out or even mimic planetary signals – and it is notoriously difficult to model and thus mitigate the effects of these activity-induced nuisance signals. This is expected to be a major obstacle to using next-generation spectrographs to detect lower mass planets, planets with longer periods, and planets around more active stars. Enter Gaussian processes (GPs) which, we note, have a number of attractive features that make them very well suited to disentangling stellar activity signals from planetary signals. We present here a GP framework we developed to model RV time series jointly with ancillary activity indicators (e.g. bisector velocity spans, line widths, chromospheric activity indices), allowing the activity component of RV time series to be constrained and disentangled from e.g. planetary components. We discuss the mathematical details of our GP framework, and present results illustrating its encouraging performance on both synthetic and real RV data sets, including the publicly available Alpha Centauri B data set.",2026-07-30T05:00:44+00:00
machine learning stellar spectra,run001_ml_stellar_spectra,https://openalex.org/W2900811782,https://doi.org/10.1146/annurev-astro-091918-104509,Accuracy and Precision of Industrial Stellar Abundances,Paula Jofré; Ulrike Heiter; Caroline Soubiran,2019,Annual Review of Astronomy and Astrophysics,https://doi.org/10.1146/annurev-astro-091918-104509,178,"There has been an incredibly large investment in obtaining high-resolution stellar spectra for determining chemical abundances of stars. This information is crucial to answer fundamental questions in astronomy by constraining the formation and evolution scenarios of the Milky Way as well as the stars and planets residing in it. We have just entered a new era, in which chemical abundances of FGK-type stars are being produced at industrial scales, and in which the observations, reduction, and analysis of the data are automatically performed by machines. Here, we review the latest human efforts to assess the accuracy and precision of such industrial abundances by providing insights into the steps and uncertainties associated with the process of determining stellar abundances. We also provide a description of current and forthcoming spectroscopic surveys, focusing on their reported abundances and uncertainties. This allows us to identify which elements and spectral lines are best and why. Finally, we make a brief selection of main scientific questions the community is aiming to answer with abundances. ▪ Uncertainties in abundances need to be disentangled into random and systematic components. ▪ Precision can be increased by applying differential or data-driven methods based on accurate data. ▪ High-resolution and signal-to-noise spectra provide fundamental data that can be used to calibrate lower-resolution and signal-to-noise spectra of millions of stars. ▪ Different survey calibration strategies must agree on a common set of reference stars to create data products that are consistent. ▪ Data products provided by individual groups must be published using standard formats to ensure straightforward applicability.",2026-07-30T05:00:44+00:00
machine learning stellar spectra,run001_ml_stellar_spectra,https://openalex.org/W2098458655,,"Prediction of stellar atmospheric parameters from spectra, spectral indices and spectral lines using machine learning",Olac Fuentes; R. K. Gulati,2001,,http://citeseerx.ist.psu.edu/viewdoc/summary?doi=10.1.1.10.4071,7,"In this paper we present an experimental study of the performance of a simple machine learning algorithm applied to the prediction of the stellar atmospheric parameters T eff , log g and [F e/H ] using as input three di#erent sets of spectral features. We compare the performance of the distance-weighted 3-nearest-neighbor algorithm using as input spectra, a set of spectral indices taken from the same wavelength region, and absorption lines obtained by removing from the spectra the contribution of the continuum, which is computed by means of a linear time convex hull algorithm. Our experiments show that the predictions obtained using spectral indices and spectral lines have very similar accuracy levels, and that both are superior to those obtained using spectra.",2026-07-30T05:00:44+00:00
machine learning stellar spectra,run001_ml_stellar_spectra,https://openalex.org/W4389097389,https://doi.org/10.1093/mnras/stad3668,Machine learning applications in Jupiter-host star classification using stellar spectra,M. Zammit; Kristian Zarb Adami,2023,Monthly Notices of the Royal Astronomical Society,https://doi.org/10.1093/mnras/stad3668,4,"ABSTRACT The link between stellar host properties, be it chemical, physical, dynamical, or galactic in nature, with the presence of planetary companions, has been one that has been repeatedly tested in the literature. Several corroborated work has argued that the correlation between a stellar atmosphere’s chemistry and the presence of gas giant companions is primordial in nature, implying that the chemical budget in a protoplanetary disc, and by proxy the eventual stellar host, increases the likelihood of gas giant formation. In this work, we aim to use the power of computer vision to build and test a machine learning classifier capable of discriminating between gas giant host stars and a comparison sample, using spectral data of the host stars in the visible regime. High-resolution spectra are used to preserve any inherent information which may contribute to the classification, and are fed into a stacked ensemble design incorporating several convolutional neural networks. The spectral range is binned such that each is assigned to a first-level voter, with the meta-learner aggregating their votes into a final classification. We contextualize and elaborate on the model design and results presented in a prior proceedings publication, and present an amended architecture incorporating semisupervized learning. Both models achieve relatively strong performance metrics and generalize over the holdout sets well, yet still present signs of overfitting.",2026-07-30T05:00:44+00:00
machine learning stellar spectra,run001_ml_stellar_spectra,https://openalex.org/W2032231736,https://doi.org/10.1051/0004-6361:20077334,Estimation of stellar atmospheric parameters from SDSS/SEGUE spectra,P. Re Fiorentin; C. A. L. Bailer‐Jones; Young Sun Lee; Timothy C. Beers; T. Sivarani; Ronald Wilhelm; Carlos Allende Prieto; John E. Norris,2007,Astronomy and Astrophysics,https://doi.org/10.1051/0004-6361:20077334,94,"We present techniques for the estimation of stellar atmospheric parameters (Teff, , [Fe/H]) for stars from the SDSS/SEGUE survey. The atmospheric parameters are derived from the observed medium-resolution () stellar spectra using non-linear regression models trained either on (1) pre-classified observed data or (2) synthetic stellar spectra. In the first case we use our models to automate and generalize parametrization produced by a preliminary version of the SDSS/SEGUE Spectroscopic Parameter Pipeline (SSPP). In the second case we directly model the mapping between synthetic spectra (derived from Kurucz model atmospheres) and the atmospheric parameters, independently of any intermediate estimates. After training, we apply our models to various samples of SDSS spectra to derive atmospheric parameters, and compare our results with those obtained previously by the SSPP for the same samples. We obtain consistency between the two approaches, with RMS deviations on the order of 150 K in Teff, 0.35 dex in , and 0.22 dex in [Fe/H]. The models are applied to pre-processed spectra, either via Principal Component Analysis (PCA) or a Wavelength Range Selection (WRS) method, which employs a subset of the full 3850–9000 Åspectral range. This is both for computational reasons (robustness and speed), and because it delivers higher accuracy (better generalization of what the models have learned). Broadly speaking, the PCA is demonstrated to deliver more accurate atmospheric parameters when the training data are the actual SDSS spectra with previously estimated parameters, whereas WRS appears superior for the estimation of via synthetic templates, especially for lower signal-to-noise spectra. From a subsample of some 19 000 stars with previous determinations of the atmospheric parameters, the accuracies of our predictions (mean absolute errors) for each parameter are Teff to 170/170 K, to 0.36/0.45 dex, and [Fe/H] to 0.19/0.26 dex, for methods (1) and (2), respectively. We measure the intrinsic errors of our models by training on synthetic spectra and evaluating their performance on an independent set of synthetic spectra. This yields RMS accuracies of 50 K, 0.02 dex, and 0.03 dex on Teff, , and [Fe/H], respectively. Our approach can be readily deployed in an automated analysis pipeline, and can easily be retrained as improved stellar models and synthetic spectra become available. We nonetheless emphasise that this approach relies on an accurate calibration and pre-processing of the data (to minimize mismatch between the real and synthetic data), as well as sensible choices concerning feature selection. From an analysis of cluster candidates with available SDSS spectroscopy (M 15, M 13, M 2, and NGC 2420), and assuming the age, metallicity, and distances given in the literature are correct, we find evidence for small systematic offsets in Teff and/or for the parameter estimates from the model trained on real data with the SSPP. Thus, this model turns out to derive more precise, but less accurate, atmospheric parameters than the model trained on synthetic data.",2026-07-30T05:00:44+00:00
machine learning stellar spectra,run001_ml_stellar_spectra,https://openalex.org/W2211251945,https://doi.org/10.1051/0004-6361/201425030,Stellar parametrization from<i>Gaia</i>RVS spectra,A. Recio–Blanco; P. de Laverny; C. Allende Prieto; Diego Fustes; M. Manteiga; B. Arcay; A. Bijaoui; Carlos Dafonte; C. Ordénovic; Diego Ordóñez Blanco,2015,Astronomy and Astrophysics,https://doi.org/10.1051/0004-6361/201425030,88,"Context. Among the myriad of data collected by the ESA Gaia satellite, about 150 million spectra will be delivered by the Radial Velocity Spectrometer (RVS) for stars as faint as GRVS~ 16. A specific stellar parametrization will be performed on most of these RVS spectra, i.e. those with enough high signal-to-noise ratio (S/N), which should correspond to single stars that have a magnitude in the RVS band brighter than ~14.5. Some individual chemical abundances will also be estimated for the brightest targets.",2026-07-30T05:00:44+00:00
machine learning stellar spectra,run001_ml_stellar_spectra,https://openalex.org/W2098142369,https://doi.org/10.1111/j.1365-2966.2010.16713.x,Galaxy Zoo: reproducing galaxy morphologies via machine learning★,Manda Banerji; Ofer Lahav; Chris J. Lintott; Filipe B. Abdalla; Kevin Schawinski; Steven P. Bamford; Dan Andreescu; Phil Murray; M. Jordan Raddick; Anze Slosar; Alex Szalay; Daniel Thomas; Jan Vandenberg,2010,Monthly Notices of the Royal Astronomical Society,https://doi.org/10.1111/j.1365-2966.2010.16713.x,199,"We present morphological classifications obtained using machine learning for objects in the Sloan Digital Sky Survey DR6 that have been classified by Galaxy Zoo into three classes, namely early types, spirals and point sources/artefacts. An artificial neural network is trained on a subset of objects classified by the human eye, and we test whether the machine-learning algorithm can reproduce the human classifications for the rest of the sample. We find that the success of the neural network in matching the human classifications depends crucially on the set of input parameters chosen for the machine-learning algorithm. The colours and parameters associated with profile fitting are reasonable in separating the objects into three classes. However, these results are considerably improved when adding adaptive shape parameters as well as concentration and texture. The adaptive moments, concentration and texture parameters alone cannot distinguish between early type galaxies and the point sources/artefacts. Using a set of 12 parameters, the neural network is able to reproduce the human classifications to better than 90 per cent for all three morphological classes. We find that using a training set that is incomplete in magnitude does not degrade our results given our particular choice of the input parameters to the network. We conclude that it is promising to use machine-learning algorithms to perform morphological classification for the next generation of wide-field imaging surveys and that the Galaxy Zoo catalogue provides an invaluable training set for such purposes.",2026-07-30T05:00:44+00:00
machine learning stellar spectra,run001_ml_stellar_spectra,https://openalex.org/W2915006163,https://doi.org/10.1088/1538-3873/aaf3fa,Machine Learning for the Zwicky Transient Facility,A. Mahabal; Umaa Rebbapragada; Richard Walters; Frank J. Masci; N. Blagorodnova; Jan van Roestel; Quanzhi Ye; Rahul Biswas; Kevin B. Burdge; Chan-Kao Chang; Dmitry A. Duev; V. Z. Golkhou; Adam A. Miller; J. Nordin; Charlotte Ward; S. M. Adams; Eric C. Bellm; Doug Branton; Brian Bue; Chris Cannella; Andrew J. Connolly; Richard Dekany; U. Feindt; T. Hung; L. Fortson; Sara Frederick; C. Fremling; Suvi Gezari; M. J. Graham; Steven L. Groom; M. M. Kasliwal; S. R. Kulkarni; Thomas Kupfer; Hsing Wen Lin; Chris Lintott; R. Lunnan; John K. Parejko; Thomas A. Prince; Reed Riddle; B. Rusholme; Nicholas Saunders; Nima Sedaghat; D. L. Shupe; Leo P. Singer; Maayane T. Soumagnac; Paula Szkody; Y. Tachibana; Kushal Tirumala; Sjoert van Velzen; Darryl Wright,2019,Publications of the Astronomical Society of the Pacific,https://doi.org/10.1088/1538-3873/aaf3fa,136,"The Zwicky Transient Facility is a large optical survey in multiple filters producing hundreds of thousands of transient alerts per night. We describe here various machine learning (ML) implementations and plans to make the maximal use of the large data set by taking advantage of the temporal nature of the data, and further combining it with other data sets. We start with the initial steps of separating bogus candidates from real ones, separating stars and galaxies, and go on to the classification of real objects into various classes. Besides the usual methods (e.g., based on features extracted from light curves) we also describe early plans for alternate methods including the use of domain adaptation, and deep learning. In a similar fashion we describe efforts to detect fast moving asteroids.",2026-07-30T05:00:44+00:00
machine learning stellar spectra,run001_ml_stellar_spectra,https://openalex.org/W2127375519,https://doi.org/10.1088/0004-637x/798/2/122,A MACHINE-LEARNING METHOD TO INFER FUNDAMENTAL STELLAR PARAMETERS FROM PHOTOMETRIC LIGHT CURVES,A. A. Miller; J. S. Bloom; J. W. Richards; Y. S. Lee; D. L. Starr; N. R. Butler; S. Tokarz; N. Smith; J. A. Eisner,2015,The Astrophysical Journal,https://doi.org/10.1088/0004-637x/798/2/122,41,"A fundamental challenge for wide-field imaging surveys is obtaining follow-up spectroscopic observations: there are &gt;10^9 photometrically cataloged sources, yet modern spectroscopic surveys are limited to ~few× 10^6 targets. As we approach the Large Synoptic Survey Telescope era, new algorithmic solutions are required to cope with the data deluge. Here we report the development of a machine-learning framework capable of inferring fundamental stellar parameters (T_(eff), log g, and [Fe/H]) using photometric-brightness variations and color alone. A training set is constructed from a systematic spectroscopic survey of variables with Hectospec/Multi-Mirror Telescope. In sum, the training set includes ~9000 spectra, for which stellar parameters are measured using the SEGUE Stellar Parameters Pipeline (SSPP). We employed the random forest algorithm to perform a non-parametric regression that predicts T_(eff), log g, and [Fe/H] from photometric time-domain observations. Our final optimized model produces a cross-validated rms error (RMSE) of 165 K, 0.39 dex, and 0.33 dex for T_(eff), log g, and [Fe/H], respectively. Examining the subset of sources for which the SSPP measurements are most reliable, the RMSE reduces to 125 K, 0.37 dex, and 0.27 dex, respectively, comparable to what is achievable via low-resolution spectroscopy. For variable stars this represents a ≈12%-20% improvement in RMSE relative to models trained with single-epoch photometric colors. As an application of our method, we estimate stellar parameters for ~54,000 known variables. We argue that this method may convert photometric time-domain surveys into pseudo-spectrographic engines, enabling the construction of extremely detailed maps of the Milky Way, its structure, and history.",2026-07-30T05:00:44+00:00
machine learning stellar spectra,run001_ml_stellar_spectra,https://openalex.org/W3007731496,https://doi.org/10.1051/0004-6361/201937194,ODUSSEAS: a machine learning tool to derive effective temperature and metallicity for M dwarf stars,A. Antoniadis-Karnavas; S. G. Sousa; E. Delgado-Mena; N. C. Santos; G. D. C. Teixeira; V. Neves,2020,Astronomy and Astrophysics,https://doi.org/10.1051/0004-6361/201937194,49,"Aims. The derivation of spectroscopic parameters for M dwarf stars is very important in the fields of stellar and exoplanet characterization. The goal of this work is the creation of an automatic computational tool able to quickly and reliably derive the T eff and [Fe/H] of M dwarfs using optical spectra obtained by different spectrographs with different resolutions. Methods. ODUSSEAS (Observing Dwarfs Using Stellar Spectroscopic Energy-Absorption Shapes) is based on the measurement of the pseudo equivalent widths for more than 4000 stellar absorption lines and on the use of the machine learning Python package “scikit-learn” for predicting the stellar parameters. Results. We show that our tool is able to derive parameters accurately and with high precision, having precision errors of ~30 K for T eff and ~0.04 dex for [Fe/H]. The results are consistent for spectra with resolutions of between 48 000 and 115 000 and a signal-to-noise ratio above 20.",2026-07-30T05:00:44+00:00
machine learning stellar spectra,run001_ml_stellar_spectra,https://openalex.org/W2905331806,https://doi.org/10.3847/1538-4365/aaf651,"The Fifteenth Data Release of the Sloan Digital Sky Surveys: First Release of MaNGA-derived Quantities, Data Visualization Tools, and Stellar Library",D. S. Aguado; Romina Ahumada; Andrés Almeida; Scott F. Anderson; Brett H. Andrews; Borja Anguiano; Erik Aquino Ortíz; Alfonso Aragón-Salamanca; Maria Argudo-Fernández; Marie Aubert; Vladimir Avila-Reese; Carles Badenes; Sandro Barboza Rembold; Kat Barger; Jorge Barrera-Ballesteros; Dominic Bates; Julian Bautista; Rachael L. Beaton; Timothy C. Beers; Francesco Belfiore; Mariangela Bernardi; Matthew Bershady; Florian Beutler; Jonathan Bird; Dmitry Bizyaev; Guillermo A. Blanc; Michael R. Blanton; Michael Blomqvist; Adam S. Bolton; Médéric Boquien; Jura Borissova; Jo Bovy; William Nielsen Brandt; Jonathan Brinkmann; Joel R. Brownstein; Kevin Bundy; Adam Burgasser; Nell Byler; Mariana Cano Diaz; Michele Cappellari; Ricardo Carrera; Bernardo Cervantes Sodi; Yanping Chen; Brian Cherinka; Peter Doohyun Choi; Haeun Chung; Damien Coffey; Julia M. Comerford; Johan Comparat; Kevin Covey; Gabriele da Silva Ilha; Luiz da Costa; Yu Sophia Dai; Guillermo Damke; Jeremy Darling; Roger Davies; Kyle Dawson; Victoria de Sainte Agathe; Alice Deconto Machado; Agnese Del Moro; Nathan De Lee; Aleksandar M. Diamond-Stanic; Helena Domínguez Sánchez; John Donor; Niv Drory; Hélion du Mas des Bourboux; Chris Duckworth; Tom Dwelly; Garrett Ebelke; Eric Emsellem; Stephanie Escoffier; José G. Fernández-Trincado; Diane Feuillet; Johanna-Laina Fischer; Scott W. Fleming; Amelia Fraser-McKelvie; Gordon Freischlad; Peter M. Frinchaboy; Hai Fu; Lluís Galbany; Rafael Garcia-Dias; D. A. García-Hernández; Luis Alberto Garma Oehmichen; Marcio Antonio Geimba Maia; Héctor Gil-Marín; Kathleen Grabowski; Meng Gu; Hong Guo; Jaewon Ha; Emily Harrington; Sten Hasselquist; Christian R. Hayes; Fred Hearty; Hector Hernandez Toledo; Harry Hicks; David W. Hogg; Kelly Holley-Bockelmann; Jon A. Holtzman; Bau-Ching Hsieh; Jason A. S. Hunt,2019,The Astrophysical Journal Supplement Series,https://doi.org/10.3847/1538-4365/aaf651,353,"Twenty years have passed since first light for the Sloan Digital Sky Survey (SDSS). Here, we release data taken by the fourth phase of SDSS (SDSS-IV) across its first three years of operation (2014 July-2017 July). This is the third data release for SDSS-IV, and the 15th from SDSS (Data Release Fifteen; DR15). New data come from MaNGA-we release 4824 data cubes, as well as the first stellar spectra in the MaNGA Stellar Library (MaStar), the first set of survey-supported analysis products (e.g., stellar and gas kinematics, emission-line and other maps) from the MaNGA Data Analysis Pipeline, and a new data visualization and access tool we call ""Marvin."" The next data release, DR16, will include new data from both APOGEE-2 and eBOSS; those surveys release no new data here, but we document updates and corrections to their data processing pipelines. The release is cumulative; it also includes the most recent reductions and calibrations of all data taken by SDSS since first light. In this paper, we describe the location and format of the data and tools and cite technical references describing how it was obtained and processed. The SDSS website (www.sdss.org) has also been updated, providing links to data downloads, tutorials, and examples of data use. Although SDSS-IV will continue to collect astronomical data until 2020, and will be followed by SDSS-V (2020-2025), we end this paper by describing plans to ensure the sustainability of the SDSS data archive for many years beyond the collection of data.",2026-07-30T05:00:44+00:00
machine learning stellar spectra,run001_ml_stellar_spectra,https://openalex.org/W2006997511,https://doi.org/10.1051/0004-6361/201117372,Automatic stellar spectra parameterisation in the IR Ca ii triplet region,G. Kordopatis; A. Recio–Blanco; P. de Laverny; A. Bijaoui; V. Hill; G. Gilmore; R. F. G. Wyse; C. Ordénovic,2011,Astronomy and Astrophysics,https://doi.org/10.1051/0004-6361/201117372,83,"Context. Galactic archaeology aims to determine the evolution of the Galaxy from the chemical and kinematical properties of its individual stars. This requires the analysis of data from large spectroscopic surveys, with sample sizes in tens of thousands at present, with millions of stars being reached in the near future. Such large samples require automated analysis techniques and classification algorithms to obtain robust estimates of the stellar parameter values. Several on-going and planned spectroscopic surveys have selected their wavelength region to contain the IR Ca ii triplet (~λλ 8500 Å) and the work presented in this paper focuses on the automatic analysis of such spectra.",2026-07-30T05:00:44+00:00
machine learning stellar spectra,run001_ml_stellar_spectra,https://openalex.org/W3101015041,https://doi.org/10.1051/0004-6361/201937194/pdf,ODUSSEAS: a machine learning tool to derive effective temperature and metallicity for M dwarf stars,A. Antoniadis-Karnavas; S. G. Sousa; E. Delgado-Mena; N. C. Santos; G. D. C. Teixeira; V. Neves,2020,Springer Link (Chiba Institute of Technology),,40,"Aims. The derivation of spectroscopic parameters for M dwarf stars is very important in the fields of stellar and exoplanet characterization. The goal of this work is the creation of an automatic computational tool able to quickly and reliably derive the Teff and [Fe/H] of M dwarfs using optical spectra obtained by different spectrographs with different resolutions. Methods. ODUSSEAS (Observing Dwarfs Using Stellar Spectroscopic Energy-Absorption Shapes) is based on the measurement of the pseudo equivalent widths for more than 4000 stellar absorption lines and on the use of the machine learning Python package “scikit-learn” for predicting the stellar parameters. Results. We show that our tool is able to derive parameters accurately and with high precision, having precision errors of ~30 K for Teff and ~0.04 dex for [Fe/H]. The results are consistent for spectra with resolutions of between 48 000 and 115 000 and a signal-to-noise ratio above 20.",2026-07-30T05:00:44+00:00
machine learning stellar spectra,run001_ml_stellar_spectra,https://openalex.org/W3101896622,,A Machine Learning Method to Infer Fundamental Stellar Parameters from Photometric Light Curves,Adam A. Miller; J. S. Bloom; Joseph W. Richards; Young Sun Lee; D. Starr; N. Butler; S. Tokarz; Nathan Smith; J. A. Eisner,2014,CaltechAUTHORS (California Institute of Technology),https://authors.library.caltech.edu/51836/,33,"A fundamental challenge for wide-field imaging surveys is obtaining follow-up spectroscopic observations: there are &gt; 10^9 photometrically cataloged sources, yet modern spectroscopic surveys are limited to ~few x 10^6 targets. As we approach the Large Synoptic Survey Telescope (LSST) era, new algorithmic solutions are required to cope with the data deluge. Here we report the development of a machine-learning framework capable of inferring fundamental stellar parameters (T_(eff), log g, and [Fe/H]) using photometric-brightness variations and color alone. A training set is constructed from a systematic spectroscopic survey of variables with Hectospec/MMT. In sum, the training set includes ~9000 spectra, for which stellar parameters are measured using the SEGUE Stellar Parameters&#13;\nPipeline (SSPP). We employed the random forest algorithm to perform a non-parametric regression that predicts T_(eff), log g, and [Fe/H] from photometric time-domain observations. Our final, optimized model produces a cross-validated root-mean-square error (RMSE) of 165 K, 0.39 dex, and 0.33 dex for T_(eff), log g, and [Fe/H], respectively. Examining the subset of sources for which the SSPP&#13;\nmeasurements are most reliable, the RMSE reduces to 125 K, 0.37 dex, and 0.27 dex, respectively, comparable to what is achievable via low-resolution spectroscopy. For variable stars this represents a ≈12-20% improvement in RMSE relative to models trained with single-epoch photometric colors. As an application of our method, we estimate stellar parameters for ~54,000 known variables. We argue&#13;\nthat this method may convert photometric time-domain surveys into pseudo-spectrographic engines, enabling the construction of extremely detailed maps of the Milky Way, its structure, and history.",2026-07-30T05:00:44+00:00
machine learning stellar spectra,run001_ml_stellar_spectra,https://openalex.org/W4395479208,https://doi.org/10.1093/mnras/stae1114,Stellar populations with optical spectra: deep learning versus popular spectrum fitting codes,Joanna Woo; Dan Walters; Finn Archinuk; S. M. Faber; Sara L. Ellison; Hossen Teimoorinia; Kartheik G. Iyer,2024,Monthly Notices of the Royal Astronomical Society,https://doi.org/10.1093/mnras/stae1114,24,"ABSTRACT We compare the performance of several popular spectrum fitting codes (firefly, starlight, pypipe3d, and ppxf), and a deep-learning convolutional neural network (starnet), in recovering known stellar population properties (mean stellar age, stellar metallicity, stellar mass-to-light ratio M*/Lr and the internal E(B−V)) of simulated galaxy spectra in optical wavelengths. Our mock spectra are constructed from star-formation histories from the IllustrisTNG100-1 simulation. These spectra mimic the Sloan Digital Sky Survey (SDSS) through a novel method of including the noise, sky residuals, and emission lines taken directly from SDSS. We find that starnet vastly outperforms all conventional codes in both speed and recovery of stellar population properties (error scatter &amp;lt;0.08 dex, average biases &amp;lt;0.02 dex for all tested quantities), but it requires an appropriate training set. Of the non-machine-learning codes, ppxf was a factor of 3–4 times faster than the other codes, and was the best in recovering stellar population properties (error scatter of &amp;lt;0.11 dex, average biases &amp;lt;0.08 dex). However, the errors and biases are strongly dependent on both true and predicted values of stellar age and metallicity, and signal-to-noise ratio. The biases of all codes can approach 0.15 dex in stellar ages, metallicities and log M*/Lr, but remain ≲0.05 for E(B−V). Using unrealistic Gaussian noise in the construction of mock spectra will underestimate the errors in the metallicities by a factor of 2 or more, and mocks without emission lines will underestimate the errors in stellar age and M*/Lr by a factor of 2.",2026-07-30T05:00:44+00:00
machine learning stellar spectra,run001_ml_stellar_spectra,https://openalex.org/W3036313178,https://doi.org/10.1093/mnras/staa1809,Stellar spectral interpolation using machine learning,Kaushal Kumar Sharma; Harinder P. Singh; Ranjan Gupta; Ajit Kembhavi; Kaustubh Vaghmare; Jianrong Shi; Yongheng Zhao; Jiannan Zhang; Yue Wu,2020,Monthly Notices of the Royal Astronomical Society,https://doi.org/10.1093/mnras/staa1809,15,"ABSTRACT Theoretical stellar spectra rely on model stellar atmospheres computed based on our understanding of the physical laws at play in the stellar interiors. These models, coupled with atomic and molecular line databases, are used to generate theoretical stellar spectral libraries (SSLs) comprising of stellar spectra over a regular grid of atmospheric parameters (temperature, surface gravity, abundances) at any desired resolution. Another class of SSLs is referred to as empirical spectral libraries; these contain observed spectra at limited resolution. SSLs play an essential role in deriving the properties of stars and stellar populations. Both theoretical and empirical libraries suffer from limited coverage over the parameter space. This limitation is overcome to some extent by generating spectra for specific sets of atmospheric parameters by interpolating within the grid of available parameter space. In this work, we present a method for spectral interpolation in the optical region using machine learning algorithms that are generic, easily adaptable for any SSL without much change in the model parameters, and computationally inexpensive. We use two machine learning techniques, Random Forest (RF) and Artificial Neural Networks (ANN), and train the models on the MILES library. We apply the trained models to spectra from the CFLIB for testing and show that the performance of the two models is comparable. We show that both the models achieve better accuracy than the existing methods of polynomial based interpolation and the Gaussian radial basis function (RBF) interpolation.",2026-07-30T05:00:44+00:00
machine learning stellar spectra,run001_ml_stellar_spectra,https://openalex.org/W3155899199,https://doi.org/10.1109/access.2021.3071801,Machine Learning Based Automatic Modulation Recognition for Wireless Communications: A Comprehensive Survey,Bachir Jdid; Kaïs Hassan; Iyad Dayoub; Wei Hong Lim; Mastaneh Mokayef,2021,IEEE Access,https://doi.org/10.1109/access.2021.3071801,175,"The rapid development of information and wireless communication technologies together with the large increase in the number of end-users have made the radio spectrum more crowded than ever. Besides, providing a stable and reliable service is challenging, as electromagnetic environments are evolving and becoming more sophisticated. Accordingly, there is an urgent need for more reliable and intelligent communication systems that can improve the spectrum efficiency and the quality of service to provide agile management of network resources, so as to better meet the needs of future wireless users. Specifically, Automatic Modulation Recognition (AMR) plays an essential role in most intelligent communication systems especially with the emergence of Software Defined Radio (SDR). AMR is an indispensable task while performing spectrum sensing in Cognitive Radio (CR). Thanks to the significant advancements in Deep Learning (DL) applications, new and powerful tools have been provided which can tackle problems in this space. Thus, today, integrating DL models into AMR has gained the attention of many researchers. This work aims to provide a comprehensive state-of-the-art review of the most recent Machine Learning (ML) based AMR methods for Single-Input Single-Output (SISO) and Multiple-Input Multiple-Output (MIMO) systems. Furthermore, the architecture of each model will be identified along with a detailed comparison in terms of specifications and performance. Finally, an outline of the open problems, challenges, and potential research directions is provided along with discussion and conclusion.",2026-07-30T05:00:44+00:00
machine learning stellar spectra,run001_ml_stellar_spectra,https://openalex.org/W2375984290,https://doi.org/10.1051/0004-6361/201628660,Stellar classification from single-band imaging using machine learning,T. Kuntzer; M. Tewes; F. Courbin,2016,Astronomy and Astrophysics,https://doi.org/10.1051/0004-6361/201628660,37,"Information on the spectral types of stars is of great interest in view of the exploitation of space-based imaging surveys. In this article, we investigate the classification of stars into spectral types using only the shape of their diffraction pattern in a single broad-band image. We propose a supervised machine learning approach to this endeavour, based on principal component analysis (PCA) for dimensionality reduction, followed by artificial neural networks (ANNs) estimating the spectral type. Our analysis is performed with image simulations mimicking the Hubble Space Telescope (HST) Advanced Camera for Surveys (ACS) in the F606W and F814W bands, as well as the Euclid VIS imager. We first demonstrate this classification in a simple context, assuming perfect knowledge of the point spread function (PSF) model and the possibility of accurately generating mock training data for the machine learning. We then analyse its performance in a fully data-driven situation, in which the training would be performed with a limited subset of bright stars from a survey, and an unknown PSF with spatial variations across the detector. We use simulations of main-sequence stars with flat distributions in spectral type and in signal-to-noise ratio, and classify these stars into 13 spectral subclasses, from O5 to M5. Under these conditions, the algorithm achieves a high success rate both for Euclid and HST images, with typical errors of half a spectral class. Although more detailed simulations would be needed to assess the performance of the algorithm on a specific survey, this shows that stellar classification from single-band images is well possible.",2026-07-30T05:00:44+00:00
machine learning stellar spectra,run001_ml_stellar_spectra,https://openalex.org/W2078829410,https://doi.org/10.1007/s11633-014-0789-2,Classification of Spectra of Emission Line Stars Using Machine Learning Techniques,Pavla Bromová; Petr Škoda; Jaroslav Vážný,2014,International Journal of Automation and Computing,https://doi.org/10.1007/s11633-014-0789-2,47,,2026-07-30T05:00:44+00:00
machine learning stellar spectra,run001_ml_stellar_spectra,https://openalex.org/W2963038593,https://doi.org/10.1051/0004-6361/201936019,The EREBOS project: Investigating the effect of substellar and low-mass stellar companions on late stellar evolution,V. Schaffenroth; B. N. Barlow; S. Geier; M. Vučković; D. Kilkenny; M. Wolz; Thomas Kupfer; U. Heber; H. Drechsel; S. Kimeswenger; T. R. Marsh; M. Wolf; Ingrid Pelisoli; J. Freudenthal; S. Dreizler; S. Kreuzer; E. Ziegerer,2019,Astronomy and Astrophysics,https://doi.org/10.1051/0004-6361/201936019,51,"Eclipsing post-common-envelope binaries are highly important for resolving the poorly understood, very short-lived common-envelope phase of stellar evolution. Most hot subdwarfs (sdO/Bs) are the bare helium-burning cores of red giants that have lost almost all of their hydrogen envelope. This mass loss is often triggered by common-envelope interactions with close stellar or even substellar companions. Cool companions to hot subdwarf stars such as late-type stars and brown dwarfs are detectable from characteristic light-curve variations – reflection effects and often eclipses. In the recently published catalog of eclipsing binaries in the Galactic Bulge and in the Asteroid Terrestrial-impact Last Alert System (ATLAS) survey, we discovered 125 new eclipsing systems showing a reflection effect seen by visual inspection of the light curves and using a machine-learning algorithm, in addition to the 36 systems previously discovered by the Optical Gravitational Lesing Experiment (OGLE) team. The Eclipsing Reflection Effect Binaries from Optical Surveys (EREBOS) project aims at analyzing all newly discovered eclipsing binaries of the HW Vir type (hot subdwarf + close, cool companion) based on a spectroscopic and photometric follow up to derive the mass distribution of the companions, constrain the fraction of substellar companions, and determine the minimum mass needed to strip off the red-giant envelope. To constrain the nature of the primary we derived the absolute magnitude and the reduced proper motion of all our targets with the help of the parallaxes and proper motions measured by the Gaia mission and compared those to the Gaia white-dwarf candidate catalog. It was possible to derive the nature of a subset of our targets, for which observed spectra are available, by measuring the atmospheric parameter of the primary, confirming that less than 10% of our systems are not sdO/Bs with cool companions but are white dwarfs or central stars of planetary nebula. This large sample of eclipsing hot subdwarfs with cool companions allowed us to derive a significant period distribution for hot subdwarfs with cool companions for the first time showing that the period distribution is much broader than previously thought and is ideally suited to finding the lowest-mass companions to hot subdwarf stars. The comparison with related binary populations shows that the period distribution of HW Vir systems is very similar to WD+dM systems and central stars of planetary nebula with cool companions. In the future, several new photometric surveys will be carried out, which will further increase the sample of this project, providing the potential to test many aspects of common-envelope theory and binary evolution.",2026-07-30T05:00:44+00:00
machine learning stellar spectra,run001_ml_stellar_spectra,https://openalex.org/W3088227899,https://doi.org/10.1093/mnras/staa3540,Machines learn to infer stellar parameters just by looking at a large number of spectra,Nima Sedaghat; M. Romaniello; Jonathan Carrick; F.‐X. Pineau,2020,Monthly Notices of the Royal Astronomical Society,https://doi.org/10.1093/mnras/staa3540,18,"ABSTRACT Machine learning has been widely applied to clearly defined problems of astronomy and astrophysics. However, deep learning and its conceptual differences to classical machine learning have been largely overlooked in these fields. The broad hypothesis behind our work is that letting the abundant real astrophysical data speak for itself, with minimal supervision and no labels, can reveal interesting patterns that may facilitate discovery of novel physical relationships. Here, as the first step, we seek to interpret the representations a deep convolutional neural network chooses to learn, and find correlations in them with current physical understanding. We train an encoder–decoder architecture on the self-supervised auxiliary task of reconstruction to allow it to learn general representations without bias towards any specific task. By exerting weak disentanglement at the information bottleneck of the network, we implicitly enforce interpretability in the learned features. We develop two independent statistical and information-theoretical methods for finding the number of learned informative features, as well as measuring their true correlation with astrophysical validation labels. As a case study, we apply this method to a data set of ∼270 000 stellar spectra, each of which comprising ∼300 000 dimensions. We find that the network clearly assigns specific nodes to estimate (notions of) parameters such as radial velocity and effective temperature without being asked to do so, all in a completely physics-agnostic process. This supports the first part of our hypothesis. Moreover, we find with high confidence that there are ∼4 more independently informative dimensions that do not show a direct correlation with our validation parameters, presenting potential room for future studies.",2026-07-30T05:00:44+00:00
machine learning stellar spectra,run001_ml_stellar_spectra,https://openalex.org/W2164255929,https://doi.org/10.1111/j.1365-2966.2005.09456.x,An active instance-based machine learning method for stellar population studies,T. Solorio; O. Fuentes; R. Terlevich; E. Terlevich,2005,Monthly Notices of the Royal Astronomical Society,https://doi.org/10.1111/j.1365-2966.2005.09456.x,18,"We have developed a method for fast and accurate stellar population parameters determination in order to apply it to high resolution galaxy spectra. The method is based on an optimization technique that combines active learning with an instance-based machine learning algorithm. We tested the method with the retrieval of the star-formation history and dust content in ""synthetic"" galaxies with a wide range of S/N ratios. The ""synthetic"" galaxies where constructed using two different grids of high resolution theoretical population synthesis models. The results of our controlled experiment shows that our method can estimate with good speed and accuracy the parameters of the stellar populations that make up the galaxy even for very low S/N input. For a spectrum with S/N=5 the typical average deviation between the input and fitted spectrum is less than 10**{-5}. Additional improvements are achieved using prior knowledge.",2026-07-30T05:00:44+00:00
machine learning stellar spectra,run001_ml_stellar_spectra,https://openalex.org/W3008451002,https://doi.org/10.3847/1538-3881/ab7a97,APOGEE Net: Improving the Derived Spectral Parameters for Young Stars through Deep Learning,Richard Olney; Marina Kounkel; Chad Schillinger; Matthew T. Scoggins; Yichuan Yin; Erin Howard; K. R. Covey; Brian Hutchinson; Keivan G. Stassun,2020,The Astronomical Journal,https://doi.org/10.3847/1538-3881/ab7a97,46,"Abstract Machine learning allows for efficient extraction of physical properties from stellar spectra that have been obtained by large surveys. The viability of machine-learning approaches has been demonstrated for spectra covering a variety of wavelengths and spectral resolutions, but most often for main-sequence (MS) or evolved stars, where reliable synthetic spectra provide labels and data for training. Spectral models of young stellar objects (YSOs) and low-mass MS stars are less well-matched to their empirical counterparts, however, posing barriers to previous approaches to classify spectra of such stars. In this work, we generate labels for YSOs and low-mass MS stars through their photometry. We then use these labels to train a deep convolutional neural network to predict , T eff , and Fe/H for stars with Apache Point Observatory Galactic Evolution Experiment (APOGEE) spectra in the DR14 data set. This “APOGEE Net” has produced reliable predictions of for YSOs, with uncertainties of within 0.1 dex and a good agreement with the structure indicated by pre-MS evolutionary tracks, and it correlates well with independently derived stellar radii. These values will be useful for studying pre-MS stellar populations to accurately diagnose membership and ages.",2026-07-30T05:00:44+00:00
machine learning stellar spectra,run001_ml_stellar_spectra,https://openalex.org/W3099811482,,An Active Instance-based Machine Learning method for Stellar Population Studies,Thamar Solorio; Olac Fuentes; Roberto Terlevich; Elena Terlevich,2005,,http://citeseerx.ist.psu.edu/viewdoc/summary?doi=10.1.1.258.1898,17,"We have developed a method for fast and accurate stellar population parameters determination in order to apply it to high resolution galaxy spectra. The method is based on an optimization technique that combines active learning with an instance-based machine learning algorithm. We tested the method with the retrieval of the star-formation history and dust content in ""synthetic"" galaxies with a wide range of S/N ratios. The ""synthetic"" galaxies where constructed using two different grids of high resolution theoretical population synthesis models. The results of our controlled experiment shows that our method can estimate with good speed and accuracy the parameters of the stellar populations that make up the galaxy even for very low S/N input. For a spectrum with S/N=5 the typical average deviation between the input and fitted spectrum is less than 10**{-5}. Additional improvements are achieved using prior knowledge.",2026-07-30T05:00:44+00:00
machine learning stellar spectra,run001_ml_stellar_spectra,https://openalex.org/W4200631758,https://doi.org/10.3847/1538-3881/ac4039,Mapping the Diversity of Galaxy Spectra with Deep Unsupervised Machine Learning,Hossen Teimoorinia; Finn Archinuk; Joanna Woo; Sara Shishehchi; Asa F. L. Bluck,2022,The Astronomical Journal,https://doi.org/10.3847/1538-3881/ac4039,21,"Abstract Modern spectroscopic surveys of galaxies such as MaNGA consist of millions of diverse spectra covering different regions of thousands of galaxies. We propose and implement a deep unsupervised machine-learning method to summarize the entire diversity of MaNGA spectra onto a 15 × 15 map (DESOM-1), where neighboring points on the map represent similar spectra. We demonstrate our method as an alternative to conventional full spectral fitting for deriving physical quantities and full probability distributions much more efficiently than traditional resource-intensive Bayesian methods. Since spectra are grouped by similarity, the distribution of spectra onto the map for a single galaxy, i.e., its “fingerprint,” reveals the presence of distinct stellar populations within the galaxy, indicating smoother or episodic star formation histories. We further map the diversity of galaxy fingerprints onto a second map (DESOM-2). Using galaxy images and independent measures of galaxy morphology, we confirm that galaxies with similar fingerprints have similar morphologies and inclination angles. Since morphological information was not used in the mapping algorithm, relating galaxy morphology to the star formation histories encoded in the fingerprints is one example of how the DESOM maps can be used to make scientific inferences.",2026-07-30T05:00:44+00:00
machine learning stellar spectra,run001_ml_stellar_spectra,https://openalex.org/W2899826578,https://doi.org/10.1051/0004-6361/201732134,Machine learning in APOGEE,Rafael Garcia‐Dias; Carlos Allende Prieto; J. Sánchez Alméida; I. Ordovás-Pascual,2018,Astronomy and Astrophysics,https://doi.org/10.1051/0004-6361/201732134,23,"Context. The volume of data generated by astronomical surveys is growing rapidly. Traditional analysis techniques in spectroscopy either demand intensive human interaction or are computationally expensive. In this scenario, machine learning, and unsupervised clustering algorithms in particular, offer interesting alternatives. The Apache Point Observatory Galactic Evolution Experiment (APOGEE) offers a vast data set of near-infrared stellar spectra, which is perfect for testing such alternatives. Aims. Our research applies an unsupervised classification scheme based on K -means to the massive APOGEE data set. We explore whether the data are amenable to classification into discrete classes. Methods. We apply the K -means algorithm to 153 847 high resolution spectra ( R ≈ 22 500). We discuss the main virtues and weaknesses of the algorithm, as well as our choice of parameters. Results. We show that a classification based on normalised spectra captures the variations in stellar atmospheric parameters, chemical abundances, and rotational velocity, among other factors. The algorithm is able to separate the bulge and halo populations, and distinguish dwarfs, sub-giants, RC, and RGB stars. However, a discrete classification in flux space does not result in a neat organisation in the parameters’ space. Furthermore, the lack of obvious groups in flux space causes the results to be fairly sensitive to the initialisation, and disrupts the efficiency of commonly-used methods to select the optimal number of clusters. Our classification is publicly available, including extensive online material associated with the APOGEE Data Release 12 (DR12). Conclusions. Our description of the APOGEE database can help greatly with the identification of specific types of targets for various applications. We find a lack of obvious groups in flux space, and identify limitations of the K -means algorithm in dealing with this kind of data.",2026-07-30T05:00:44+00:00
machine learning stellar spectra,run001_ml_stellar_spectra,https://openalex.org/W2139768786,https://doi.org/10.1093/mnras/stv2593,Oscillation frequencies for 35<i>Kepler</i>solar-type planet-hosting stars using Bayesian techniques and machine learning,G. R. Davies; V. Silva Aguirre; T. R. Bedding; R. Handberg; Mikkel N. Lund; W. J. Chaplin; Daniel Huber; T. R. White; O. Benomar; S. Hekker; Sarbani Basu; T. L. Campante; J. Christensen‐Dalsgaard; Y. Elsworth; C. Karoff; H. Kjeldsen; M. Lundkvist; Τ. S. Metcalfe; Dennis Stello,2015,Monthly Notices of the Royal Astronomical Society,https://doi.org/10.1093/mnras/stv2593,153,"Kepler has revolutionized our understanding of both exoplanets and their host stars. Asteroseismology is a valuable tool in the characterization of stars and Kepler is an excellent observing facility to perform asteroseismology. Here we select a sample of 35 Kepler solar-type stars which host transiting exoplanets (or planet candidates) with detected solar-like oscillations. Using available Kepler short cadence data up to Quarter 16 we create power spectra optimized for asteroseismology of solar-type stars. We identify modes of oscillation and estimate mode frequencies by ‘peak bagging’ using a Bayesian Markov Chain Monte Carlo framework. In addition, we expand the methodology of quality assurance using a Bayesian unsupervised machine learning approach. We report the measured frequencies of the modes of oscillation for all 35 stars and frequency ratios commonly used in detailed asteroseismic modelling. Due to the high correlations associated with frequency ratios we report the covariance matrix of all frequencies measured and frequency ratios calculated. These frequencies, frequency ratios, and covariance matrices can be used to obtain tight constraint on the fundamental parameters of these planet-hosting stars.",2026-07-30T05:00:44+00:00
machine learning stellar spectra,run001_ml_stellar_spectra,https://openalex.org/W4384201335,https://doi.org/10.1007/s41116-023-00038-x,Machine learning in solar physics,A. Asensio Ramos; Mark C. M. Cheung; Iulia Chifu; R. Gafeira,2023,Living Reviews in Solar Physics,https://doi.org/10.1007/s41116-023-00038-x,67,"Abstract The application of machine learning in solar physics has the potential to greatly enhance our understanding of the complex processes that take place in the atmosphere of the Sun. By using techniques such as deep learning, we are now in the position to analyze large amounts of data from solar observations and identify patterns and trends that may not have been apparent using traditional methods. This can help us improve our understanding of explosive events like solar flares, which can have a strong effect on the Earth environment. Predicting hazardous events on Earth becomes crucial for our technological society. Machine learning can also improve our understanding of the inner workings of the sun itself by allowing us to go deeper into the data and to propose more complex models to explain them. Additionally, the use of machine learning can help to automate the analysis of solar data, reducing the need for manual labor and increasing the efficiency of research in this field.",2026-07-30T05:00:44+00:00
machine learning stellar spectra,run001_ml_stellar_spectra,https://openalex.org/W4288485600,https://doi.org/10.1051/0004-6361/201834264,The quest for stellar coronal mass ejections in late-type stars,K. Vida; M. Leitzinger; L. Kriskovics; B. Seli; P. Odert; Orsolya E. Kovács; H. Korhonen; L. van Driel‐Gesztelyi,2019,Astronomy and Astrophysics,https://doi.org/10.1051/0004-6361/201834264,110,"Context. Flares and coronal mass ejections (CMEs) can have deleterious effects on their surroundings: they can erode or completely destroy atmospheres of orbiting planets over time and also have high importance in stellar evolution. Most of the CME detections in the literature are single events found serendipitously sparse for statistical investigation. Aims. We aimed to gather a large amount of spectral data of M-dwarfs to drastically increase the number of known events to make statistical analysis possible in order to study the properties of potential stellar CMEs. Methods. Using archival spectral data we investigated asymmetric features of Balmer-lines, which could indicate the Doppler-signature of ejected material. Results. Of more than 5500 spectra we find 478 that have line asymmetries – including nine larger events, in terms of velocity and mass – on 25 objects, with 1.2–19.6 events per day on objects with line asymmetries. Most events are connected with enhanced peaks of Balmer-lines, indicating that these are connected to flares similar to solar events. In most cases the detected speed does not reach surface escape velocity: the typical observed maximum velocities are on the order of 100–300 km s −1 , while the typical masses of the ejecta were on the order of 10 15 −10 18 g. Statistical analysis of the events suggests that these events are more frequent on cooler stars with stronger chromospheric activity. Conclusions. If the detected events correspond to CMEs, the detected maximum velocities are lower than those observed on the Sun, while event rates were somewhat lower than we could expect from the solar case. If the velocities are not distorted significantly due to a projection effect, these findings may support the idea that most of the coronal mass ejections could be suppressed by a strong magnetic field. Alternatively, it is possible that we can observe only an early low-coronal phase of the events before being accelerated at higher altitudes. Our findings could indicate that later-type, active dwarfs could be a safer environment for exoplanetary systems CME-wise than previously thought, and atmosphere loss due to radiation effects would play a stronger role in exoplanetary atmosphere evolution than CMEs.",2026-07-30T05:00:44+00:00
machine learning stellar spectra,run001_ml_stellar_spectra,https://openalex.org/W3113695400,https://doi.org/10.1051/0004-6361/202039765,Stellar chromospheric activity of 1674 FGK stars from the AMBRE-HARPS sample,J. Gomes da Silva; N. C. Santos; V. Adibekyan; S. G. Sousa; T. L. Campante; P. Figueira; D. Bossini; E. Delgado-Mena; M. J. P. F. G. Monteiro; P. de Laverny; A. Recio–Blanco; C. Lovis,2020,Astronomy and Astrophysics,https://doi.org/10.1051/0004-6361/202039765,128,"Aims. The main objective of this project is to characterise chromospheric activity of FGK stars from the HARPS archive. We start, in this first paper, by presenting a catalogue of homogeneously determined chromospheric emission (CE), stellar atmospheric parameters, and ages for 1674 FGK main sequence (MS), subgiant, and giant stars. The analysis of CE level and variability is also performed. Methods. We measured CE in the Ca II H&amp;K lines using more than 180 000 high-resolution spectra from the HARPS spectrograph, as compiled in the AMBRE project, obtained between 2003 and 2019. We converted the fluxes to bolometric and photospheric corrected chromospheric emission ratio, R HK ′ . Stellar atmospheric parameters T eff , log g , and [Fe/H] were retrieved from the literature or determined using a homogeneous method. M ⋆ , R ⋆ , and ages were determined from isochrone fitting. Results. We show that our sample has a distribution of CE for MS stars that is consistent with an unbiased sample of solar-neighbour MS stars. We analysed the CE distribution for the different luminosity classes and spectral types and confirmed the existence of the very inactive (VI) star and very active star populations at log R HK ′ &lt; −5.1 and &gt; − 4.2 dex, respectively. We found indications that the VI population is composed mainly of subgiant and giant stars and that log R HK ′ = −5.1 dex marks a transition in stellar evolution. Overall, CE variability decreases with decreasing CE level but its distribution is complex. There appears to be at least three regimes of variability for inactive, active, and very active stars, with the inactive and active regimes separated by a diagonal, extended Vaughan-Preston (VP) gap. We show that stars with low activity levels do not necessarily have low variability. In the case of K dwarfs, which show high CE variability, inactive and active stars have similar levels of activity variability. This means that activity levels alone are not enough to infer the activity variability of a star. We also explain the shape of the VP gap observed in the distribution of CE using the CE variability-level diagram. In the CE variability-level diagram, the Sun is located in the high-variability region of the inactive MS stars zone. A method to extract the probability density function of the CE variability for a given log R HK ′ level is discussed, and a python code to retrieve it is provided.",2026-07-30T05:00:44+00:00
machine learning stellar spectra,run001_ml_stellar_spectra,https://openalex.org/W4281823699,https://doi.org/10.1093/mnras/stac1469,Mimicking the halo–galaxy connection using machine learning,"Artale, María Celeste",2022,LA Referencia (Red Federada de Repositorios Institucionales de Publicaciones Científicas),https://doi.org/10.1093/mnras/stac1469,29,"ABSTRACT Elucidating the connection between the properties of galaxies and the properties of their hosting haloes is a key element in galaxy formation. When the spatial distribution of objects is also taken under consideration, it becomes very relevant for cosmological measurements. In this paper, we use machine-learning techniques to analyse these intricate relations in the IllustrisTNG300 magnetohydrodynamical simulation, predicting baryonic properties from halo properties. We employ four different algorithms: extremely randomized trees, K-nearest neighbours, light gradient boosting machine, and neural networks, along with a unique and powerful combination of the results from all four approaches. Overall, the different algorithms produce consistent results in terms of predicting galaxy properties from a set of input halo properties that include halo mass, concentration, spin, and halo overdensity. For stellar mass, the Pearson correlation coefficient is 0.98, dropping down to 0.7–0.8 for specific star formation rate (sSFR), colour, and size. In addition, we apply, for the first time in this context, an existing data augmentation method, synthetic minority oversampling technique for regression with Gaussian noise (SMOGN), designed to alleviate the problem of imbalanced data sets, showing that it improves the overall shape of the predicted distributions and the scatter in the halo–galaxy relations. We also demonstrate that our predictions are good enough to reproduce the power spectra of multiple galaxy populations, defined in terms of stellar mass, sSFR, colour, and size with high accuracy. Our results align with previous reports suggesting that certain galaxy properties cannot be reproduced using halo features alone.",2026-07-30T05:00:44+00:00
machine learning stellar spectra,run001_ml_stellar_spectra,https://openalex.org/W4306248068,https://doi.org/10.1039/d2nh00377e,"Machine learning in electron microscopy for advanced nanocharacterization: current developments, available tools and future outlook",Marc Botifoll; Ivan Pinto‐Huguet; Jordi Arbiol,2022,Nanoscale Horizons,https://doi.org/10.1039/d2nh00377e,124,", high-energy physics, astronomy, Earth sciences, and even robotics, videogames, or marketing and finances), in order to narrow down the incoming future of electron microscopy, its challenges and outlook.",2026-07-30T05:00:44+00:00
machine learning stellar spectra,run001_ml_stellar_spectra,https://openalex.org/W2977076818,https://doi.org/10.1093/mnras/stz3006,Galaxy morphological classification in deep-wide surveys via unsupervised machine learning,Garreth Martin; Sugata Kaviraj; Anne M. Hocking; S. Read; J. E. Geach,2019,Monthly Notices of the Royal Astronomical Society,https://doi.org/10.1093/mnras/stz3006,84,"ABSTRACT Galaxy morphology is a fundamental quantity, which is essential not only for the full spectrum of galaxy-evolution studies, but also for a plethora of science in observational cosmology (e.g. as a prior for photometric-redshift measurements and as contextual data for transient light-curve classifications). While a rich literature exists on morphological-classification techniques, the unprecedented data volumes, coupled, in some cases, with the short cadences of forthcoming ‘Big-Data’ surveys (e.g. from the LSST), present novel challenges for this field. Large data volumes make such data sets intractable for visual inspection (even via massively distributed platforms like Galaxy Zoo), while short cadences make it difficult to employ techniques like supervised machine learning, since it may be impractical to repeatedly produce training sets on short time-scales. Unsupervised machine learning, which does not require training sets, is ideally suited to the morphological analysis of new and forthcoming surveys. Here, we employ an algorithm that performs clustering of graph representations, in order to group image patches with similar visual properties and objects constructed from those patches, like galaxies. We implement the algorithm on the Hyper-Suprime-Cam Subaru-Strategic-Program Ultra-Deep survey, to autonomously reduce the galaxy population to a small number (160) of ‘morphological clusters’, populated by galaxies with similar morphologies, which are then benchmarked using visual inspection. The morphological classifications (which we release publicly) exhibit a high level of purity, and reproduce known trends in key galaxy properties as a function of morphological type at z &amp;lt; 1 (e.g. stellar-mass functions, rest-frame colours, and the position of galaxies on the star-formation main sequence). Our study demonstrates the power of unsupervised machine learning in performing accurate morphological analysis, which will become indispensable in this new era of deep-wide surveys.",2026-07-30T05:00:44+00:00
machine learning stellar spectra,run001_ml_stellar_spectra,https://openalex.org/W2772961215,https://doi.org/10.1093/mnras/sty2169,Inferring the star formation histories of massive quiescent galaxies with bagpipes: evidence for multiple quenching mechanisms,Adam C. Carnall; R. J. McLure; J. S. Dunlop; Romeel Davé,2018,Monthly Notices of the Royal Astronomical Society,https://doi.org/10.1093/mnras/sty2169,790,"We present Bayesian Analysis of Galaxies for Physical Inference and Parameter EStimation, or bagpipes, a new python tool that can be used to rapidly generate complex model galaxy spectra and to fit these to arbitrary combinations of spectroscopic and photometric data using the multinest nested sampling algorithm. We extensively test our ability to recover realistic star formation histories (SFHs) by fitting mock observations of quiescent galaxies from the mufasa simulation. We then perform a detailed analysis of the SFHs of a sample of 9289 quiescent galaxies from UltraVISTA with stellar masses, M* > 1010 M⊙ and redshifts 0.25 < |$z$| < 3.75. The majority of our sample exhibit SFHs that rise gradually then quench relatively rapidly over 1−2 Gyr. This behaviour is consistent with recent cosmological hydrodynamic simulations, where AGN-driven feedback in the low-accretion (jet) mode is the dominant quenching mechanism. At |$z$| > 1, we also find a class of objects with SFHs that rise and fall very rapidly, with quenching time-scales of <1 Gyr, consistent with quasar-mode AGN feedback. Finally, at |$z$| < 1 we find a population with SFHs which quench more slowly than they rise, over >3 Gyr, which we speculate to be the result of diminishing overall cosmic gas supply. We confirm the mass-accelerated evolution (downsizing) trend, and a trend towards more rapid quenching at higher stellar masses. However, our results suggest that the latter is a natural consequence of mass-accelerated evolution, rather than a change in quenching physics with stellar mass. We find 61 ± 8 per cent of |$z$| > 1.5 massive-quenched galaxies undergo significant further evolution by |$z$| = 0.5. bagpipes is available at bagpipes.readthedocs.io.",2026-07-30T05:00:44+00:00
machine learning stellar spectra,run001_ml_stellar_spectra,https://openalex.org/W4363678967,https://doi.org/10.1007/s44174-023-00078-9,A Novel Approach Utilizing Machine Learning for the Early Diagnosis of Alzheimer's Disease,Khandaker Mohammad Mohi Uddin; Mir Jafikul Alam; Jannat-E-Anawar; Md. Ashraf Uddin; Sunil Aryal,2023,Biomedical Materials & Devices,https://doi.org/10.1007/s44174-023-00078-9,91,,2026-07-30T05:00:44+00:00
machine learning stellar spectra,run001_ml_stellar_spectra,https://openalex.org/W4320341265,https://doi.org/10.1093/mnras/stad2597,"Full spectrum fitting with photometry in <scp>ppxf</scp>: stellar population versus dynamical masses, non-parametric star formation history and metallicity for 3200 LEGA-C galaxies at redshift <i>z</i> ≈ 0.8",Michele Cappellari,2023,Monthly Notices of the Royal Astronomical Society,https://doi.org/10.1093/mnras/stad2597,255,"ABSTRACT I introduce some improvements to the ppxf method, which measures the stellar and gas kinematics, star formation history (SFH) and chemical composition of galaxies. I describe the new optimization algorithm that ppxf uses and the changes I made to fit both spectra and photometry simultaneously. I apply the updated ppxf method to a sample of 3200 galaxies at redshift 0.6 &amp;lt; z &amp;lt; 1 (median z = 0.76, stellar mass $M_\ast \gtrsim 3\times 10^{10}$ M⊙), using spectroscopy from the LEGA-C survey (DR3) and 28-bands photometry from two different sources. I compare the masses from new JAM dynamical models with the ppxf stellar population M* and show the latter are more reliable than previous estimates. I use three different stellar population synthesis (SPS) models in ppxf and both photometric sources. I confirm the main trend of the galaxies’ global ages and metallicity [M/H] with stellar velocity dispersion σ* (or central density), but I also find that [M/H] depends on age at fixed σ*. The SFHs reveal a sharp transition from star formation to quenching for galaxies with $\lg (\sigma _\ast /\mathrm{km}\, s^{-1})\gtrsim 2.3$ ($\sigma _\ast \gtrsim 200$$\mathrm{km}\, s^{-1}$), or average mass density within 1 kpc $\lg (\Sigma _1^{\rm JAM}/\mathrm{\mathrm{M}_{\odot }kpc^{-2}})\gtrsim 9.9$ ($\Sigma _1^{\rm JAM}\gtrsim 7.9\times 10^9\, \mathrm{\mathrm{M}_{\odot }\ kpc^{-2}}$), or with $[M/H]\gtrsim -0.1$, or with Sersic index $\lg n_{\rm Ser}\gtrsim 0.5$ ($n_{\rm Ser}\gtrsim 3.2$). However, the transition is smoother as a function of M*. These results are consistent for two SPS models and both photometric sources, but they differ significantly from the third SPS model, which demonstrates the importance of comparing model assumptions.",2026-07-30T05:00:44+00:00
machine learning stellar spectra,run001_ml_stellar_spectra,https://openalex.org/W2978367381,https://doi.org/10.1093/mnrasl/slz153,The effect of stellar activity on the spectroscopic stellar parameters of the young solar twin HIP 36515,Jhon Yana Galarza; J. Meléndez; Diego Lorenzo-Oliveira; Adriana Válio; Henrique Reggiani; M. Carlos; Geisa Ponte; L. Spina; R. D. Haywood; D. Gandolfi,2019,Monthly Notices of the Royal Astronomical Society Letters,https://doi.org/10.1093/mnrasl/slz153,54,"ABSTRACT Spectroscopic equilibrium allows us to obtain precise stellar parameters in Sun-like stars. It relies on the assumption of the iron excitation and ionization equilibrium. However, several works suggest that magnetic activity may affect chemical abundances of young active stars, calling into question the validity of this widely used method. We have tested, for the first time, variations in stellar parameters and chemical abundances for the young solar twin HIP 36515 (∼0.4 Gyr), along its activity cycle. This star has stellar parameters very well established in the literature and we estimated its activity cycle in ∼6 yr. Using HARPS spectra with high resolving power (115 000) and signal-to-noise ratio (∼270), the stellar parameters of six different epochs in the cycle were estimated. We found that the stellar activity is strongly correlated with the effective temperature, metallicity, and microturbulence velocity. The possibility of changes in the Li i 6707.8 Å line due to flares and star-spots was also investigated. Although the core of the line profile shows some variations with the stellar cycle, it is compensated by changes in the effective temperature, resulting in a non-variation of the Li abundance.",2026-07-30T05:00:44+00:00
machine learning stellar spectra,run001_ml_stellar_spectra,https://openalex.org/W2795071146,https://doi.org/10.1051/0004-6361/201833099,Dissecting stellar chemical abundance space with t-SNE,F. Anders; C. Chiappini; B. X. Santiago; G. Matijevič; A. B. Queiroz; M. Steinmetz; G. Guiglion,2018,Astronomy and Astrophysics,https://doi.org/10.1051/0004-6361/201833099,89,"In the era of large-scale Galactic astronomy and multi-object spectroscopic stellar surveys, the sample sizes and the number of available stellar chemical abundances have reached dimensions in which it has become difficult to process all the available information in an effective manner. In this paper we demonstrate the use of a dimensionality-reduction technique (t-distributed stochastic neighbour embedding; t-SNE) for analysing the stellar abundance-space distribution. While the non-parametric non-linear behaviour of this technique makes it difficult to estimate the significance of any abundance-space substructure found, we show that our results depend little on parameter choices and are robust to abundance errors. By reanalysing the high-resolution high-signal-to-noise solar-neighbourhood HARPS-GTO sample with t-SNE, we find clearer chemical separations of the high- and low-[ α /Fe] disc sequences, hints for multiple populations in the high-[ α /Fe] population, and indications that the chemical evolution of the high-[ α /Fe] metal-rich stars is connected with the super-metal-rich stars. We also identify a number of chemically peculiar stars, among them a high-confidence s -process-enhanced abundance-ratio pair (HD 91345/HD 126681) with very similar ages and v X and v Y velocities, which we suggest have a common birth origin, possibly a dwarf galaxy. Our results demonstrate the potential of abundance-space t-SNE and similar methods for chemical-tagging studies with large spectroscopic surveys.",2026-07-30T05:00:44+00:00
machine learning stellar spectra,run001_ml_stellar_spectra,https://openalex.org/W3172620183,https://doi.org/10.1093/mnras/stab1744,Extending the evolution of the stellar mass–size relation at <i>z</i> ≤ 2 to low stellar mass galaxies from HFF and CANDELS,K. Nedkova; Boris Häußler; Danilo Marchesini; Paola Dimauro; Gabriel Brammer; Paul Eigenthaler; Adina D. Feinstein; Henry C. Ferguson; Evelyn J. Johnston; Erin Kado-Fong; Jeyhan S. Kartaltepe; Ivo Labbé; Daniel Lange-Vagle; Nicholas S. Martis; Elizabeth J. McGrath; Adam Muzzin; Pascal A. Oesch; Yasna Órdenes-Briceño; Thomas H. Puzia; Heath Shipley; Brooke Simmons; Rosalind E. Skelton; Mauro Stefanon; Arjen van der Wel; Katherine E. Whitaker,2021,Monthly Notices of the Royal Astronomical Society,https://doi.org/10.1093/mnras/stab1744,93,"ABSTRACT We reliably extend the stellar mass–size relation over 0.2 ≤ z ≤ 2 to low stellar mass galaxies by combining the depth of Hubble Frontier Fields with the large volume covered by CANDELS. Galaxies are simultaneously modelled in multiple bands using the tools developed by the MegaMorph project, allowing robust size (i.e. half-light radius) estimates even for small, faint, and high redshift galaxies. We show that above 107 M⊙, star-forming galaxies are well represented by a single power law on the mass–size plane over our entire redshift range. Conversely, the stellar mass–size relation is steep for quiescent galaxies with stellar masses $\ge 10^{10.3}\, {\rm M}_\odot$ and flattens at lower masses, regardless of whether quiescence is selected based on star-formation activity, rest-frame colours, or structural characteristics. This flattening occurs at sizes of ∼1 kpc at z ≤ 1. As a result, a double power law is preferred for the stellar mass–size relation of quiescent galaxies, at least above 10$^7\, {\rm M}_\odot$. We find no strong redshift dependence in the slope of the relation of star-forming galaxies as well as of high mass quiescent galaxies. We also show that star-forming galaxies with stellar masses $\ge 10^{9.5}\, {\rm M}_\odot$ and quiescent galaxies with stellar masses $\ge 10^{10.3}\, {\rm M}_\odot$ have undergone significant size growth since z ∼ 2, as expected; however, low mass galaxies have not. Finally, we supplement our data with predominantly quiescent dwarf galaxies from the core of the Fornax cluster, showing that the stellar mass–size relation is continuous below 10$^7\, {\rm M}_\odot$, but a more complicated functional form is necessary to describe the relation.",2026-07-30T05:00:44+00:00
machine learning stellar spectra,run001_ml_stellar_spectra,https://openalex.org/W4387321945,https://doi.org/10.1093/mnras/stad2992,Predicting the impact of feedback on matter clustering with machine learning in CAMELS,Ana Maria Delgado; Daniel Anglés‐Alcázar; Leander Thiele; Shivam Pandey; Kai Lehman; Rachel S. Somerville; Michelle Ntampaka; Shy Genel; Francisco Villaescusa-Navarro; Lars Hernquist,2023,Monthly Notices of the Royal Astronomical Society,https://doi.org/10.1093/mnras/stad2992,27,"ABSTRACT Extracting information from the total matter power spectrum with the precision needed for upcoming cosmological surveys requires unraveling the complex effects of galaxy formation processes on the distribution of matter. We investigate the impact of baryonic physics on matter clustering at z = 0 using a library of power spectra from the Cosmology and Astrophysics with MachinE Learning Simulations project, containing thousands of $(25\, h^{-1}\, {\rm Mpc})^3$ volume realizations with varying cosmology, initial random field, stellar and active galactic nucleus (AGN) feedback strength and subgrid model implementation methods. We show that baryonic physics affects matter clustering on scales $k \gtrsim 0.4\, h\, \mathrm{Mpc}^{-1}$ and the magnitude of this effect is dependent on the details of the galaxy formation implementation and variations of cosmological and astrophysical parameters. Increasing AGN feedback strength decreases halo baryon fractions and yields stronger suppression of power relative to N-body simulations, while stronger stellar feedback often results in weaker effects by suppressing black hole growth and therefore the impact of AGN feedback. We find a broad correlation between mean baryon fraction of massive haloes (M200c &amp;gt; 1013.5 M⊙) and suppression of matter clustering but with significant scatter compared to previous work owing to wider exploration of feedback parameters and cosmic variance effects. We show that a random forest regressor trained on the baryon content and abundance of haloes across the full mass range 1010 ≤ Mhalo/M⊙&amp;lt;1015 can predict the effect of galaxy formation on the matter power spectrum on scales k = 1.0–20.0 $h\, \mathrm{Mpc}^{-1}$.",2026-07-30T05:00:44+00:00
machine learning stellar spectra,run001_ml_stellar_spectra,https://openalex.org/W2006224949,https://doi.org/10.1073/pnas.1319909110,Prevalence of Earth-size planets orbiting Sun-like stars,Erik A. Petigura; Andrew W. Howard; Geoffrey W. Marcy,2013,Proceedings of the National Academy of Sciences,https://doi.org/10.1073/pnas.1319909110,847,"Determining whether Earth-like planets are common or rare looms as a touchstone in the question of life in the universe. We searched for Earth-size planets that cross in front of their host stars by examining the brightness measurements of 42,000 stars from National Aeronautics and Space Administration's Kepler mission. We found 603 planets, including 10 that are Earth size ( ) and receive comparable levels of stellar energy to that of Earth (1 - 2 R[Symbol: see text] ). We account for Kepler's imperfect detectability of such planets by injecting synthetic planet-caused dimmings into the Kepler brightness measurements and recording the fraction detected. We find that 11 ± 4% of Sun-like stars harbor an Earth-size planet receiving between one and four times the stellar intensity as Earth. We also find that the occurrence of Earth-size planets is constant with increasing orbital period (P), within equal intervals of logP up to ~200 d. Extrapolating, one finds 5.7(-2.2)(+1.7)% of Sun-like stars harbor an Earth-size planet with orbital periods of 200-400 d.",2026-07-30T05:00:44+00:00
machine learning stellar spectra,run001_ml_stellar_spectra,https://openalex.org/W3009249863,https://doi.org/10.1093/mnras/stab639,Unveiling the distinct formation pathways of the inner and outer discs of the Milky Way with Bayesian Machine Learning,Ioana Ciucă; Daisuke Kawata; A. Miglio; G. R. Davies; Robert J. J. Grand,2021,Monthly Notices of the Royal Astronomical Society,https://doi.org/10.1093/mnras/stab639,64,"ABSTRACT We develop a Bayesian Machine Learning framework called BINGO (Bayesian INference for Galactic archaeOlogy) centred around a Bayesian neural network. After being trained on the Apache Point Observatory Galactic Evolution Experiment (APOGEE) and Kepler asteroseismic age data, BINGO is used to obtain precise relative stellar age estimates with uncertainties for the APOGEE stars. We carefully construct a training set to minimize bias and apply BINGO to a stellar population that is similar to our training set. We then select the 17 305 stars with ages from BINGO and reliable kinematic properties obtained from Gaia DR2. By combining the age and chemo-kinematical information, we dissect the Galactic disc stars into three components, namely the thick disc (old, high-[α/Fe], [α/Fe] ≳ 0.12), the thin disc (young, low-[α/Fe]), and the Bridge, which is a region between the thick and thin discs. Our results indicate that the thick disc formed at an early epoch only in the inner region, and the inner disc smoothly transforms to the thin disc. We found that the outer disc follows a different chemical evolution pathway from the inner disc. The outer metal-poor stars only start forming after the compact thick disc phase has completed and the star-forming gas disc extended outwardly with metal-poor gas accretion. We found that in the Bridge region the range of [Fe/H] becomes wider with decreasing age, which suggests that the Bridge region corresponds to the transition phase from the smaller chemically well-mixed thick to a larger thin disc with a metallicity gradient.",2026-07-30T05:00:44+00:00
machine learning stellar spectra,run001_ml_stellar_spectra,https://openalex.org/W3043645409,https://doi.org/10.1051/0004-6361/202038986,The miniJPAS survey: star-galaxy classification using machine learning,P. O. Baqui; Valerio Marra; Luciano Casarini; Raúl E. Angulo; L. A. Díaz-García; C. Hernández–Monteagudo; P. A. A. Lopes; C. López-Sanjuán; D. Muniesa; Vinicius M. Placco; Miguel Quartin; C. Queiroz; David Sobral; E. Solano; Elmo Tempel; J. Varela; J. M. Vı́lchez; L. Raul Abramo; J. S. Alcaniz; N. Benı́tez; Silvia Bonoli; S. Carneiro; A. J. Cenarro; D. Cristòbal-Hornillos; A. L. de Amorim; C. Mendes de Oliveira; Renato A. Dupke; A. Ederoclite; R. M. González Delgado; A. Marín-Franch; M. Moles; H. Vázquez Ramió; L. Sodré; K. Taylor,2020,Astronomy and Astrophysics,https://doi.org/10.1051/0004-6361/202038986,55,"Context. Future astrophysical surveys such as J-PAS will produce very large datasets, the so-called “big data”, which will require the deployment of accurate and efficient machine-learning (ML) methods. In this work, we analyze the miniJPAS survey, which observed about ∼1 deg 2 of the AEGIS field with 56 narrow-band filters and 4 u g r i broad-band filters. The miniJPAS primary catalog contains approximately 64 000 objects in the r detection band (mag A B ≲ 24), with forced-photometry in all other filters. Aims. We discuss the classification of miniJPAS sources into extended (galaxies) and point-like (e.g., stars) objects, which is a step required for the subsequent scientific analyses. We aim at developing an ML classifier that is complementary to traditional tools that are based on explicit modeling. In particular, our goal is to release a value-added catalog with our best classification. Methods. In order to train and test our classifiers, we cross-matched the miniJPAS dataset with SDSS and HSC-SSP data, whose classification is trustworthy within the intervals 15 ≤ r ≤ 20 and 18.5 ≤ r ≤ 23.5, respectively. We trained and tested six different ML algorithms on the two cross-matched catalogs: K-nearest neighbors, decision trees, random forest (RF), artificial neural networks, extremely randomized trees (ERT), and an ensemble classifier. This last is a hybrid algorithm that combines artificial neural networks and RF with the J-PAS stellar and galactic loci classifier. As input for the ML algorithms we used the magnitudes from the 60 filters together with their errors, with and without the morphological parameters. We also used the mean point spread function in the r detection band for each pointing. Results. We find that the RF and ERT algorithms perform best in all scenarios. When the full magnitude range of 15 ≤ r ≤ 23.5 is analyzed, we find an area under the curve AUC = 0.957 with RF when photometric information alone is used, and AUC = 0.986 with ERT when photometric and morphological information is used together. When morphological parameters are used, the full width at half maximum is the most important feature. When photometric information is used alone, we observe that broad bands are not necessarily more important than narrow bands, and errors (the width of the distribution) are as important as the measurements (central value of the distribution). In other words, it is apparently important to fully characterize the measurement. Conclusions. ML algorithms can compete with traditional star and galaxy classifiers; they outperform the latter at fainter magnitudes ( r ≳ 21). We use our best classifiers, with and without morphology, in order to produce a value-added catalog.",2026-07-30T05:00:44+00:00
machine learning stellar spectra,run001_ml_stellar_spectra,https://openalex.org/W2963366664,https://doi.org/10.1093/mnras/stz2731,"The southern stellar stream spectroscopic survey (S5): Overview, target selection, data reduction, validation, and early science",Ting S. Li; S. E. Koposov; D. B. Zucker; Geraint F. Lewis; K. Kuehn; Jeffrey D. Simpson; Alexander P. Ji; Nora Shipp; Yao-Yuan Mao; Marla Geha; Andrew B. Pace; Dougal Mackey; S. Allam; D. L. Tucker; G. S. Da Costa; Denis Erkal; Joshua D. Simon; J. R. Mould; Sarah L. Martell; Zhen Wan; G M De Silva; K. Bechtol; E. Balbinot; Vasily Belokurov; Joss Bland‐Hawthorn; Andrew R. Casey; Lara R. Cullinane; A. Drlica-Wagner; Sanjib Sharma; A. K. Vivas; Risa H. Wechsler; B. Yanny,2019,Monthly Notices of the Royal Astronomical Society,https://doi.org/10.1093/mnras/stz2731,120,"ABSTRACT We introduce the southern stellar stream spectroscopy survey (S5), an on-going program to map the kinematics and chemistry of stellar streams in the southern hemisphere. The initial focus of S5 has been spectroscopic observations of recently identified streams within the footprint of the dark energy survey (DES), with the eventual goal of surveying streams across the entire southern sky. Stellar streams are composed of material that has been tidally striped from dwarf galaxies and globular clusters and hence are excellent dynamical probes of the gravitational potential of the Milky Way, as well as providing a detailed snapshot of its accretion history. Observing with the 3.9 m Anglo-Australian Telescope’s 2-degree-Field fibre positioner and AAOmega spectrograph, and combining the precise photometry of DES DR1 with the superb proper motions from Gaia DR2, allows us to conduct an efficient spectroscopic survey to map these stellar streams. So far S5 has mapped nine DES streams and three streams outside of DES; the former are the first spectroscopic observations of these recently discovered streams. In addition to the stream survey, we use spare fibres to undertake a Milky Way halo survey and a low-redshift galaxy survey. This paper presents an overview of the S5 program, describing the scientific motivation for the survey, target selection, observation strategy, data reduction, and survey validation. Finally, we describe early science results on stellar streams and Milky Way halo stars drawn from the survey. Updates on S5, including future public data releases, can be found at http://s5collab.github.io.",2026-07-30T05:00:44+00:00
machine learning stellar spectra,run001_ml_stellar_spectra,https://openalex.org/W2999093079,https://doi.org/10.3847/1538-4357/ab6dea,SPCANet: Stellar Parameters and Chemical Abundances Network for LAMOST-II Medium Resolution Survey,Rui Wang; A-Li Luo; Jian-Jun Chen; Wen Hou; Shuo Zhang; Yongheng Zhao; Xiangru Li; Yonghui Hou,2020,The Astrophysical Journal,https://doi.org/10.3847/1538-4357/ab6dea,67,"Abstract The fundamental stellar atmospheric parameters ( T eff and log g ) and 13 chemical abundances are derived for medium-resolution spectroscopy from Large Sky Area Multi-Object Fiber Spectroscopic Telescope (LAMOST) Medium Resolution Survey (MRS) data sets with a deep-learning method. The neural networks we designed, named SPCANet, precisely map LAMOST MRS spectra to stellar parameters and chemical abundances. The stellar labels derived by SPCANet have precisions of 119 K for T eff and 0.17 dex for log g . The abundance precision of 11 elements including [C/H], [N/H], [O/H], [Mg/H], [Al/H], [Si/H], [S/H], [Ca/H], [Ti/H], [Cr/H], [Fe/H], and [Ni/H] are 0.06 ∼ 0.12 dex, while that of [Cu/H] is 0.19 dex. These precisions can be reached even for spectra with signal-to-noise ratios as low as 10. The results of SPCANet are consistent with those from other surveys such as APOGEE, GALAH, and RAVE, and are also validated with the previous literature values including clusters and field stars. The catalog of the estimated parameters is available at doi: 10.12149/101012 .",2026-07-30T05:00:44+00:00
machine learning stellar spectra,run001_ml_stellar_spectra,https://openalex.org/W2143169117,https://doi.org/10.1093/mnras/stv2310,Machine learning and cosmological simulations – I. Semi-analytical models,Harshil Kamdar; Matthew Turk; Róbert Brunner,2015,Monthly Notices of the Royal Astronomical Society,https://doi.org/10.1093/mnras/stv2310,49,"We present a new exploratory framework to model galaxy formation and evolution in a hierarchical Universe by using machine learning (ML). Our motivations are two-fold: (1) presenting a new, promising technique to study galaxy formation, and (2) quantitatively analysing the extent of the influence of dark matter halo properties on galaxies in the backdrop of semi-analytical models (SAMs). We use the influential Millennium Simulation and the corresponding Munich SAM to train and test various sophisticated ML algorithms (k-Nearest Neighbors, decision trees, random forests, and extremely randomized trees). By using only essential dark matter halo physical properties for haloes of M > 1012 M⊙ and a partial merger tree, our model predicts the hot gas mass, cold gas mass, bulge mass, total stellar mass, black hole mass and cooling radius at z = 0 for each central galaxy in a dark matter halo for the Millennium run. Our results provide a unique and powerful phenomenological framework to explore the galaxy–halo connection that is built upon SAMs and demonstrably place ML as a promising and a computationally efficient tool to study small-scale structure formation.",2026-07-30T05:00:44+00:00
machine learning stellar spectra,run001_ml_stellar_spectra,https://openalex.org/W4293311441,https://doi.org/10.1051/0004-6361/201731483,Spectrum radial velocity analyser (SERVAL),M. Zechmeister; A. Reiners; P. J. Amado; M. Azzaro; F. F. Bauer; V. J. S. Béjar; J. A. Caballero; E. W. Guenther; H.-J. Hagen; S. V. Jeffers; A. Kaminski; M. Kürster; R. Launhardt; D. Montes; J. C. Morales; A. Quirrenbach; S. Reffert; I. Ribas; W. Seifert; L. Tal-Or; V. Wolthoff,2017,Astronomy and Astrophysics,https://doi.org/10.1051/0004-6361/201731483,465,"Context. The CARMENES survey is a high-precision radial velocity (RV) programme that aims to detect Earth-like planets orbiting low-mass stars. Aims. We develop least-squares fitting algorithms to derive the RVs and additional spectral diagnostics implemented in the SpEctrum Radial Velocity AnaLyser (SERVAL), a publicly available python code. Methods. We measured the RVs using high signal-to-noise templates created by coadding all available spectra of each star. We define the chromatic index as the RV gradient as a function of wavelength with the RVs measured in the echelle orders. Additionally, we computed the differential line width by correlating the fit residuals with the second derivative of the template to track variations in the stellar line width. Results. Using HARPS data, our SERVAL code achieves a RV precision at the level of 1 m/s. Applying the chromatic index to CARMENES data of the active star YZ CMi, we identify apparent RV variations induced by stellar activity. The differential line width is found to be an alternative indicator to the commonly used full width half maximum. Conclusions. We find that at the red optical wavelengths (700–900 nm) obtained by the visual channel of CARMENES, the chromatic index is an excellent tool to investigate stellar active regions and to identify and perhaps even correct for activity-induced RV variations.",2026-07-30T05:00:44+00:00
machine learning stellar spectra,run001_ml_stellar_spectra,https://openalex.org/W4205885782,https://doi.org/10.1155/2022/4489359,Automated Stellar Spectra Classification with Ensemble Convolutional Neural Network,Zhuang Zhao; Jiyu Wei; Bin Jiang,2022,Advances in Astronomy,https://doi.org/10.1155/2022/4489359,8,"Large sky survey telescopes have produced a tremendous amount of astronomical data, including spectra. Machine learning methods must be employed to automatically process the spectral data obtained by these telescopes. Classification of stellar spectra by applying deep learning is an important research direction for the automatic classification of high-dimensional celestial spectra. In this paper, a robust ensemble convolutional neural network (ECNN) was designed and applied to improve the classification accuracy of massive stellar spectra from the Sloan digital sky survey. We designed six classifiers which consist six different convolutional neural networks (CNN), respectively, to recognize the spectra in DR16. Then, according the cross-entropy testing error of the spectra at different signal-to-noise ratios, we integrate the results of different classifiers in an ensemble learning way to improve the effect of classification. The experimental result proved that our one-dimensional ECNN strategy could achieve 95.0% accuracy in the classification task of the stellar spectra, a level of accuracy that exceeds that of the classical principal component analysis and support vector machine model.",2026-07-30T05:00:44+00:00
machine learning stellar spectra,run001_ml_stellar_spectra,https://openalex.org/W2949389789,https://doi.org/10.1038/s41467-019-10036-z,Information-rich localization microscopy through machine learning,Taehwan Kim; Seonah Moon; Ke Xu,2019,Nature Communications,https://doi.org/10.1038/s41467-019-10036-z,55,"Recent years have witnessed the development of single-molecule localization microscopy as a generic tool for sampling diverse biologically relevant information at the super-resolution level. While current approaches often rely on the target-specific alteration of the point spread function to encode the multidimensional contents of single fluorophores, the details of the point spread function in an unmodified microscope already contain rich information. Here we introduce a data-driven approach in which artificial neural networks are trained to make a direct link between an experimental point spread function image and its underlying, multidimensional parameters, and compare results with alternative approaches based on maximum likelihood estimation. To demonstrate this concept in real systems, we decipher in fixed cells both the colors and the axial positions of single molecules in regular localization microscopy data.",2026-07-30T05:00:44+00:00
machine learning stellar spectra,run001_ml_stellar_spectra,https://openalex.org/W3106471209,https://doi.org/10.1051/0004-6361/201833099/pdf,Dissecting stellar chemical abundance space with t-SNE,F. Anders; C. Chiappini; B. X. Santiago; G. Matijevič; A. B. A. Queiroz; Matthias Steinmetz; G. Guiglion,2018,LA Referencia (Red Federada de Repositorios Institucionales de Publicaciones Científicas),http://hdl.handle.net/10183/204135,72,"In the era of large-scale Galactic astronomy and multi-object spectroscopic stellar surveys, the sample sizes and the number of available stellar chemical abundances have reached dimensions in which it has become difficult to process all the available information in an effective manner. In this paper we demonstrate the use of a dimensionality-reduction technique (t-distributed stochastic neighbour embedding; t-SNE) for analysing the stellar abundance-space distribution. While the non-parametric non-linear behaviour of this technique makes it difficult to estimate the significance of any abundance-space substructure found, we show that our results depend little on parameter choices and are robust to abundance errors. By reanalysing the high-resolution high-signal-to-noise solar-neighbourhood HARPS-GTO sample with t-SNE, we find clearer chemical separations of the high- and low-[α/Fe] disc sequences, hints for multiple populations in the high-[α/Fe] population, and indications that the chemical evolution of the high-[α/Fe] metal-rich stars is connected with the super-metal-rich stars. We also identify a number of chemically peculiar stars, among them a high-confidence s-process-enhanced abundance-ratio pair (HD 91345/HD 126681) with very similar ages and v X and v Y velocities, which we suggest have a common birth origin, possibly a dwarf galaxy. Our results demonstrate the potential of abundance-space t-SNE and similar methods for chemical-tagging studies with large spectroscopic surveys.",2026-07-30T05:00:44+00:00
machine learning stellar spectra,run001_ml_stellar_spectra,https://openalex.org/W3097410698,https://doi.org/10.1093/mnras/stab1323,Separating planetary reflex Doppler shifts from stellar variability in the wavelength domain,A. Collier Cameron; Eric B. Ford; S. Shahaf; S. Aigrain; X. Dumusque; R. D. Haywood; Annelies Mortier; David F. Phillips; Lars A. Buchhave; M. Cecconi; H. M. Cegla; R. Cosentino; M. Cretignier; A. Ghedina; Manuel Gonzalez; David W. Latham; Marcello Lodi; Mercedes López‐Morales; G. Micela; E. Molinari; F. Pepe; G. Piotto; E. Poretti; D. Queloz; J. San Juan; D. Ségransan; A. Sozzetti; Andrew Szentgyorgyi; Samantha Thompson; S. Udry; C. A. Watson,2021,Monthly Notices of the Royal Astronomical Society,https://doi.org/10.1093/mnras/stab1323,96,"ABSTRACT Stellar magnetic activity produces time-varying distortions in the photospheric line profiles of solar-type stars. These lead to systematic errors in high-precision radial-velocity measurements, which limit efforts to discover and measure the masses of low-mass exoplanets with orbital periods of more than a few tens of days. We present a new data-driven method for separating Doppler shifts of dynamical origin from apparent velocity variations arising from variability-induced changes in the stellar spectrum. We show that the autocorrelation function (ACF) of the cross-correlation function used to measure radial velocities is effectively invariant to translation. By projecting the radial velocities on to a subspace labelled by the observation identifiers and spanned by the amplitude coefficients of the ACF’s principal components, we can isolate and subtract velocity perturbations caused by stellar magnetic activity. We test the method on a 5-yr time sequence of 853 daily 15-min observations of the solar spectrum from the HARPS-N instrument and solar-telescope feed on the 3.58-m Telescopio Nazionale Galileo. After removal of the activity signals, the heliocentric solar velocity residuals are found to be Gaussian and nearly uncorrelated. We inject synthetic low-mass planet signals with amplitude K = 40 cm s−1 into the solar observations at a wide range of orbital periods. Projection into the orthogonal complement of the ACF subspace isolates these signals effectively from solar activity signals. Their semi-amplitudes are recovered with a precision of ∼ 6.6 cm s−1, opening the door to Doppler detection and characterization of terrestrial-mass planets around well-observed, bright main-sequence stars across a wide range of orbital periods.",2026-07-30T05:00:44+00:00
deep learning stellar spectroscopy,run002_dl_stellar_spectroscopy,https://openalex.org/W2159691951,https://doi.org/10.12942/lrsp-2005-8,Starspots: A Key to the Stellar Dynamo,S. V. Berdyugina,2005,Living Reviews in Solar Physics,https://doi.org/10.12942/lrsp-2005-8,497,"Magnetic activity similar to that of the Sun is observed on a variety of cool stars with external convection envelopes. Stellar rotation coupled with convective motions generate strong magnetic fields in the stellar interior and produce a multitude of magnetic phenomena including starspots in the photosphere, chromospheric plages, coronal loops, UV, X-ray, and radio emission and flares. Here I review the phenomenon of starspots on different types of cool stars, observational tools and diagnostic techniques for studying starspots as well as starspot properties including their temperatures, areas, magnetic field strengths, lifetimes, active latitudes and longitudes, etc. Evolution of starspots on various time scales allows us to investigate stellar differential rotation, activity cycles, and global magnetic fields. Together these constitute the basis for our understanding of stellar and solar dynamos and provide valuable constraints for theoretical models.",2026-07-30T05:00:47+00:00
deep learning stellar spectroscopy,run002_dl_stellar_spectroscopy,https://openalex.org/W3017279354,https://doi.org/10.1051/0004-6361/202038192,Painting a portrait of the Galactic disc with its stellar clusters,T. Cantat-Gaudin; F. Anders; A. Castro-Ginard; C. Jordi; M. Romero-Gómez; C. Soubiran; L. Casamiquela; Y. Tarricq; A. Moitinho; A. Vallenari; A. Bragaglia; A. Krone-Martins; Marina Kounkel,2020,Astronomy and Astrophysics,https://doi.org/10.1051/0004-6361/202038192,545,"Context. The large astrometric and photometric survey performed by the Gaia mission allows for a panoptic view of the Galactic disc and its stellar cluster population. Hundreds of stellar clusters were only discovered after the latest Gaia data release (DR2) and have yet to be characterised. Aims. Here we make use of the deep and homogeneous Gaia photometry down to G = 18 to estimate the distance, age, and interstellar reddening for about 2000 stellar clusters identified with Gaia DR2 astrometry. We use these objects to study the structure and evolution of the Galactic disc. Methods. We relied on a set of objects with well-determined parameters in the literature to train an artificial neural network to estimate parameters from the Gaia photometry of cluster members and their mean parallax. Results. We obtain reliable parameters for 1867 clusters. Our catalogue confirms the relative lack of old stellar clusters in the inner disc (with a few notable exceptions). We also quantify and discuss the variation of scale height with cluster age, and we detect the Galactic warp in the distribution of old clusters. Conclusions. This work results in a large and homogeneous cluster catalogue, allowing one to trace the structure of the disc out to distances of ∼4 kpc. However, the present sample is still unable to trace the outer spiral arm of the Milky Way, which indicates that the outer disc cluster census might still be incomplete.",2026-07-30T05:00:47+00:00
deep learning stellar spectroscopy,run002_dl_stellar_spectroscopy,https://openalex.org/W2899775349,https://doi.org/10.1093/mnras/sty3135,SDSS-IV MaNGA PyMorph Photometric and Deep Learning Morphological Catalogues and implications for bulge properties and stellar angular momentum,J.‐U. Fischer; H. Domínguez Sánchez; Mariangela Bernardi,2018,Monthly Notices of the Royal Astronomical Society,https://doi.org/10.1093/mnras/sty3135,104,"We describe the Sloan Digital Sky Survey IV (SDSS-IV) MaNGA (Mapping Nearby Galaxies at Apache Point Observatory) PyMorph Photometric (MPP-VAC) and MaNGA Deep Learning Morphology (MDLM-VAC) Value Added Catalogues. The MPP-VAC provides photometric parameters from Sérsic and Sérsic + Exponential fits to the 2D surface brightness profiles of the MaNGA Data Release 15 (DR15) galaxy sample. Compared to previous pymorph analyses of SDSS imaging, our analysis of the MaNGA DR15 incorporates three improvements: the most recent SDSS images; modified criteria for determining bulge-to-disc decompositions; and the fits in MPP-VAC have been eye-balled, and re-fit if necessary, for additional reliability. A companion catalogue, the MDLM-VAC, provides Deep Learning-based morphological classifications for the same galaxies. The MDLM-VAC includes a number of morphological properties (e.g. a TType, and a finer separation between elliptical and S0 galaxies). Combining the MPP- and MDLM-VACs allows to show that the MDLM morphological classifications are more reliable than previous work. It also shows that single-Sérsic fits to late- and early-type galaxies are likely to return Sérsic indices of n ≤ 2 and ≥4, respectively, and this correlation between n and morphology extends to the bulge component as well. While the former is well known, the latter contradicts some recent work suggesting little correlation between n-bulge and morphology. Combining both VACs with MaNGA’s spatially resolved spectroscopy allows us to study how the stellar angular momentum depends on morphological type. We find correlations between stellar kinematics, photometric properties, and morphological type even though the spectroscopic data played no role in the construction of the MPP- and MDLM-VACs.",2026-07-30T05:00:47+00:00
deep learning stellar spectroscopy,run002_dl_stellar_spectroscopy,https://openalex.org/W2949721139,https://doi.org/10.1007/s00159-013-0061-8,The Milky Way’s stellar disk,Hans-Walter Rix; Jo Bovy,2013,The Astronomy and Astrophysics Review,https://doi.org/10.1007/s00159-013-0061-8,242,"A suite of vast stellar surveys mapping the Milky Way, culminating in the Gaia mission, is revolutionizing the empirical information about the distribution and properties of stars in the Galactic stellar disk. We review and lay out what analysis and modeling machinery needs to be in place to test mechanism of disk galaxy evolution and to stringently constrain the Galactic gravitational potential, using such Galactic star-by-star measurements. We stress the crucial role of stellar survey selection functions in any such modeling; and we advocate the utility of viewing the Galactic stellar disk as made up of ‘mono-abundance populations’ (MAPs), both for dynamical modeling and for constraining the Milky Way’s evolutionary processes. We review recent work on the spatial and kinematical distribution of MAPs, and point out how further study of MAPs in the Gaia era should lead to a decisively clearer picture of the Milky Way’s dark-matter distribution and formation history.",2026-07-30T05:00:47+00:00
deep learning stellar spectroscopy,run002_dl_stellar_spectroscopy,https://openalex.org/W2991321477,https://doi.org/10.1051/0004-6361/201936691,Clusters and mirages: cataloguing stellar aggregates in the Milky Way,T. Cantat-Gaudin; F. Anders,2019,Astronomy and Astrophysics,https://doi.org/10.1051/0004-6361/201936691,290,"Context. Many of the open clusters listed in modern catalogues were initially reported by visual astronomers as apparent overdensities of bright stars. As observational techniques and analysis methods continue to improve, some of them have been shown to be chance alignments of stars and not true clusters. Recent publications making use of Gaia DR2 data have provided membership lists for over a thousand clusters, however, many nearby objects listed in the literature have so far evaded detection. Aims. We aim to update the Gaia DR2 cluster census by performing membership determinations for known clusters that had been missed by previous studies and for recently-discovered clusters. We investigate a sub-set of non-detected clusters that, according to their literature parameters, should be easily visible in Gaia . Confirming or disproving the existence of old, inner-disc, high-altitude clusters is especially important as their survival or disruption is linked to the dynamical processes that drive the evolution of the Milky Way. Methods. We employed the Gaia DR2 catalogue and a membership assignment procedure, as well as visual inspections of spatial, proper motion, and parallax distributions. We used membership lists provided by other authors when available. Results. We derived membership lists for 150 objects, including ten that were already known prior to Gaia . We compiled a final list of members for 1481 clusters. Among the objects that we are still unable to identify with the Gaia data, we argue that many (mostly putatively old, relatively nearby, high-altitude objects) are not true clusters. Conclusions. At present, the only confirmed cluster located further than 500 pc away from the Galactic plane within the Solar circle is NGC 6791. It is likely that the objects discussed in this study only represent a fraction of the non-physical groupings erroneously listed in the catalogues as genuine open clusters and that those lists need further cleaning.",2026-07-30T05:00:47+00:00
deep learning stellar spectroscopy,run002_dl_stellar_spectroscopy,https://openalex.org/W4376115962,https://doi.org/10.1051/0004-6361/202245581,COSMOS2020: The galaxy stellar mass function,John R. Weaver; I. Davidzon; Sune Toft; O. Ilbert; H. J. McCracken; Katriona M. L. Gould; Christian Kragh Jespersen; Charles L. Steinhardt; Claudia del P. Lagos; P. Capak; C. M. Casey; N. Chartab; Andreas L. Faisst; Christopher C. Hayward; Jeyhan S. Kartaltepe; O. B. Kauffmann; Anton M. Koekemoer; Vasily Kokorev; C. Laigle; Daizhong Liu; A. Long; G. Magdis; Conor McPartland; B. Milvang-Jensen; Bahram Mobasher; A. Moneti; Yingjie Peng; D. B. Sanders; Marko Shuntov; Albert Sneppen; Francesco Valentino; L. Zalesky; G. Zamorani,2023,Astronomy and Astrophysics,https://doi.org/10.1051/0004-6361/202245581,187,"Context. How galaxies form, assemble, and cease their star formation is a central question within the modern landscape of galaxy evolution studies. These processes are indelibly imprinted on the galaxy stellar mass function (SMF), and its measurement and understanding is key to uncovering a unified theory of galaxy evolution. Aims. We present constraints on the shape and evolution of the galaxy SMF, the quiescent galaxy fraction, and the cosmic stellar mass density across 90% of the history of the Universe from z = 7.5 → 0.2 as a means to study the physical processes that underpin galaxy evolution. Methods. The COSMOS survey is an ideal laboratory for studying representative galaxy samples. Now equipped with deeper and more homogeneous near-infrared coverage exploited by the COSMOS2020 catalog, we leverage the large 1.27 deg 2 effective area to improve sample statistics and understand spatial variations (cosmic variance) – particularly for rare, massive galaxies – and push to higher redshifts with greater confidence and mass completeness than previous studies. We divide the total stellar mass function into star-forming and quiescent subsamples through NUVrJ color-color selection. The measurements are then fit with single- and double-component Schechter functions to infer the intrinsic galaxy stellar mass function, the evolution of its key parameters, and the cosmic stellar mass density out to z = 7.5. Finally, we compare our measurements to predictions from state-of-the-art cosmological simulations and theoretical dark matter halo mass functions. Results. We find a smooth, monotonic evolution in the galaxy stellar mass function since z = 7.5, in general agreement with previous studies. The number density of star-forming systems have undergone remarkably consistent growth spanning four decades in stellar mass from z = 7.5 → 2 whereupon high-mass systems become predominantly quiescent (“downsizing”). Meanwhile, the assembly and growth of low-mass quiescent systems only occurred recently, and rapidly. An excess of massive systems at z ≈ 2.5 − 5.5 with strikingly red colors, with some being newly identified, increase the observed number densities to the point where the SMF cannot be reconciled with a Schechter function. Conclusions. Systematics including cosmic variance and/or active galactic nuclei contamination are unlikely to fully explain this excess, and so we speculate that they may be dust-obscured populations similar to those found in far infrared surveys. Furthermore, we find a sustained agreement from z ≈ 3 − 6 between the stellar and dark matter halo mass functions for the most massive systems, suggesting that star formation in massive halos may be more efficient at early times.",2026-07-30T05:00:47+00:00
deep learning stellar spectroscopy,run002_dl_stellar_spectroscopy,https://openalex.org/W3099377877,https://doi.org/10.1051/0004-6361/201936691/pdf,Clusters and mirages: cataloguing stellar aggregates in the Milky Way,T. Cantat-Gaudin; F. Anders,2020,Springer Link (Chiba Institute of Technology),,235,"Context. Many of the open clusters listed in modern catalogues were initially reported by visual astronomers as apparent overdensities of bright stars. As observational techniques and analysis methods continue to improve, some of them have been shown to be chance alignments of stars and not true clusters. Recent publications making use of Gaia DR2 data have provided membership lists for over a thousand clusters, however, many nearby objects listed in the literature have so far evaded detection. Aims. We aim to update the Gaia DR2 cluster census by performing membership determinations for known clusters that had been missed by previous studies and for recently-discovered clusters. We investigate a sub-set of non-detected clusters that, according to their literature parameters, should be easily visible in Gaia. Confirming or disproving the existence of old, inner-disc, high-altitude clusters is especially important as their survival or disruption is linked to the dynamical processes that drive the evolution of the Milky Way. Methods. We employed the Gaia DR2 catalogue and a membership assignment procedure, as well as visual inspections of spatial, proper motion, and parallax distributions. We used membership lists provided by other authors when available. Results. We derived membership lists for 150 objects, including ten that were already known prior to Gaia. We compiled a final list of members for 1481 clusters. Among the objects that we are still unable to identify with the Gaia data, we argue that many (mostly putatively old, relatively nearby, high-altitude objects) are not true clusters. Conclusions. At present, the only confirmed cluster located further than 500 pc away from the Galactic plane within the Solar circle is NGC 6791. It is likely that the objects discussed in this study only represent a fraction of the non-physical groupings erroneously listed in the catalogues as genuine open clusters and that those lists need further cleaning.",2026-07-30T05:00:47+00:00
deep learning stellar spectroscopy,run002_dl_stellar_spectroscopy,https://openalex.org/W2900811782,https://doi.org/10.1146/annurev-astro-091918-104509,Accuracy and Precision of Industrial Stellar Abundances,Paula Jofré; Ulrike Heiter; Caroline Soubiran,2019,Annual Review of Astronomy and Astrophysics,https://doi.org/10.1146/annurev-astro-091918-104509,178,"There has been an incredibly large investment in obtaining high-resolution stellar spectra for determining chemical abundances of stars. This information is crucial to answer fundamental questions in astronomy by constraining the formation and evolution scenarios of the Milky Way as well as the stars and planets residing in it. We have just entered a new era, in which chemical abundances of FGK-type stars are being produced at industrial scales, and in which the observations, reduction, and analysis of the data are automatically performed by machines. Here, we review the latest human efforts to assess the accuracy and precision of such industrial abundances by providing insights into the steps and uncertainties associated with the process of determining stellar abundances. We also provide a description of current and forthcoming spectroscopic surveys, focusing on their reported abundances and uncertainties. This allows us to identify which elements and spectral lines are best and why. Finally, we make a brief selection of main scientific questions the community is aiming to answer with abundances. ▪ Uncertainties in abundances need to be disentangled into random and systematic components. ▪ Precision can be increased by applying differential or data-driven methods based on accurate data. ▪ High-resolution and signal-to-noise spectra provide fundamental data that can be used to calibrate lower-resolution and signal-to-noise spectra of millions of stars. ▪ Different survey calibration strategies must agree on a common set of reference stars to create data products that are consistent. ▪ Data products provided by individual groups must be published using standard formats to ensure straightforward applicability.",2026-07-30T05:00:47+00:00
deep learning stellar spectroscopy,run002_dl_stellar_spectroscopy,https://openalex.org/W2905331806,https://doi.org/10.3847/1538-4365/aaf651,"The Fifteenth Data Release of the Sloan Digital Sky Surveys: First Release of MaNGA-derived Quantities, Data Visualization Tools, and Stellar Library",D. S. Aguado; Romina Ahumada; Andrés Almeida; Scott F. Anderson; Brett H. Andrews; Borja Anguiano; Erik Aquino Ortíz; Alfonso Aragón-Salamanca; Maria Argudo-Fernández; Marie Aubert; Vladimir Avila-Reese; Carles Badenes; Sandro Barboza Rembold; Kat Barger; Jorge Barrera-Ballesteros; Dominic Bates; Julian Bautista; Rachael L. Beaton; Timothy C. Beers; Francesco Belfiore; Mariangela Bernardi; Matthew Bershady; Florian Beutler; Jonathan Bird; Dmitry Bizyaev; Guillermo A. Blanc; Michael R. Blanton; Michael Blomqvist; Adam S. Bolton; Médéric Boquien; Jura Borissova; Jo Bovy; William Nielsen Brandt; Jonathan Brinkmann; Joel R. Brownstein; Kevin Bundy; Adam Burgasser; Nell Byler; Mariana Cano Diaz; Michele Cappellari; Ricardo Carrera; Bernardo Cervantes Sodi; Yanping Chen; Brian Cherinka; Peter Doohyun Choi; Haeun Chung; Damien Coffey; Julia M. Comerford; Johan Comparat; Kevin Covey; Gabriele da Silva Ilha; Luiz da Costa; Yu Sophia Dai; Guillermo Damke; Jeremy Darling; Roger Davies; Kyle Dawson; Victoria de Sainte Agathe; Alice Deconto Machado; Agnese Del Moro; Nathan De Lee; Aleksandar M. Diamond-Stanic; Helena Domínguez Sánchez; John Donor; Niv Drory; Hélion du Mas des Bourboux; Chris Duckworth; Tom Dwelly; Garrett Ebelke; Eric Emsellem; Stephanie Escoffier; José G. Fernández-Trincado; Diane Feuillet; Johanna-Laina Fischer; Scott W. Fleming; Amelia Fraser-McKelvie; Gordon Freischlad; Peter M. Frinchaboy; Hai Fu; Lluís Galbany; Rafael Garcia-Dias; D. A. García-Hernández; Luis Alberto Garma Oehmichen; Marcio Antonio Geimba Maia; Héctor Gil-Marín; Kathleen Grabowski; Meng Gu; Hong Guo; Jaewon Ha; Emily Harrington; Sten Hasselquist; Christian R. Hayes; Fred Hearty; Hector Hernandez Toledo; Harry Hicks; David W. Hogg; Kelly Holley-Bockelmann; Jon A. Holtzman; Bau-Ching Hsieh; Jason A. S. Hunt,2019,The Astrophysical Journal Supplement Series,https://doi.org/10.3847/1538-4365/aaf651,353,"Twenty years have passed since first light for the Sloan Digital Sky Survey (SDSS). Here, we release data taken by the fourth phase of SDSS (SDSS-IV) across its first three years of operation (2014 July-2017 July). This is the third data release for SDSS-IV, and the 15th from SDSS (Data Release Fifteen; DR15). New data come from MaNGA-we release 4824 data cubes, as well as the first stellar spectra in the MaNGA Stellar Library (MaStar), the first set of survey-supported analysis products (e.g., stellar and gas kinematics, emission-line and other maps) from the MaNGA Data Analysis Pipeline, and a new data visualization and access tool we call ""Marvin."" The next data release, DR16, will include new data from both APOGEE-2 and eBOSS; those surveys release no new data here, but we document updates and corrections to their data processing pipelines. The release is cumulative; it also includes the most recent reductions and calibrations of all data taken by SDSS since first light. In this paper, we describe the location and format of the data and tools and cite technical references describing how it was obtained and processed. The SDSS website (www.sdss.org) has also been updated, providing links to data downloads, tutorials, and examples of data use. Although SDSS-IV will continue to collect astronomical data until 2020, and will be followed by SDSS-V (2020-2025), we end this paper by describing plans to ensure the sustainability of the SDSS data archive for many years beyond the collection of data.",2026-07-30T05:00:47+00:00
deep learning stellar spectroscopy,run002_dl_stellar_spectroscopy,https://openalex.org/W2168876521,https://doi.org/10.1111/j.1365-2966.2012.21639.x,The cold veil of the Milky Way stellar halo,Alis J. Deason; Vasily Belokurov; N. W. Evans; S. E. Koposov; Ryan Cooke; Jorge Peñarrubia; Chervin F. P. Laporte; M. Fellhauer; Matthew G. Walker; Edward W. Olszewski,2012,Monthly Notices of the Royal Astronomical Society,https://doi.org/10.1111/j.1365-2966.2012.21639.x,142,"Americanae nace como un proyecto conjunto que surge dentro de la Red Europea de Información y Documentación sobre América Latina (REDIAL), y que ha afrontado la Biblioteca de la Agencia Española de Cooperación Internacional para el Desarrollo (AECID). Esta nueva biblioteca virtual hace más accesibles los libros digitales de tema americanista a los investigadores y usuarios interesados de cualquier parte del mundo.",2026-07-30T05:00:47+00:00
deep learning stellar spectroscopy,run002_dl_stellar_spectroscopy,https://openalex.org/W2999093079,https://doi.org/10.3847/1538-4357/ab6dea,SPCANet: Stellar Parameters and Chemical Abundances Network for LAMOST-II Medium Resolution Survey,Rui Wang; A-Li Luo; Jian-Jun Chen; Wen Hou; Shuo Zhang; Yongheng Zhao; Xiangru Li; Yonghui Hou,2020,The Astrophysical Journal,https://doi.org/10.3847/1538-4357/ab6dea,67,"Abstract The fundamental stellar atmospheric parameters ( T eff and log g ) and 13 chemical abundances are derived for medium-resolution spectroscopy from Large Sky Area Multi-Object Fiber Spectroscopic Telescope (LAMOST) Medium Resolution Survey (MRS) data sets with a deep-learning method. The neural networks we designed, named SPCANet, precisely map LAMOST MRS spectra to stellar parameters and chemical abundances. The stellar labels derived by SPCANet have precisions of 119 K for T eff and 0.17 dex for log g . The abundance precision of 11 elements including [C/H], [N/H], [O/H], [Mg/H], [Al/H], [Si/H], [S/H], [Ca/H], [Ti/H], [Cr/H], [Fe/H], and [Ni/H] are 0.06 ∼ 0.12 dex, while that of [Cu/H] is 0.19 dex. These precisions can be reached even for spectra with signal-to-noise ratios as low as 10. The results of SPCANet are consistent with those from other surveys such as APOGEE, GALAH, and RAVE, and are also validated with the previous literature values including clusters and field stars. The catalog of the estimated parameters is available at doi: 10.12149/101012 .",2026-07-30T05:00:47+00:00
deep learning stellar spectroscopy,run002_dl_stellar_spectroscopy,https://openalex.org/W2916355868,https://doi.org/10.1093/mnras/stz2245,Simultaneous calibration of spectro-photometric distances and the Gaia DR2 parallax zero-point offset with deep learning,Henry Leung; Jo Bovy,2019,Monthly Notices of the Royal Astronomical Society,https://doi.org/10.1093/mnras/stz2245,169,"ABSTRACT Gaia measures the five astrometric parameters for stars in the Milky Way, but only four of them (positions and proper motion, but not distance) are well measured beyond a few kpc from the Sun. Modern spectroscopic surveys such as APOGEE cover a large area of the Milky Way disc and we can use the relation between spectra and luminosity to determine distances to stars beyond Gaia’s parallax reach. Here, we design a deep neural network trained on stars in common between Gaia and APOGEE that determines spectro-photometric distances to APOGEE stars, while including a flexible model to calibrate parallax zero-point biases in Gaia DR2. We determine the zero-point offset to be $-52.3 \pm 2.0\, \mu \mathrm{as}$ when modelling it as a global constant, but also train a multivariate zero-point offset model that depends on G, GBP − GRP colour, and Teff and that can be applied to all ≈58 million stars in Gaia DR2 within APOGEE’s colour–magnitude range and within APOGEE’s sky footprint. Our spectro-photometric distances are more precise than Gaia at distances ${\gtrsim} 2\, \mathrm{kpc}$ from the Sun. We release a catalogue of spectro-photometric distances for the entire APOGEE DR14 data set which covers Galactocentric radii $2\, \mathrm{kpc} \lesssim R \lesssim 19\, \mathrm{kpc}$; ${\approx} 150\, 000$ stars have ${\lt} 10{{\ \rm per\ cent}}$ uncertainty, making this a powerful sample to study the chemo-dynamical structure of the disc. We use this sample to map the mean [Fe/H] and 15 abundance ratios [X/Fe] from the Galactic Centre to the edge of the disc. Among many interesting trends, we find that the bulge and bar region at $R \lesssim 5\, \mathrm{kpc}$ clearly stands out in [Fe/H] and most abundance ratios.",2026-07-30T05:00:47+00:00
deep learning stellar spectroscopy,run002_dl_stellar_spectroscopy,https://openalex.org/W2987499710,https://doi.org/10.1093/mnras/stz3100,Application of convolutional neural networks for stellar spectral classification,Kaushal Kumar Sharma; Ajit Kembhavi; Aniruddha Kembhavi; Aniruddha Kembhavi; Aniruddha Kembhavi; T Sivarani; Sheelu Abraham; Kaustubh Vaghmare,2019,Monthly Notices of the Royal Astronomical Society,https://doi.org/10.1093/mnras/stz3100,81,"ABSTRACT Due to the ever-expanding volume of observed spectroscopic data from surveys such as SDSS and LAMOST, it has become important to apply artificial intelligence (AI) techniques for analysing stellar spectra to solve spectral classification and regression problems like the determination of stellar atmospheric parameters Teff, $\rm {\log g}$, and [Fe/H]. We propose an automated approach for the classification of stellar spectra in the optical region using convolutional neural networks (CNNs). Traditional machine learning (ML) methods with ‘shallow’ architecture (usually up to two hidden layers) have been trained for these purposes in the past. However, deep learning methods with a larger number of hidden layers allow the use of finer details in the spectrum which results in improved accuracy and better generalization. Studying finer spectral signatures also enables us to determine accurate differential stellar parameters and find rare objects. We examine various machine and deep learning algorithms like artificial neural networks, Random Forest, and CNN to classify stellar spectra using the Jacoby Atlas, ELODIE, and MILES spectral libraries as training samples. We test the performance of the trained networks on the Indo-U.S. Library of Coudé Feed Stellar Spectra (CFLIB). We show that using CNNs, we are able to lower the error up to 1.23 spectral subclasses as compared to that of two subclasses achieved in the past studies with ML approach. We further apply the trained model to classify stellar spectra retrieved from the SDSS data base with SNR &amp;gt; 20.",2026-07-30T05:00:47+00:00
deep learning stellar spectroscopy,run002_dl_stellar_spectroscopy,https://openalex.org/W2897654712,https://doi.org/10.1007/s00159-018-0111-3,High-precision stellar abundances of the elements: methods and applications,P. E. Nissen; B. Gustafsson,2018,The Astronomy and Astrophysics Review,https://doi.org/10.1007/s00159-018-0111-3,108,,2026-07-30T05:00:47+00:00
deep learning stellar spectroscopy,run002_dl_stellar_spectroscopy,https://openalex.org/W4306968094,https://doi.org/10.1017/pasa.2022.55,The Dawes Review 10: The impact of deep learning for the analysis of galaxy surveys,François Lanusse,2023,Publications of the Astronomical Society of Australia,https://doi.org/10.1017/pasa.2022.55,100,"Abstract The amount and complexity of data delivered by modern galaxy surveys has been steadily increasing over the past years. New facilities will soon provide imaging and spectra of hundreds of millions of galaxies. Extracting coherent scientific information from these large and multi-modal data sets remains an open issue for the community and data-driven approaches such as deep learning have rapidly emerged as a potentially powerful solution to some long lasting challenges. This enthusiasm is reflected in an unprecedented exponential growth of publications using neural networks, which have gone from a handful of works in 2015 to an average of one paper per week in 2021 in the area of galaxy surveys. Half a decade after the first published work in astronomy mentioning deep learning, and shortly before new big data sets such as Euclid and LSST start becoming available, we believe it is timely to review what has been the real impact of this new technology in the field and its potential to solve key challenges raised by the size and complexity of the new datasets. The purpose of this review is thus two-fold. We first aim at summarising, in a common document, the main applications of deep learning for galaxy surveys that have emerged so far. We then extract the major achievements and lessons learned and highlight key open questions and limitations, which in our opinion, will require particular attention in the coming years. Overall, state-of-the-art deep learning methods are rapidly adopted by the astronomical community, reflecting a democratisation of these methods. This review shows that the majority of works using deep learning up to date are oriented to computer vision tasks (e.g. classification, segmentation). This is also the domain of application where deep learning has brought the most important breakthroughs so far. However, we also report that the applications are becoming more diverse and deep learning is used for estimating galaxy properties, identifying outliers or constraining the cosmological model. Most of these works remain at the exploratory level though which could partially explain the limited impact in terms of citations. Some common challenges will most likely need to be addressed before moving to the next phase of massive deployment of deep learning in the processing of future surveys; for example, uncertainty quantification, interpretability, data labelling and domain shift issues from training with simulations, which constitutes a common practice in astronomy.",2026-07-30T05:00:47+00:00
deep learning stellar spectroscopy,run002_dl_stellar_spectroscopy,https://openalex.org/W4220924308,https://doi.org/10.3847/1538-4365/ac4414,"The Seventeenth Data Release of the Sloan Digital Sky Surveys: Complete Release of MaNGA, MaStar, and APOGEE-2 Data",Abdurrouf; Katherine Accetta; C. Aerts; V. Silva Aguirre; Romina Ahumada; Nikhil Ajgaonkar; N. Filiz Ak; Shadab Alam; Carlos Allende Prieto; Andrés Almeida; F. Anders; Scott F. Anderson; Brett H. Andrews; Borja Anguiano; E. Aquino-Ortíz; Alfonso Aragón‐Salamanca; M. Argudo–Fernández; M. Ata; M Aubert; V. Ávila-Reese; Carles Badenes; R. H. Barbá; Kathleen A. Barger; J. K. Barrera-Ballesteros; Rachael L. Beaton; Timothy C. Beers; Francesco Belfiore; Chad F. Bender; Mariangela Bernardi; Matthew A. Bershady,2022,University of Birmingham Research Portal (University of Birmingham),https://research.birmingham.ac.uk/en/publications/082b3884-48f5-4af4-9685-d167cc527f00,1243,"This paper documents the seventeenth data release (DR17) from the Sloan Digital Sky Surveys; the fifth and final release from the fourth phase (SDSS-IV). DR17 contains the complete release of the Mapping Nearby Galaxies at Apache Point Observatory (MaNGA) survey, which reached its goal of surveying over 10,000 nearby galaxies. The complete release of the MaNGA Stellar Library accompanies this data, providing observations of almost 30,000 stars through the MaNGA instrument during bright time. DR17 also contains the complete release of the Apache Point Observatory Galactic Evolution Experiment 2 survey that publicly releases infrared spectra of over 650,000 stars. The main sample from the Extended Baryon Oscillation Spectroscopic Survey (eBOSS), as well as the subsurvey Time Domain Spectroscopic Survey data were fully released in DR16. New single-fiber optical spectroscopy released in DR17 is from the SPectroscipic IDentification of ERosita Survey subsurvey and the eBOSS-RM program. Along with the primary data sets, DR17 includes 25 new or updated value-added catalogs. This paper concludes the release of SDSS-IV survey data. SDSS continues into its fifth phase with observations already underway for the Milky Way Mapper, Local Volume Mapper, and Black Hole Mapper surveys.",2026-07-30T05:00:47+00:00
deep learning stellar spectroscopy,run002_dl_stellar_spectroscopy,https://openalex.org/W3026041380,https://doi.org/10.1093/mnras/staa1302,"Supernova host galaxies in the dark energy survey: I. Deep coadds, photometry, and stellar masses",P. Wiseman; M. W. L. Smith; M. Childress; L Kelsey; A. Möller; R. Gupta; Elizabeth Swann; C. R. Angus; Dillon Brout; T. M. Davis; R. J. Foley; C. Frohmaier; L. Galbany; C. P. Gutiérrez; C. Inserra; R. Keßler; Geraint F. Lewis; C. Lidman; E Macaulay; R. C. Nichol; M. Pursiainen; M. Šako; D. Scolnic; N E Sommer; M. Sullivan; C. Tucker; T. M. C. Abbott; M. Aguena; S. Allam; S. Àvila; E. Bertin; D. Brooks; E. Buckley‐Geer; D. L. Burke; A. Carnero Rosell; D. Carollo; M Carrasco Kind; L. N. da Costa; J. De Vicente; S. Desai; H. T. Diehl; P. Doel; T. F. Eifler; S. Everett; P. Fosalba; J. Frieman; J. García-Bellido; E. Gaztañaga; D. W. Gerdes; M. S. S. Gill; Karl Glazebrook; R. A. Gruendl; J. Gschwend; William Hartley; S. R. Hinton; D L Hollowood; K. Honscheid; D. J. James; K. Kuehn; N. Kuropatkin; M. Lima; M. A. G. Maia; M. March; Paul Martini; P. Melchior; F. Menanteau; R. Miquel; R. L. C. Ogando; F. Paz-Chinchón; A A Plazas; Kathy Romer; A. Roodman; E. Sánchez; V Scarpine; S. Serrano; E. Suchyta; M. E. C. Swanson; G. Tarlé; D Thomas; D. L. Tucker; T N Varga; A. R. Walker; R. D. Wilkinson,2020,Monthly Notices of the Royal Astronomical Society,https://doi.org/10.1093/mnras/staa1302,58,"ABSTRACT The 5-yr Dark Energy Survey Supernova Programme (DES-SN) is one of the largest and deepest transient surveys to date in terms of volume and number of supernovae. Identifying and characterizing the host galaxies of transients plays a key role in their classification, the study of their formation mechanisms, and the cosmological analyses. To derive accurate host galaxy properties, we create depth-optimized coadds using single-epoch DES-SN images that are selected based on sky and atmospheric conditions. For each of the five DES-SN seasons, a separate coadd is made from the other four seasons such that each SN has a corresponding deep coadd with no contaminating SN emission. The coadds reach limiting magnitudes of order ∼27 in g band, and have a much smaller magnitude uncertainty than the previous DES-SN host templates, particularly for faint objects. We present the resulting multiband photometry of host galaxies for samples of spectroscopically confirmed type Ia (SNe Ia), core-collapse (CCSNe), and superluminous (SLSNe) as well as rapidly evolving transients (RETs) discovered by DES-SN. We derive host galaxy stellar masses and probabilistically compare stellar-mass distributions to samples from other surveys. We find that the DES spectroscopically confirmed sample of SNe Ia selects preferentially fewer high-mass hosts at high-redshift compared to other surveys, while at low redshift the distributions are consistent. DES CCSNe and SLSNe hosts are similar to other samples, while RET hosts are unlike the hosts of any other transients, although these differences have not been disentangled from selection effects.",2026-07-30T05:00:47+00:00
deep learning stellar spectroscopy,run002_dl_stellar_spectroscopy,https://openalex.org/W2142235810,https://doi.org/10.1088/0004-637x/799/2/208,TOWARD CHARACTERIZATION OF THE TYPE IIP SUPERNOVA PROGENITOR POPULATION: A STATISTICAL SAMPLE OF LIGHT CURVES FROM Pan-STARRS1,Nathan Sanders; Alicia Soderberg; Suvi Gezari; Michael Betancourt; R. Chornock; E. Berger; R. J. Foley; Peter Challis; M. R. Drout; R. Kirshner; R. Lunnan; G. H. Marion; R. Margutti; R. McKinnon; D. Milisavljević; Gautham Narayan; A. Rest; E. Kankare; S. Mattila; S. J. Smartt; M. E. Huber; W. S. Burgett; P. W. Draper; K. W. Hodapp; N. Kaiser; R. P. Kudritzki; E. A. Magnier; N. Metcalfe; James P. Morgan; P. A. Price; J. Tonry; R. J. Wainscoat; C. Waters,2015,The Astrophysical Journal,https://doi.org/10.1088/0004-637x/799/2/208,212,"In recent years, wide-field sky surveys providing deep multiband imaging have presented a new path for indirectly characterizing the progenitor populations of core-collapse supernovae (SNe): systematic light-curve studies. We assemble a set of 76 grizy-band Type IIP SN light curves from Pan-STARRS1, obtained over a constant survey program of 4 yr and classified using both spectroscopy and machine-learning-based photometric techniques. We develop and apply a new Bayesian model for the full multiband evolution of each light curve in the sample. We find no evidence of a subpopulation of fast-declining explosions (historically referred to as ""Type IIL"" SNe). However, we identify a highly significant relation between the plateau phase decay rate and peak luminosity among our SNe IIP. These results argue in favor of a single parameter, likely determined by initial stellar mass, predominantly controlling the explosions of red supergiants. This relation could also be applied for SN cosmology, offering a standardizable candle good to an intrinsic scatter of lesssim 0.2 mag. We compare each light curve to physical models from hydrodynamic simulations to estimate progenitor initial masses and other properties of the Pan-STARRS1 Type IIP SN sample. We show that correction of systematic discrepancies between modeled and observed SN IIP light-curve properties and an expanded grid of progenitor properties are needed to enable robust progenitor inferences from multiband light-curve samples of this kind. This work will serve as a pathfinder for photometric studies of core-collapse SNe to be conducted through future wide-field transient searches.",2026-07-30T05:00:47+00:00
deep learning stellar spectroscopy,run002_dl_stellar_spectroscopy,https://openalex.org/W3206032786,https://doi.org/10.1093/mnras/stab2911,"The BAyesian STellar algorithm (<tt>BASTA</tt>): a fitting tool for stellar studies, asteroseismology, exoplanets, and Galactic archaeology",V Aguirre Børsen-Koch; J L Rørsted; A. B. Justesen; Amalie Stokholm; Kuldeep Verma; Mark Lykke Winther; Emil Knudstrup; Kjeld Nielsen; C. Sahlholdt; J. R. Larsen; S. Cassisi; Aldo Serenelli; L. Casagrande; J. Christensen‐Dalsgaard; G. R. Davies; Jason W. Ferguson; Mikkel N. Lund; A Weiss; T. R. White,2021,Monthly Notices of the Royal Astronomical Society,https://doi.org/10.1093/mnras/stab2911,60,"ABSTRACT We introduce the public version of the BAyesian STellar Algorithm (BASTA), an open-source code written in Python to determine stellar properties based on a set of astrophysical observables. BASTA has been specifically designed to robustly combine large data sets that include asteroseismology, spectroscopy, photometry, and astrometry. We describe the large number of asteroseismic observations that can be fit by the code and how these can be combined with atmospheric properties (as well as parallaxes and apparent magnitudes), making it the most complete analysis pipeline available for oscillating main-sequence, subgiant, and red giant stars. BASTA relies on a set of pre-built stellar isochrones or a custom-designed library of stellar tracks, which can be further refined using our interpolation method (both along and across stellar tracks or isochrones). We perform recovery tests with simulated data that reveal levels of accuracy at the few percent level for radii, masses, and ages when individual oscillation frequencies are considered, and show that asteroseismic ages with statistical uncertainties below 10 per cent are within reach if our stellar models are reliable representations of stars. BASTAis extensively documented and includes a suite of examples to support easy adoption and further development by new users.",2026-07-30T05:00:47+00:00
deep learning stellar spectroscopy,run002_dl_stellar_spectroscopy,https://openalex.org/W4376143685,https://doi.org/10.1093/mnras/stad1408,<i>JWST</i> NIRCam + NIRSpec: interstellar medium and stellar populations of young galaxies with rising star formation and evolving gas reservoirs,Sandro Tacchella; Benjamin D. Johnson; Brant Robertson; Stefano Carniani; Francesco D’Eugenio; Nimisha Kumari; R. Maiolino; Erica J. Nelson; Katherine A. Suess; Hannah Übler; Christina C. Williams; Adebusola Alabi; Stacey Alberts; Santiago Arribas; Rachana Bhatawdekar; Nina Bonaventura; R. A. A. Bowler; Andrew J. Bunker; Alex J. Cameron; Mirko Curti; Eiichi Egami; Daniel J. Eisenstein; Brenda Frye; Kevin Hainline; Jakob M. Helton; Zhiyuan Ji; Tobias J. Looser; Jianwei Lyu; Michele Perna; Tim Rawle; G. H. Rieke; Marcia Rieke; Aayush Saxena; Lester Sandles; Irene Shivaei; Charlotte Simmonds; Fengwu Sun; Christopher N. A. Willmer; Chris J. Willott; Joris Witstok,2023,Monthly Notices of the Royal Astronomical Society,https://doi.org/10.1093/mnras/stad1408,133,"ABSTRACT We present an interstellar medium and stellar population analysis of three spectroscopically confirmed z &amp;gt; 7 galaxies in the Early Release Observations JWST/NIRCam and JWST/NIRSpec data of the SMACS J0723.3−7327 cluster. We use the Bayesian spectral energy distribution-fitting code prospector with a flexible star formation history (SFH), a variable dust attenuation law, and a self-consistent model of nebular emission (continuum and emission lines). Importantly, we self-consistently fit both the emission line fluxes from JWST/NIRSpec and the broad-band photometry from JWST/NIRCam, taking into account slit-loss effects. We find that these three z=7.6–8.5 galaxies (M⋆ ≈ 108 M⊙) are young with rising SFHs and mass-weighted ages of 3–4 Myr, though we find indications for underlying older stellar populations. The inferred gas-phase metallicities broadly agree with the direct metallicity estimates from the auroral lines. The galaxy with the lowest gas-phase metallicity (Zgas= 0.06 Z⊙) has a steeply rising SFH, is very compact (&amp;lt;0.2 kpc), and has a high star formation rate surface density (ΣSFR ≈ 22 M⊙ yr−1 kpc−2), consistent with rapid gas accretion. The two other objects with higher gas-phase metallicities show more complex multicomponent morphologies on kpc scales, indicating that their recent increase in star formation rate is driven by mergers or internal, gravitational instabilities. We discuss effects of assuming different SFH priors or only fitting the photometric data. Our analysis highlights the strength and importance of combining JWST imaging and spectroscopy for fully assessing the nature of galaxies at the earliest epochs.",2026-07-30T05:00:47+00:00
deep learning stellar spectroscopy,run002_dl_stellar_spectroscopy,https://openalex.org/W4387971543,https://doi.org/10.3847/1538-4365/acf44d,JADES Initial Data Release for the Hubble Ultra Deep Field: Revealing the Faint Infrared Sky with Deep JWST NIRCam Imaging,Marcia Rieke; Brant Robertson; Sandro Tacchella; Kevin Hainline; Benjamin D. Johnson; Ryan Hausen; Zhiyuan Ji; Christopher N. A. Willmer; Daniel J. Eisenstein; Dávid Puskás; Stacey Alberts; Santiago Arribas; William Baker; Stefi A. Baum; Rachana Bhatawdekar; Nina Bonaventura; Kristan Boyett; Andrew J. Bunker; Alex J. Cameron; Stefano Carniani; S. Charlot; Jacopo Chevallard; Zuyi Chen; Mirko Curti; Emma Curtis-Lake; A. Lola Danhaive; Christa DeCoursey; Alan Dressler; Eiichi Egami; Ryan Endsley; Jakob M. Helton; Raphael E. Hviding; Nimisha Kumari; Tobias J. Looser; Jianwei Lyu; R. Maiolino; Michael V. Maseda; Erica J. Nelson; G. H. Rieke; Hans‐Walter Rix; Lester Sandles; Aayush Saxena; Katherine Sharpe; Irene Shivaei; Maya Skarbinski; Renske Smit; Daniel P. Stark; Meredith A. Stone; Katherine A. Suess; Fengwu Sun; Michael W. Topping; Hannah Übler; Natalia C. Villanueva; Imaan E. B. Wallace; Christina C. Williams; Chris J. Willott; Lily Whitler; Joris Witstok; Charity Woodrum,2023,The Astrophysical Journal Supplement Series,https://doi.org/10.3847/1538-4365/acf44d,224,"Abstract JWST has revolutionized the field of extragalactic astronomy with its sensitive and high-resolution infrared view of the distant Universe. Adding to the new legacy of JWST observations, we present the first NIRCam imaging data release from the JWST Advanced Deep Extragalactic Survey (JADES), providing nine filters of infrared imaging of ∼25 arcmin 2 covering the Hubble Ultra Deep Field and portions of Great Observatories Origins Deep Survey South. Utilizing 87 on-sky dual-filter hours of exposure time, these images reveal the deepest ever near-infrared view of this iconic field. We supply carefully constructed nine-band mosaics of the JADES bands, as well as matching reductions of five additional bands from the JWST Extragalactic Medium-band Survey. Combining with existing Hubble Space Telescope imaging, we provide 23-band space-based photometric catalogs and photometric redshifts for ≈47,500 sources. To promote broad engagement with JADES, we have created an interactive FitsMap website to provide an interface for professional researchers and the public to experience these JWST data sets. Combined with the first JADES NIRSpec data release, these public JADES imaging and spectroscopic data sets provide a new foundation for discoveries of the infrared Universe by the worldwide scientific community.",2026-07-30T05:00:47+00:00
deep learning stellar spectroscopy,run002_dl_stellar_spectroscopy,https://openalex.org/W2006997511,https://doi.org/10.1051/0004-6361/201117372,Automatic stellar spectra parameterisation in the IR Ca ii triplet region,G. Kordopatis; A. Recio–Blanco; P. de Laverny; A. Bijaoui; V. Hill; G. Gilmore; R. F. G. Wyse; C. Ordénovic,2011,Astronomy and Astrophysics,https://doi.org/10.1051/0004-6361/201117372,83,"Context. Galactic archaeology aims to determine the evolution of the Galaxy from the chemical and kinematical properties of its individual stars. This requires the analysis of data from large spectroscopic surveys, with sample sizes in tens of thousands at present, with millions of stars being reached in the near future. Such large samples require automated analysis techniques and classification algorithms to obtain robust estimates of the stellar parameter values. Several on-going and planned spectroscopic surveys have selected their wavelength region to contain the IR Ca ii triplet (~λλ 8500 Å) and the work presented in this paper focuses on the automatic analysis of such spectra.",2026-07-30T05:00:47+00:00
deep learning stellar spectroscopy,run002_dl_stellar_spectroscopy,https://openalex.org/W2020619597,https://doi.org/10.1088/0067-0049/200/2/14,EXPLORING THE MORPHOLOGY OF RAVE STELLAR SPECTRA,G. Matijevič; T. Zwitter; O. Bienaymé; Joss Bland‐Hawthorn; C. Boeche; K. C. Freeman; B. K. Gibson; G. Gilmore; E. K. Grebel; A. Helmi; U. Munari; Julio F. Navarro; Q. A. Parker; W. Reid; G. M. Seabroke; A. Siebert; A. Siviero; M. Steinmetz; F. G. Watson; Matthew D. Williams; R. F. G. Wyse,2012,The Astrophysical Journal Supplement Series,https://doi.org/10.1088/0067-0049/200/2/14,53,"The RAdial Velocity Experiment (RAVE) is a medium-resolution (R 7500) spectroscopic survey of the Milky Way that has already obtained over half a million stellar spectra. They present a randomly selected magnitude-limited sample, so it is important to use a reliable and automated classification scheme that identifies normal single stars and discovers different types of peculiar stars. To this end, we present a morphological classification of 350,000 RAVE survey stellar spectra using locally linear embedding, a dimensionality reduction method that enables representing the complex spectral morphology in a low-dimensional projected space while still preserving the properties of the local neighborhoods of spectra. We find that the majority of all spectra in the database (90%-95%) belong to normal single stars, but there is also a significant population of several types of peculiars. Among them, the most populated groups are those of various types of spectroscopic binary and chromospherically active stars. Both of them include several thousands of spectra. Particularly the latter group offers significant further investigation opportunities since activity of stars is a known proxy of stellar ages. Applying the same classification procedure to the sample of normal single stars alone shows that the shape of the projected manifold in two-dimensional space correlates with stellar temperature, surface gravity, and metallicity.",2026-07-30T05:00:47+00:00
deep learning stellar spectroscopy,run002_dl_stellar_spectroscopy,https://openalex.org/W3169692772,https://doi.org/10.7557/18.5693,Consistent and accurate estimation of stellar parameters from HARPS-N Spectroscopy using Deep Learning,Frederik Boe Hüttel; Line Katrine Harder Clemmensen,2021,Proceedings of the Northern Lights Deep Learning Workshop,https://doi.org/10.7557/18.5693,1,"Consistent and accurate estimation of stellar parameters is of great importance for information retrieval in astrophysical research. The parameters span a wide range from effective temperature to rotational velocity. We propose to estimate the stellar parameters directly from spectral signals coming from the HARPS-N spectrograph pipeline before any spectrum-processing steps are applied to extract the 1D spectrum. We propose an attention-based model to estimate the stellar parameters, which estimate both mean and uncertainty of the stellar parameters through estimation of the parameters of a Gaussian distribution. The estimated distributions create a basis to generate data-driven Gaussian confidence intervals for the estimated stellar parameters. We show that residual networks and attention-based models can estimate the stellar parameters with high accuracy for low Signal-to-noise ratio (SNR) compared to previous methods. With an observation of the Sun from the HARPS-N spectrograph, we show that the models can estimate stellar parameters from real observational data.",2026-07-30T05:00:47+00:00
deep learning stellar spectroscopy,run002_dl_stellar_spectroscopy,https://openalex.org/W3033992942,https://doi.org/10.3847/1538-4357/aba047,Extremely Metal-poor Representatives Explored by the Subaru Survey (EMPRESS). I. A Successful Machine-learning Selection of Metal-poor Galaxies and the Discovery of a Galaxy with M* &lt; 10<sup>6</sup> M<sub>⊙</sub> and 0.016 Z<sub>⊙</sub>*†‡,Takashi Kojima; Masami Ouchi; Michael Rauch; Yoshiaki Ono; Kimihiko Nakajima; Yuki Isobe; Seiji Fujimoto; Yuichi Harikane; Takuya Hashimoto; Masao Hayashi; Yutaka Komiyama; Haruka Kusakabe; Ji Hoon Kim; Chien-Hsiu Lee; Shiro Mukae; Tohru Nagao; Masato Onodera; Takatoshi Shibuya; Yuma Sugahara; Masayuki Umemura; Kiyoto Yabe,2020,The Astrophysical Journal,https://doi.org/10.3847/1538-4357/aba047,74,"Abstract We have initiated a new survey for local extremely metal-poor galaxies (EMPGs) with Subaru/Hyper Suprime-Cam (HSC) large-area (∼500 deg 2 ) optical images reaching a 5 σ limit of ∼26 mag, about 100 times deeper than the Sloan Digital Sky Survey (SDSS). To select Z / Z ⊙ &lt; 0.1 EMPGs from ∼40 million sources detected in the Subaru images, we first develop a machine-learning (ML) classifier based on a deep neural network algorithm with a training data set consisting of optical photometry of galaxy, star, and QSO models. We test our ML classifier with SDSS objects having spectroscopic metallicity measurements and confirm that our ML classifier accomplishes 86% completeness and 46% purity EMPG classifications with photometric data. Applying our ML classifier to the photometric data of the Subaru sources, as well as faint SDSS objects with no spectroscopic data, we obtain 27 and 86 EMPG candidates from the Subaru and SDSS photometric data, respectively. We conduct optical follow-up spectroscopy for 10 of our EMPG candidates with Magellan/LDSS-3+MagE, Keck/DEIMOS, and Subaru/FOCAS and find that the 10 EMPG candidates are star-forming galaxies at z = 0.007–0.03 with large H β equivalent widths of 104–265 Å, stellar masses of log( / ) = 5.0–7.1, and high specific star formation rates of ∼300 Gyr −1 , which are similar to those of early galaxies at z ≳ 6 reported recently. We spectroscopically confirm that 3 out of 10 candidates are truly EMPGs with Z / Z ⊙ &lt; 0.1, one of which is HSC J1631+4426, the most metal-poor galaxy, with Z / Z ⊙ = 0.016, ever reported.",2026-07-30T05:00:47+00:00
deep learning stellar spectroscopy,run002_dl_stellar_spectroscopy,https://openalex.org/W2142790675,https://doi.org/10.1111/j.1365-2966.2012.20934.x,The SWELLS survey - IV. Precision measurements of the stellar and dark matter distributions in a spiral lens galaxy,Matteo Barnabè; Aaron A. Dutton; Philip J. Marshall; Matthew W. Auger; Brendon J. Brewer; Tommaso Treu; A. Bolton; David C. Koo; L. V. E. Koopmans,2012,Monthly Notices of the Royal Astronomical Society,https://doi.org/10.1111/j.1365-2966.2012.20934.x,103,"We construct a fully self-consistent mass model for the lens galaxy SDSS J2141 at redshift 0.14, and use it to improve on previous studies by modelling its gravitational lensing effect, gas rotation curve and stellar kinematics simultaneously. We adopt a very flexible axisymmetric mass model constituted by a generalized Navarro–Frenk–White (NFW) dark matter halo and a stellar mass distribution obtained by deprojecting the multi-Gaussian expansion fit to the high-resolution K′-band laser guide star adaptive optics imaging data of the galaxy, with the (spatially constant) mass-to-light ratio as a free parameter. We model the stellar kinematics by solving the anisotropic Jeans equations. We find that the inner logarithmic slope of the dark halo is weakly constrained, i.e. ⁠, and consistent with an unmodified NFW profile; we can conclude, however, that steep profiles (γ≥ 1.5) are disfavoured (<14 per cent posterior probability). We marginalize over this parameter to infer the galaxy to have (i) a dark matter fraction within 2.2 disc radii of ⁠, independent of the galaxy stellar population, implying a maximal disc for SDSS J2141; (ii) an apparently uncontracted dark matter halo, with concentration and virial velocity ⁠, consistent with Λ cold dark matter (ΛCDM) predictions; (iii) a slightly oblate halo (⁠⁠), consistent with predictions from baryon-affected models. Comparing the tightly constrained gravitational stellar mass inferred from the combined analysis (⁠⁠) with that inferred from stellar population modelling of the galaxies’ colours, and accounting for an expected cold gas fraction of 20 ± 10 per cent, we determine a preference for a Chabrier IMF over Salpeter IMF by a Bayes factor of 5.7 (corresponding to substantial evidence). We infer a value for the orbital anisotropy parameter in the meridional plane, in agreement with most studies of local disc galaxies, and ruling out at 99 per cent confidence level that the dynamics of this system can be described by a two-integral distribution function.",2026-07-30T05:00:47+00:00
deep learning stellar spectroscopy,run002_dl_stellar_spectroscopy,https://openalex.org/W2006224949,https://doi.org/10.1073/pnas.1319909110,Prevalence of Earth-size planets orbiting Sun-like stars,Erik A. Petigura; Andrew W. Howard; Geoffrey W. Marcy,2013,Proceedings of the National Academy of Sciences,https://doi.org/10.1073/pnas.1319909110,847,"Determining whether Earth-like planets are common or rare looms as a touchstone in the question of life in the universe. We searched for Earth-size planets that cross in front of their host stars by examining the brightness measurements of 42,000 stars from National Aeronautics and Space Administration's Kepler mission. We found 603 planets, including 10 that are Earth size ( ) and receive comparable levels of stellar energy to that of Earth (1 - 2 R[Symbol: see text] ). We account for Kepler's imperfect detectability of such planets by injecting synthetic planet-caused dimmings into the Kepler brightness measurements and recording the fraction detected. We find that 11 ± 4% of Sun-like stars harbor an Earth-size planet receiving between one and four times the stellar intensity as Earth. We also find that the occurrence of Earth-size planets is constant with increasing orbital period (P), within equal intervals of logP up to ~200 d. Extrapolating, one finds 5.7(-2.2)(+1.7)% of Sun-like stars harbor an Earth-size planet with orbital periods of 200-400 d.",2026-07-30T05:00:47+00:00
deep learning stellar spectroscopy,run002_dl_stellar_spectroscopy,https://openalex.org/W3089488911,https://doi.org/10.1051/0004-6361/202039083,The search for galaxy cluster members with deep learning of panchromatic HST imaging and extensive spectroscopy,G. Angora; P. Rosati; M. Brescia; A. Mercurio; C. Grillo; G. Caminha; M. Meneghetti; M. Nonino; E. Vanzella; P. Bergamini; A. Biviano; M. Lombardi,2020,Astronomy and Astrophysics,https://doi.org/10.1051/0004-6361/202039083,30,"Context. The next generation of extensive and data-intensive surveys are bound to produce a vast amount of data, which can be efficiently dealt with using machine-learning and deep-learning methods to explore possible correlations within the multi-dimensional parameter space. Aims. We explore the classification capabilities of convolution neural networks (CNNs) to identify galaxy cluster members (CLMs) by using Hubble Space Telescope (HST) images of fifteen galaxy clusters at redshift 0.19 ≲ z ≲ 0.60, observed as part of the CLASH and Hubble Frontier Field programmes. Methods. We used extensive spectroscopic information, based on the CLASH-VLT VIMOS programme combined with MUSE observations, to define the knowledge base. We performed various tests to quantify how well CNNs can identify cluster members on ht basis of imaging information only. Furthermore, we investigated the CNN capability to predict source memberships outside the training coverage, in particular, by identifying CLMs at the faint end of the magnitude distributions. Results. We find that the CNNs achieve a purity-completeness rate ≳90%, demonstrating stable behaviour across the luminosity and colour of cluster galaxies, along with a remarkable generalisation capability with respect to cluster redshifts. We concluded that if extensive spectroscopic information is available as a training base, the proposed approach is a valid alternative to catalogue-based methods because it has the advantage of avoiding photometric measurements, which are particularly challenging and time-consuming in crowded cluster cores. As a byproduct, we identified 372 photometric cluster members, with mag( F 814) &lt; 25, to complete the sample of 812 spectroscopic members in four galaxy clusters RX J2248-4431, MACS J0416-2403, MACS J1206-0847 and MACS J1149+2223. Conclusions. When this technique is applied to the data that are expected to become available from forthcoming surveys, it will be an efficient tool for a variety of studies requiring CLM selection, such as galaxy number densities, luminosity functions, and lensing mass reconstruction.",2026-07-30T05:00:47+00:00
deep learning stellar spectroscopy,run002_dl_stellar_spectroscopy,https://openalex.org/W4210817908,https://doi.org/10.29026/oea.2022.200082,Adaptive optics based on machine learning: a review,Youming Guo; Libo Zhong; Min Lei; Jiaying Wang; Yu Wu; Kele Chen; Kai Wei; Changhui Rao,2022,Opto-Electronic Advances,https://doi.org/10.29026/oea.2022.200082,169,"Adaptive optics techniques have been developed over the past half century and routinely used in large ground-based telescopes for more than 30 years. Although this technique has already been used in various applications, the basic setup and methods have not changed over the past 40 years. In recent years, with the rapid development of artificial intelligence, adaptive optics will be boosted dramatically. In this paper, the recent advances on almost all aspects of adaptive optics based on machine learning are summarized. The state-of-the-art performance of intelligent adaptive optics are reviewed. The potential advantages and deficiencies of intelligent adaptive optics are also discussed.",2026-07-30T05:00:47+00:00
deep learning stellar spectroscopy,run002_dl_stellar_spectroscopy,https://openalex.org/W4381612653,https://doi.org/10.1038/s41550-023-01978-y,A calibration point for stellar evolution from massive star asteroseismology,Siemen Burssens; D. M. Bowman; Mathias Michielsen; S. Simón‐Díaz; C. Aerts; Vincent Vanlaer; G. Banyard; N. Nardetto; R. H. D. Townsend; G. Handler; Joey S. G. Mombarg; R. Vanderspek; G. Ricker,2023,Nature Astronomy,https://doi.org/10.1038/s41550-023-01978-y,57,,2026-07-30T05:00:47+00:00
deep learning stellar spectroscopy,run002_dl_stellar_spectroscopy,https://openalex.org/W2772961215,https://doi.org/10.1093/mnras/sty2169,Inferring the star formation histories of massive quiescent galaxies with bagpipes: evidence for multiple quenching mechanisms,Adam C. Carnall; R. J. McLure; J. S. Dunlop; Romeel Davé,2018,Monthly Notices of the Royal Astronomical Society,https://doi.org/10.1093/mnras/sty2169,790,"We present Bayesian Analysis of Galaxies for Physical Inference and Parameter EStimation, or bagpipes, a new python tool that can be used to rapidly generate complex model galaxy spectra and to fit these to arbitrary combinations of spectroscopic and photometric data using the multinest nested sampling algorithm. We extensively test our ability to recover realistic star formation histories (SFHs) by fitting mock observations of quiescent galaxies from the mufasa simulation. We then perform a detailed analysis of the SFHs of a sample of 9289 quiescent galaxies from UltraVISTA with stellar masses, M* > 1010 M⊙ and redshifts 0.25 < |$z$| < 3.75. The majority of our sample exhibit SFHs that rise gradually then quench relatively rapidly over 1−2 Gyr. This behaviour is consistent with recent cosmological hydrodynamic simulations, where AGN-driven feedback in the low-accretion (jet) mode is the dominant quenching mechanism. At |$z$| > 1, we also find a class of objects with SFHs that rise and fall very rapidly, with quenching time-scales of <1 Gyr, consistent with quasar-mode AGN feedback. Finally, at |$z$| < 1 we find a population with SFHs which quench more slowly than they rise, over >3 Gyr, which we speculate to be the result of diminishing overall cosmic gas supply. We confirm the mass-accelerated evolution (downsizing) trend, and a trend towards more rapid quenching at higher stellar masses. However, our results suggest that the latter is a natural consequence of mass-accelerated evolution, rather than a change in quenching physics with stellar mass. We find 61 ± 8 per cent of |$z$| > 1.5 massive-quenched galaxies undergo significant further evolution by |$z$| = 0.5. bagpipes is available at bagpipes.readthedocs.io.",2026-07-30T05:00:47+00:00
deep learning stellar spectroscopy,run002_dl_stellar_spectroscopy,https://openalex.org/W2759798016,https://doi.org/10.1051/0004-6361/201731008,Testing stellar evolution models with detached eclipsing binaries,J. Higl; A. Weiss,2017,Astronomy and Astrophysics,https://doi.org/10.1051/0004-6361/201731008,60,"Stellar evolution codes, as all other numerical tools, need to be verified. One of the standard stellar objects that allow stringent tests of stellar evolution theory and models, are detached eclipsing binaries. We have used 19 such objects to test our stellar evolution code, in order to see whether standard methods and assumptions suffice to reproduce the observed global properties. In this paper we concentrate on three effects that contain a specific uncertainty: atomic diffusion as used for standard solar model calculations, overshooting from convective regions, and a simple model for the effect of stellar spots on stellar radius, which is one of the possible solutions for the radius problem of M dwarfs. We find that in general old systems need diffusion to allow for, or at least improve, an acceptable fit, and that systems with convective cores indeed need overshooting. Only one system (AI Phe) requires the absence of it for a successful fit. To match stellar radii for very low-mass stars, the spot model proved to be an effective approach, but depending on model details, requires a high percentage of the surface being covered by spots. We briefly discuss improvements needed to further reduce the freedom in modelling and to allow an even more restrictive test by using these objects.",2026-07-30T05:00:47+00:00
deep learning stellar spectroscopy,run002_dl_stellar_spectroscopy,https://openalex.org/W2087657262,https://doi.org/10.1088/0067-0049/193/2/30,"UV-TO-FIR ANALYSIS OF <i>SPITZER</i> /IRAC SOURCES IN THE EXTENDED GROTH STRIP. II. PHOTOMETRIC REDSHIFTS, STELLAR MASSES, AND STAR FORMATION RATES",Guillermo Barro; Pablo G. Pérez‐González; J. Gallego; Marshall Ashby; Masaru Kajisawa; Shota Miyazaki; V. Villar; Tōru Yamada; J. Zamorano,2011,The Astrophysical Journal Supplement Series,https://doi.org/10.1088/0067-0049/193/2/30,123,"Based on the ultraviolet to far-infrared photometry already compiled and presented in a companion paper (Barro et al. 2011a, Paper I), we present a detailed SED analysis of nearly 80,000 IRAC 3.6+4.5 micron selected galaxies in the Extended Groth Strip. We estimate photometric redshifts, stellar masses, and star formation rates separately for each galaxy in this large sample. The catalog includes 76,936 sources with [3.6] &lt; 23.75 (85% completeness level of the IRAC survey) over 0.48 square degrees. The typical photometric redshift accuracy is Delta z/(1+z)=0.034, with a catastrophic outlier fraction of just 2%. We quantify the systematics introduced by the use of different stellar population synthesis libraries and IMFs in the calculation of stellar masses. We find systematic offsets ranging from 0.1 to 0.4 dex, with a typical scatter of 0.3 dex. We also provide UV- and IR-based SFRs for all sample galaxies, based on several sets of dust emission templates and SFR indicators. We evaluate the systematic differences and goodness of the different SFR estimations using the deep FIDEL 70 micron data available in the EGS. Typical random uncertainties of the IR-bases SFRs are a factor of two, with non-negligible systematic effects at z$\gtrsim$1.5 observed when only MIPS 24 micron data is available. All data products (SEDs, postage stamps from imaging data, and different estimations of the photometric redshifts, stellar masses, and SFRs of each galaxy) described in this and the companion paper are publicly available, and they can be accessed through our the web-interface utility Rainbow-navigator",2026-07-30T05:00:47+00:00
deep learning stellar spectroscopy,run002_dl_stellar_spectroscopy,https://openalex.org/W2100767934,https://doi.org/10.1051/0004-6361/201117928,Discovery of extended VHE<i>γ</i>-ray emission from the vicinity of the young massive stellar cluster Westerlund 1,A. Abramowski; F. Acero; F. Aharonian; A. G. Akhperjanian; G. Anton; A. Balzer; A. Barnacka; U. Barres de Almeida; Y. Becherini; J. A. Becker; B. Behera; K. Bernlöhr; E. Birsin; J. Biteau; A. Bochow; C. Boisson; J. Bolmont; P. Bordas; J. Brucker; F. Brun; P. Brun; T. Bulik; I. Büsching; S. Carrigan; S. Casanova; M. Cerruti; P. M. Chadwick; A. Charbonnier; R. C. G. Chaves; A. Cheesebrough; L.‐M. Chounet; A. C. Clapson; G. Coignet; G. Cologna; J. Conrad; M. Dalton; M. K. Daniel; I. D. Davids; B. Degrange; C. Deil; H. J. Dickinson; A. Djannati-Ataï; W. Domainko; L. O’C. Drury; F. Dubois; G. Dubus; K. Dutson; J. Dyks; M. Dyrda; K. Egberts; P. Eger; P. Espigat; L. Fallon; C. Farnier; S. Fegan; F. Feinstein; M. V. Fernandes; A. Fiaßon; G. Fontaine; A. Förster; M. Füßling; Y. A. Gallant; H. Gast; L. Gérard; D. Gerbig; B. Giebels; J. F. Glicenstein; B. Glück; P. Goret; D. Göring; S. Häffner; J. D. Hague; D. Hampf; M. Häuser; Sebastian Heinz; G. Heinzelmann; G. Henri; G. Hermann; J. A. Hinton; A. Hoffmann; W. Hofmann; P. Hofverberg; M. Holler; D. Horns; A. Jachołkowska; O. C. de Jager; C. Jahn; M. Jamrozy; I. Jung; M. A. Kastendieck; K. Katarzyński; U. Katz; S. Kaufmann; D. Keogh; D. Khangulyan; B. Khélifi; D. Klochkov; W. Kluźniak; T. Kneiske; Nu. Komin,2011,Astronomy and Astrophysics,https://doi.org/10.1051/0004-6361/201117928,121,Aims. Results obtained in very-high-energy (VHE; E ≥ 100 GeV) γ-ray observations performed with the H.E.S.S. telescope array are used to investigate particle acceleration processes in the vicinity of the young massive stellar cluster Westerlund 1 (Wd 1).,2026-07-30T05:00:47+00:00
deep learning stellar spectroscopy,run002_dl_stellar_spectroscopy,https://openalex.org/W4213268716,https://doi.org/10.1515/astro-2022-0007,Deep learning application for stellar parameters determination: I-constraining the hyperparameters,M. Gebran; Kathleen Connick; Hikmat Farhat; F. Paletou; Ian Bentley,2022,Open Astronomy,https://doi.org/10.1515/astro-2022-0007,13,"Abstract Machine learning is an efficient method for analysing and interpreting the increasing amount of astronomical data that are available. In this study, we show a pedagogical approach that should benefit anyone willing to experiment with deep learning techniques in the context of stellar parameter determination. Using the convolutional neural network architecture, we give a step-by-step overview of how to select the optimal parameters for deriving the most accurate values for the stellar parameters of stars: <m:math xmlns:m=""http://www.w3.org/1998/Math/MathML""> <m:msub> <m:mrow> <m:mi>T</m:mi> </m:mrow> <m:mrow> <m:mi mathvariant=""normal"">eff</m:mi> </m:mrow> </m:msub> </m:math> {T}_{{\rm{eff}}} , <m:math xmlns:m=""http://www.w3.org/1998/Math/MathML""> <m:mi>log</m:mi> <m:mi>g</m:mi> </m:math> \log g , [M/H], and <m:math xmlns:m=""http://www.w3.org/1998/Math/MathML""> <m:msub> <m:mrow> <m:mi>v</m:mi> </m:mrow> <m:mrow> <m:mi>e</m:mi> </m:mrow> </m:msub> <m:mi>sin</m:mi> <m:mi>i</m:mi> </m:math> {v}_{e}\sin i . Synthetic spectra with random noise were used to constrain this method and to mimic the observations. We found that each stellar parameter requires a different combination of network hyperparameters and the maximum accuracy reached depends on this combination as well as the signal-to-noise ratio of the observations, and the architecture of the network. We also show that this technique can be applied to other spectral-types in different wavelength ranges after the technique has been optimized.",2026-07-30T05:00:47+00:00
deep learning stellar spectroscopy,run002_dl_stellar_spectroscopy,https://openalex.org/W3215540903,https://doi.org/10.1088/2515-7647/ac76f9,Roadmap on wavefront shaping and deep imaging in complex media,Sylvain Gigan; Ori Katz; Hilton B. de Aguiar; Esben Ravn Andresen; Alexandre Aubry; Jacopo Bertolotti; Emmanuel Bossy; Dorian Bouchet; Joshua Brake; Sophie Brasselet; Yaron Bromberg; Hui Cao; Thomas Chaigne; Zhongtao Cheng; Wonshik Choi; Tomáš Čižmár; Meng Cui; Vincent R. Curtis; Hugo Defienne; Matthias Hofer; Ryoichi Horisaki; Roarke Horstmeyer; Na Ji; Aaron K. LaViolette; Jérôme Mertz; Christophe Moser; Allard P. Mosk; Nicolas C. Pégard; Rafael Piestun; Sébastien M. Popoff; David B. Phillips; Demetri Psaltis; Babak Rahmani; Hervé Rigneault; Stefan Rotter; Lei Tian; Ivo M. Vellekoop; Laura Waller; Lihong V. Wang; Timothy D. Weber; Sheng Xiao; Chris Xu; Alexey Yamilov; Changhuei Yang; Hasan Yılmaz,2022,Journal of Physics Photonics,https://doi.org/10.1088/2515-7647/ac76f9,191,"Abstract The last decade has seen the development of a wide set of tools, such as wavefront shaping, computational or fundamental methods, that allow us to understand and control light propagation in a complex medium, such as biological tissues or multimode fibers. A vibrant and diverse community is now working in this field, which has revolutionized the prospect of diffraction-limited imaging at depth in tissues. This roadmap highlights several key aspects of this fast developing field, and some of the challenges and opportunities ahead.",2026-07-30T05:00:47+00:00
deep learning stellar spectroscopy,run002_dl_stellar_spectroscopy,https://openalex.org/W2184731198,https://doi.org/10.3847/0004-637x/818/1/3,FLASH SPECTROSCOPY: EMISSION LINES FROM THE IONIZED CIRCUMSTELLAR MATERIAL AROUND &lt;10-DAY-OLD TYPE II SUPERNOVAE,D. Khazov; O. Yaron; A. Gal‐Yam; I. Manulis; A. Rubin; S. R. Kulkarni; I. Arcavi; M. M. Kasliwal; E. O. Ofek; Y. Cao; D. A. Perley; J. Sollerman; A. Horesh; M. Sullivan; A. V. Filippenko; P. Nugent; D. A. Howell; S. B. Cenko; J. M. Silverman; H. Ebeling; F. Taddia; J. Johansson; Russ R. Laher; J. Surace; Umaa Rebbapragada; P. R. Woźniak; T. Matheson,2016,The Astrophysical Journal,https://doi.org/10.3847/0004-637x/818/1/3,242,"ABSTRACT Supernovae (SNe) embedded in dense circumstellar material (CSM) may show prominent emission lines in their early-time spectra (≤10 days after the explosion), owing to recombination of the CSM ionized by the shock-breakout flash. From such spectra (“flash spectroscopy”), we can measure various physical properties of the CSM, as well as the mass-loss rate of the progenitor during the year prior to its explosion. Searching through the Palomar Transient Factory (PTF and iPTF) SN spectroscopy databases from 2009 through 2014, we found 12 SNe II showing flash-ionized (FI) signatures in their first spectra. All are younger than 10 days. These events constitute 14% of all 84 SNe in our sample having a spectrum within 10 days from explosion, and 18% of SNe II observed at ages &lt;5 days, thereby setting lower limits on the fraction of FI events. We classified as “blue/featureless” (BF) those events having a first spectrum that is similar to that of a blackbody, without any emission or absorption signatures. It is possible that some BF events had FI signatures at an earlier phase than observed, or that they lack dense CSM around the progenitor. Within 2 days after explosion, 8 out of 11 SNe in our sample are either BF events or show FI signatures. Interestingly, we found that 19 out of 21 SNe brighter than an absolute magnitude M R = −18.2 belong to the FI or BF groups, and that all FI events peaked above M R = −17.6 mag, significantly brighter than average SNe II.",2026-07-30T05:00:47+00:00
deep learning stellar spectroscopy,run002_dl_stellar_spectroscopy,https://openalex.org/W4379539538,https://doi.org/10.48550/arxiv.2306.02465,Overview of the JWST Advanced Deep Extragalactic Survey (JADES),"Daniel J. Eisenstein; Chris J. Willott; Stacey Alberts; Santiago Arribas; Nina Bonaventura; Andrew J. Bunker; Alex J. Cameron; Stefano Carniani; S. Charlot; Emma Curtis-Lake; Francesco D’Eugenio; Pierre Ferruit; Giovanna Giardino; Kevin Hainline; Ryan Hausen; P. Jakobsen; Benjamin D. Johnson; R. Maiolino; Rauscher, Bernard J.; Marcia Rieke; G. H. Rieke; Hans‐Walter Rix; Brant Robertson; Daniel P. Stark; Sandro Tacchella; Christina C. Williams; Christopher N. A. Willmer; William Baker; Stefi A. Baum; Rachana Bhatawdekar; Kristan Boyett; Zuyi Chen; Jacopo Chevallard; Chiara Circosta; Mirko Curti; A. Lola Danhaive; Christa DeCoursey; Ryan Endsley; Anna de Graaff; Alan Dressler; Eiichi Egami; Jakob M. Helton; Raphael E. Hviding; Zhiyuan Ji; Gareth C. Jones; Nimisha Kumari; Nora Lützgendorf; Isaac Laseter; Tobias J. Looser; Jianwei Lyu; Michael V. Maseda; Erica J. Nelson; Eleonora Parlanti; Michele Perna; Dávid Puskás; Tim Rawle; Bruno Rodríguez Del Pino; Rujopakarn, Wiphu; Lester Sandles; Aayush Saxena; Jan Scholtz; Katherine Sharpe; Irene Shivaei; Maddie S. Silcock; Charlotte Simmonds; Maya Skarbinski; Renske Smit; Meredith Stone; Katherine A. Suess; Fengwu Sun; Mengtao Tang; Michael W. Topping; Hannah Übler; Natalia C. Villanueva; Imaan E. B. Wallace; Lily Whitler; Joris Witstok; Charity Woodrum",2023,Liverpool John Moores University,https://orcid.org/0000-0001-8034-7802,106,"We present an overview of the James Webb Space Telescope (JWST) Advanced Deep Extragalactic Survey (JADES), an ambitious program of infrared imaging and spectroscopy in the GOODS-S and GOODS-N deep fields, designed to study galaxy evolution from high redshift to cosmic noon. JADES uses about 770 hours of Cycle 1 guaranteed time largely from the Near-Infrared Camera (NIRCam) and Near-Infrared Spectrograph (NIRSpec) instrument teams. In GOODS-S, in and around the Hubble Ultra Deep Field and Chandra Deep Field South, JADES produces a deep imaging region of ~42 arcmin^2 with over 100 hrs of exposure time spread over 9 NIRCam filters, including two medium-band filters. This is extended at medium depth in GOODS-S and GOODS-N with NIRCam imaging of ~167 arcmin^2, averaging 25 hrs of exposure over 8-10 filters. In both fields, we conduct extensive NIRSpec multi-object spectroscopy, including 2 deep pointings of 55 hrs exposure time, 14 medium pointings of ~12 hrs, and 15 shallower pointings of ~4 hrs, targeting over 5000 HST and JWST-detected faint sources with 5 low, medium, and high-resolution dispersers covering 0.6-5.3 um. Finally, JADES extends redward via coordinated parallels with the JWST Mid-Infrared Instrument (MIRI), featuring ~10 arcmin^2 with 43 hours of exposure at 7.7 um and thrice that area with 1.4-6.8 hours of exposure at 12.8 um and 15 um. For nearly 30 years, the GOODS-S and GOODS-N fields have been developed as the premier deep fields on the sky; JADES is now providing a compelling start on the JWST legacy in these fields.",2026-07-30T05:00:47+00:00
deep learning stellar spectroscopy,run002_dl_stellar_spectroscopy,https://openalex.org/W2900280763,https://doi.org/10.1088/1538-3873/aaeeec,Deep Learning Applied to the Asteroseismic Modeling of Stars with Coherent Oscillation Modes,L. Hendriks; C. Aerts,2019,Publications of the Astronomical Society of the Pacific,https://doi.org/10.1088/1538-3873/aaeeec,27,"We develop a novel method based on machine-learning principles to achieve optimal initiation of CPU-intensive computations for forward asteroseismic modeling in a multi-dimensional parameter space. A deep neural network is trained on a precomputed asteroseismology grid containing about 62 million coherent oscillation-mode frequencies derived from stellar evolution models. These models are representative of the core-hydrogen-burning stage of intermediate-mass and high-mass stars. The evolution models constitute a 6D parameter space and their predicted low-degree pressure- and gravity-mode oscillations are scanned using a genetic algorithm. A software pipeline is created to find the best-fitting stellar parameters for a given set of observed oscillation frequencies. The proposed method finds the optimal regions in the 6D parameter space in less than a minute, hence providing the optimal starting point for further and more detailed forward asteroseismic modeling in a high-dimensional context. We test and apply the method to seven pulsating stars that were previously modeled asteroseismically by classical grid-based forward modeling based on a χ 2 statistic, and obtain good agreement with past results. Our deep-learning methodology opens up the application of asteroseismic modeling in +6D parameter space for thousands of stars pulsating in coherent modes with long lifetimes observed by the Kepler space telescope and to be discovered with the TESS and PLATO space missions, while applications so far have been done star-by-star for only a handful of cases. Our method is open source and can be freely used by anyone. 3",2026-07-30T05:00:47+00:00
deep learning stellar spectroscopy,run002_dl_stellar_spectroscopy,https://openalex.org/W4384201335,https://doi.org/10.1007/s41116-023-00038-x,Machine learning in solar physics,A. Asensio Ramos; Mark C. M. Cheung; Iulia Chifu; R. Gafeira,2023,Living Reviews in Solar Physics,https://doi.org/10.1007/s41116-023-00038-x,67,"Abstract The application of machine learning in solar physics has the potential to greatly enhance our understanding of the complex processes that take place in the atmosphere of the Sun. By using techniques such as deep learning, we are now in the position to analyze large amounts of data from solar observations and identify patterns and trends that may not have been apparent using traditional methods. This can help us improve our understanding of explosive events like solar flares, which can have a strong effect on the Earth environment. Predicting hazardous events on Earth becomes crucial for our technological society. Machine learning can also improve our understanding of the inner workings of the sun itself by allowing us to go deeper into the data and to propose more complex models to explain them. Additionally, the use of machine learning can help to automate the analysis of solar data, reducing the need for manual labor and increasing the efficiency of research in this field.",2026-07-30T05:00:47+00:00
deep learning stellar spectroscopy,run002_dl_stellar_spectroscopy,https://openalex.org/W4213033023,https://doi.org/10.1038/s41598-022-06360-y,Deep-learning-assisted Fourier transform imaging spectroscopy for hyperspectral fluorescence imaging,Cory Juntunen; Isabel M. Woller; Andrew R. Abramczyk; Yongjin Sung,2022,Scientific Reports,https://doi.org/10.1038/s41598-022-06360-y,14,"Hyperspectral fluorescence imaging is widely used when multiple fluorescent probes with close emission peaks are required. In particular, Fourier transform imaging spectroscopy (FTIS) provides unrivaled spectral resolution; however, the imaging throughput is very low due to the amount of interferogram sampling required. In this work, we apply deep learning to FTIS and show that the interferogram sampling can be drastically reduced by an order of magnitude without noticeable degradation in the image quality. For the demonstration, we use bovine pulmonary artery endothelial cells stained with three fluorescent dyes and 10 types of fluorescent beads with close emission peaks. Further, we show that the deep learning approach is more robust to the translation stage error and environmental vibrations. Thereby, the He-Ne correction, which is typically required for FTIS, can be bypassed, thus reducing the cost, size, and complexity of the FTIS system. Finally, we construct neural network models using Hyperband, an automatic hyperparameter selection algorithm, and compare the performance with our manually-optimized model.",2026-07-30T05:00:47+00:00
deep learning stellar spectroscopy,run002_dl_stellar_spectroscopy,https://openalex.org/W2954420793,https://doi.org/10.1093/mnrasl/slz085,SDSS-IV MaNGA: stellar population gradients within barred galaxies,Amelia Fraser-McKelvie; M. R. Merrifield; Alfonso Aragón‐Salamanca; Thomas Peterken; Karen L. Masters; Coleman Krawczyk; Brett H. Andrews; J. H. Knapen; Sandor Kruk; Adam Schaefer; Rebecca Smethurst; Rogério Riffel; Joel R. Brownstein; Niv Drory,2019,Monthly Notices of the Royal Astronomical Society Letters,https://doi.org/10.1093/mnrasl/slz085,41,"ABSTRACT Bars in galaxies are thought to stimulate both inflow of material and radial mixing along them. Observational evidence for this mixing has been inconclusive so far, however, limiting the evaluation of the impact of bars on galaxy evolution. We now use results from the MaNGA integral field spectroscopic survey to characterize radial stellar age and metallicity gradients along the bar and outside the bar in 128 strongly barred galaxies. We find that age and metallicity gradients are flatter in the barred regions of almost all barred galaxies when compared to corresponding disc regions at the same radii. Our results re-emphasize the key fact that by azimuthally averaging integral field spectroscopic data one loses important information from non-axisymmetric galaxy components such as bars and spiral arms. We interpret our results as observational evidence that bars are radially mixing material in galaxies of all stellar masses, and for all bar morphologies and evolutionary stages.",2026-07-30T05:00:47+00:00
deep learning stellar spectroscopy,run002_dl_stellar_spectroscopy,https://openalex.org/W3026169621,https://doi.org/10.1021/acs.jpca.0c02919,Exhaustive Product Analysis of Three Benzene Discharges by Microwave Spectroscopy,Michael McCarthy; Kin Long Kelvin Lee; P. Brandon Carroll; Jessica P. Porterfield; P. Bryan Changala; James H. Thorpe; John F. Stanton,2020,The Journal of Physical Chemistry A,https://doi.org/10.1021/acs.jpca.0c02919,57,"Using chirped and cavity microwave spectroscopies, automated double resonance, new high-speed fitting and deep learning algorithms, and large databases of computed structures, the discharge products of benzene alone, or in combination with molecular oxygen or nitrogen, have been exhaustively characterized between 6.5 and 26 GHz. In total, more than 3300 spectral features were observed; 89% of these, accounting for 97% of the total intensity, have now been assigned to 152 distinct chemical species and 60 of their variants (i.e., isotopic species and vibrationally excited states). Roughly 50 of the products are entirely new or poorly characterized at high resolution, including many heavier by mass than the precursor benzene. These findings provide direct evidence for a rich architecture of two- and three-dimensional carbon and indicate that benzene growth, particularly the formation of ring–chain molecules, occurs facilely under our experimental conditions. The present analysis also illustrates the utility of microwave spectroscopy as a precision tool for complex mixture analysis, irrespective of whether the rotational spectrum of a product species is known a priori or not. From this large quantity of data, for example, it is possible to determine with confidence the relative abundances of different product masses, but more importantly the relative abundances of different isomers with the same mass. The complementary nature of this type of analysis to traditional mass spectrometry is discussed.",2026-07-30T05:00:47+00:00
deep learning stellar spectroscopy,run002_dl_stellar_spectroscopy,https://openalex.org/W2892338809,https://doi.org/10.1007/s10686-018-9598-x,A chemical survey of exoplanets with ARIEL,G. Tinetti; P. Drossart; Paul Eccleston; P. Hartogh; A. Heske; Jérémy Leconte; Giusi Micela; Marc Ollivier; G. L. Pilbratt; Ludovic Puig; D. Turrini; B. Vandenbussche; P. Wolkenberg; Jean‐Philippe Beaulieu; Lars A. Buchave; Martin Ferus; Matt Griffin; M. Guêdel; K. Justtanont; Pierre-Olivier Lagage; Pedro Machado; G. Malaguti; M. Min; H. U. Nørgaard-Nielsen; M. Rataj; Tom Ray; I. Ribas; Mark G. Swain; R. Szabó; Stephanie Werner; J. K. Barstow; M. R. Burleigh; James Cho; Vincent Coudé du Foresto; A. Coustenis; L. Decin; Therese Encrenaz; M. Galand; M. Gillon; Ravit Helled; J. C. Morales; A. García Muñoz; A. Moneti; I. Pagano; E. Pascale; G. Piccioni; D. J. Pinfield; Subhajit Sarkar; Franck Selsis; Jonathan Tennyson; A. H. M. J. Triaud; Olivia Vénot; I. Waldmann; David Waltham; Gillian Wright; J. Amiaux; Jean-Louis Auguères; Michel Berthé; Naidu Bezawada; Georgia Bishop; Neil E. Bowles; Deirdre Coffey; J. Colomé; Martin Crook; P.-E. Crouzet; Vania Da Peppo; I. Escudero Sanz; Mauro Focardi; Martin Frericks; Tom Hunt; Ralf Kohley; Kevin Middleton; G. Morgante; R. Ottensamer; E. Pace; Chris Pearson; R. Stamper; Kate Symonds; M. Rengel; Étienne Renotte; P. A. R. Ade; L. Affer; Christophe Alard; N. F. Allard; Francesca Altieri; Yves André; Claudio Arena; Ioannis Argyriou; A. D. Aylward; Cristian Baccani; G. Á. Bakos; M. Banaszkiewicz; Mike Barlow; V. Batista; G. Bellucci; S. Benatti; Pernelle Bernardi; Bruno Bézard; M. I. Błęcka; Émeline Bolmont,2018,Experimental Astronomy,https://doi.org/10.1007/s10686-018-9598-x,439,"Thousands of exoplanets have now been discovered with a huge range of masses, sizes and orbits: from rocky Earth-like planets to large gas giants grazing the surface of their host star. However, the essential nature of these exoplanets remains largely mysterious: there is no known, discernible pattern linking the presence, size, or orbital parameters of a planet to the nature of its parent star. We have little idea whether the chemistry of a planet is linked to its formation environment, or whether the type of host star drives the physics and chemistry of the planet’s birth, and evolution. ARIEL was conceived to observe a large number (~1000) of transiting planets for statistical understanding, including gas giants, Neptunes, super-Earths and Earth-size planets around a range of host star types using transit spectroscopy in the 1.25–7.8 μm spectral range and multiple narrow-band photometry in the optical. ARIEL will focus on warm and hot planets to take advantage of their well-mixed atmospheres which should show minimal condensation and sequestration of high-Z materials compared to their colder Solar System siblings. Said warm and hot atmospheres are expected to be more representative of the planetary bulk composition. Observations of these warm/hot exoplanets, and in particular of their elemental composition (especially C, O, N, S, Si), will allow the understanding of the early stages of planetary and atmospheric formation during the nebular phase and the following few million years. ARIEL will thus provide a representative picture of the chemical nature of the exoplanets and relate this directly to the type and chemical environment of the host star. ARIEL is designed as a dedicated survey mission for combined-light spectroscopy, capable of observing a large and well-defined planet sample within its 4-year mission lifetime. Transit, eclipse and phase-curve spectroscopy methods, whereby the signal from the star and planet are differentiated using knowledge of the planetary ephemerides, allow us to measure atmospheric signals from the planet at levels of 10–100 part per million (ppm) relative to the star and, given the bright nature of targets, also allows more sophisticated techniques, such as eclipse mapping, to give a deeper insight into the nature of the atmosphere. These types of observations require a stable payload and satellite platform with broad, instantaneous wavelength coverage to detect many molecular species, probe the thermal structure, identify clouds and monitor the stellar activity. The wavelength range proposed covers all the expected major atmospheric gases from e.g. H 2 O, CO 2 , CH 4 NH 3 , HCN, H 2 S through to the more exotic metallic compounds, such as TiO, VO, and condensed species. Simulations of ARIEL performance in conducting exoplanet surveys have been performed – using conservative estimates of mission performance and a full model of all significant noise sources in the measurement – using a list of potential ARIEL targets that incorporates the latest available exoplanet statistics. The conclusion at the end of the Phase A study, is that ARIEL – in line with the stated mission objectives – will be able to observe about 1000 exoplanets depending on the details of the adopted survey strategy, thus confirming the feasibility of the main science objectives.",2026-07-30T05:00:47+00:00
deep learning stellar spectroscopy,run002_dl_stellar_spectroscopy,https://openalex.org/W2740236269,https://doi.org/10.3847/1538-4365/aa9e8a,The Fourteenth Data Release of the Sloan Digital Sky Survey: First Spectroscopic Data from the Extended Baryon Oscillation Spectroscopic Survey and from the Second Phase of the Apache Point Observatory Galactic Evolution Experiment,Bela Abolfathi; David S. Aguado; Gabriela Aguilar; Carlos Allende Prieto; Andrés Almeida; Tonima Tasnim Ananna; F. Anders; Scott F. Anderson; Brett H. Andrews; Borja Anguiano; Alfonso Aragón‐Salamanca; M. Argudo–Fernández; E. Armengaud; M. Ata; É. Aubourg; V. Ávila-Reese; Carles Badenes; S. Bailey; Christophe Balland; Kathleen A. Barger; J. K. Barrera-Ballesteros; Curtis Bartosz; Fabienne A. Bastien; Dominic Bates; Falk Baumgarten; Julian Bautista; Rachael L. Beaton; Timothy C. Beers; Francesco Belfiore; Chad F. Bender; Mariangela Bernardi; Matthew A. Bershady; Florian Beutler; Jonathan C. Bird; Dmitry Bizyaev; Guillermo A. Blanc; Michael R. Blanton; Michael Blomqvist; A. Bolton; M. Boquien; J. Borissova; Jo Bovy; Christian Andres Bradna Diaz; William Nielsen Brandt; J. Brinkmann; Joel R. Brownstein; Kevin Bundy; Adam J. Burgasser; E. Burtin; Nicolás G. Busca; Caleb I. Cañas; M. Cano-Díaz; Michele Cappellari; R. Carrera; Andrew R. Casey; Bernardo Cervantes Sodi; Yanping Chen; Brian Cherinka; C. Chiappini; Peter Doohyun Choi; Drew Chojnowski; Chia-Hsun Chuang; Haeun Chung; Nicolas Clerc; Roger E. Cohen; Julia M. Comerford; Johan Comparat; Janaina Correa do Nascimento; L. N. da Costa; Marie-Claude Cousinou; Kevin R. Covey; Jeffrey D. Crane; I. Cruz-González; Kátia Cunha; Gabriele S Ilha; G. Damke; Jeremy Darling; James W. Davidson; Kyle Dawson; Miguel Icaza-Lizaola; Axel de la Macorra; Sylvain de la Torre; Nathan De Lee; Victoria de Sainte Agathe; Alice Deconto Machado; F. Dell’Agli; Timothée Delubac; Aleksandar M. Diamond‐Stanic; John Donor; Juan José Downes; Niv Drory; Hélion du Mas des Bourboux; Christopher Duckworth; T. Dwelly; Jamie Dyer; Garrett Ebelke; Arthur Eigenbrot; Daniel J. Eisenstein; Y. Elsworth; Éric Emsellem,2018,The Astrophysical Journal Supplement Series,https://doi.org/10.3847/1538-4365/aa9e8a,1051,"Abstract The fourth generation of the Sloan Digital Sky Survey (SDSS-IV) has been in operation since 2014 July. This paper describes the second data release from this phase, and the 14th from SDSS overall (making this Data Release Fourteen or DR14). This release makes the data taken by SDSS-IV in its first two years of operation (2014–2016 July) public. Like all previous SDSS releases, DR14 is cumulative, including the most recent reductions and calibrations of all data taken by SDSS since the first phase began operations in 2000. New in DR14 is the first public release of data from the extended Baryon Oscillation Spectroscopic Survey; the first data from the second phase of the Apache Point Observatory (APO) Galactic Evolution Experiment (APOGEE-2), including stellar parameter estimates from an innovative data-driven machine-learning algorithm known as “The Cannon”; and almost twice as many data cubes from the Mapping Nearby Galaxies at APO (MaNGA) survey as were in the previous release ( N = 2812 in total). This paper describes the location and format of the publicly available data from the SDSS-IV surveys. We provide references to the important technical papers describing how these data have been taken (both targeting and observation details) and processed for scientific use. The SDSS web site ( www.sdss.org ) has been updated for this release and provides links to data downloads, as well as tutorials and examples of data use. SDSS-IV is planning to continue to collect astronomical data until 2020 and will be followed by SDSS-V.",2026-07-30T05:00:47+00:00
deep learning stellar spectroscopy,run002_dl_stellar_spectroscopy,https://openalex.org/W3122729254,https://doi.org/10.1103/revmodphys.93.015001,Probing the interior physics of stars through asteroseismology,C. Aerts,2021,Reviews of Modern Physics,https://doi.org/10.1103/revmodphys.93.015001,326,"By studying the oscillations of a star's surface, it is possible to extract information about stellar strata, age, and dynamics. Though one might guess that observation of surface oscillatory motions would be limited to our Sun, high-precision brightness measurements of distant stars, performed over many years, have enabled the field of asteroseismology. This comprehensive review covers the recent development of this field, the necessary blending of numerical simulation and data, and the way in which this new information enhances our understanding of stellar evolution.",2026-07-30T05:00:47+00:00
deep learning stellar spectroscopy,run002_dl_stellar_spectroscopy,https://openalex.org/W3216552048,https://doi.org/10.1051/0004-6361/202141480,SUPPNet: Neural network for stellar spectrum normalisation,Tomasz Różański; E. Niemczura; Jakub Lemiesz; N. Posiłek; Paweł Różański,2022,Astronomy and Astrophysics,https://doi.org/10.1051/0004-6361/202141480,22,"Context. Precise continuum normalisation of merged échelle spectra is a demanding task that is necessary for various detailed spectroscopic analyses. Automatic methods have limited effectiveness due to the variety of features present in the spectra of stars. This complexity often leads to the necessity for manual normalisation which is highly time-consuming. Aims. The aim of this work is to develop a fully automated normalisation tool that works with order-merged spectra and offers flexible manual fine-tuning, if necessary. Methods. The core of the proposed method uses the novel, fully convolutional deep neural network (SUPP Network) that was trained to predict a pseudo-continuum. The post-processing step uses smoothing splines that give access to regressed knots, which are useful for optional manual corrections. The active learning technique was applied to deal with possible biases that may arise from training with synthetic spectra and to extend the applicability of the proposed method to features absent in this kind of spectra. Results. The developed normalisation method was tested with high-resolution spectra of stars with spectral types from O to G, and gives a root mean squared (RMS) error over the set of test stars equal to 0.0128 in the spectral range from 3900 Å to 7000 Å and 0.0081 in the range from 4200 Å to 7000 Å. Experiments with synthetic spectra give a RMS of the order of 0.0050. Conclusions. The proposed method leads to results that are comparable to careful manual normalisation. Additionally, this approach is general and can be used in other fields of astronomy where background modelling or trend removal is a part of data processing.",2026-07-30T05:00:47+00:00
deep learning stellar spectroscopy,run002_dl_stellar_spectroscopy,https://openalex.org/W2948234564,https://doi.org/10.3390/s19112555,A Novel Autonomous Celestial Integrated Navigation for Deep Space Exploration Based on Angle and Stellar Spectra Shift Velocity Measurement,Xiao Chen; Zhaowei Sun; Wei Zhang; Jun Xu,2019,Sensors,https://doi.org/10.3390/s19112555,25,"Traditional autonomous celestial navigation usually uses astronomical angle as measurement, which is a function of spacecraft's position and can't resolve the spacecraft's velocity directly. To solve this problem, velocity measurement by stellar spectra shift is proposed in this paper. The autonomous celestial integrated navigation method is derived by combining velocity measurement with angle measurement, which can ensure the long-term high accuracy, real-time and continuous navigation performance for deep space exploration (DSE) missions. The observability of the integrated navigation system is analyzed. Moreover, the design of doppler navigator and hardware in-the-loop simulation system are described. Finally, a simulation example is employed to demonstration the feasibility and effectiveness of the proposed navigation algorithm.",2026-07-30T05:00:47+00:00
deep learning stellar spectroscopy,run002_dl_stellar_spectroscopy,https://openalex.org/W4385670540,https://doi.org/10.53759/0088/jbsha202303006,A Survey of the Interpretability Aspect of Deep Learning Models,Eliot Spitzer; Rona Miles,2023,Journal of Biomedical and Sustainable Healthcare Applications,https://doi.org/10.53759/0088/jbsha202303006,21,"Deep neural networks have attained near-human degree of quality in images, textual, audio, and video recording categorization and predictions tasks. The networks, on the other hand, are still typically thought of as black-box functional probabilistic models that transfer an input data to a trained classifier. Integrating these systems into mission-critical activities like clinical diagnosis, scheduling, and management is the next stage in this human-machine evolutionary change, and it necessitates a degree of confidence in the technology output. Statistical measures are often employed to estimate an output's volatility. The idea of trust, on the other hand, is dependent on a human's sight into a machine's inner workings. To put it another way, the neural networks must justify its outputs in a way that is intelligible to humans, leading to new insights into its internal workings. ""Interpretable deep networks"" is the name we give to such networks. The concept of interpretability is not one-dimensional. Indeed, the variability of an interpretation owing to varying degrees of human comprehension necessitates the existence of a plethora of characteristics that together define interpretability. Furthermore, the model's interpretations may be expressed in terms of low-level network variables or input properties. We describe several of the variables that are helpful for model interpretability in this study, as well as previous work on those dimensions. We do a gap analysis to determine what remains to be improved to increase models interpretability as step of the procedure.",2026-07-30T05:00:47+00:00
deep learning stellar spectroscopy,run002_dl_stellar_spectroscopy,https://openalex.org/W4289453839,https://doi.org/10.1051/0004-6361/201833007,MUSE crowded field 3D spectroscopy in NGC 300,Martin M. Roth; C. Sandín; Sebastian Kamann; Tim-Oliver Husser; Peter M. Weilbacher; A. Monreal‐Ibero; Roland Bacon; Mark den Brok; S. Dreizler; Andreas Kelz; R. A. Marino; Matthias Steinmetz,2018,Astronomy and Astrophysics,https://doi.org/10.1051/0004-6361/201833007,45,"Aims . As a new approach to the study of resolved stellar populations in nearby galaxies, our goal is to demonstrate with a pilot study in NGC 300 that integral field spectroscopy with high spatial resolution and excellent seeing conditions reaches an unprecedented depth in severely crowded fields. Methods . Observations by MUSE with seven pointings in NGC 300 have resulted in data cubes that are analyzed in four ways: (1) Point spread function-fitting 3D spectroscopy with PampelMUSE, as already successfully pioneered in globular clusters, yields de-blended spectra of individually distinguishable stars, thus providing a complete inventory of blue and red supergiants, and asymptotic giant branch (AGB) stars of type M and C. The technique is also applicable to emission line point sources and provides samples of planetary nebulae (PNe) that are complete down to m 5007 = 28. (2) Pseudo-monochromatic images, created at the wavelengths of the most important emission lines and corrected for continuum light with the P3D visualization tool, provide maps of H II regions, supernova remnants (SNR), and the diffuse interstellar medium (ISM) at a high level of sensitivity, where also faint point sources stand out and allow for the discovery of PNe, Wolf–Rayet (WR) stars, etc. (3) The use of the P3D line-fitting tool yields emission line fluxes, surface brightness, and kinematic information for gaseous objects, corrected for absorption line profiles of the underlying stellar population in the case of H α . (4) Visual inspection of the data cubes by browsing through the row-stacked spectra image in P3D is demonstrated to be efficient for data mining and the discovery of background galaxies and unusual objects. Results . We present a catalog of luminous stars, rare stars such as WR, and other emission line stars, carbon stars, symbiotic star candidates, PNe, H II regions, SNR, giant shells, peculiar diffuse and filamentary emission line objects, and background galaxies, along with their spectra. Conclusions . The technique of crowded-field 3D spectroscopy, using the PampelMUSE code, is capable of deblending individual bright stars, the unresolved background of faint stars, gaseous nebulae, and the diffuse component of the ISM, resulting in unprecedented legacy value for observations of nearby galaxies with MUSE.",2026-07-30T05:00:47+00:00
deep learning stellar spectroscopy,run002_dl_stellar_spectroscopy,https://openalex.org/W4363678967,https://doi.org/10.1007/s44174-023-00078-9,A Novel Approach Utilizing Machine Learning for the Early Diagnosis of Alzheimer's Disease,Khandaker Mohammad Mohi Uddin; Mir Jafikul Alam; Jannat-E-Anawar; Md. Ashraf Uddin; Sunil Aryal,2023,Biomedical Materials & Devices,https://doi.org/10.1007/s44174-023-00078-9,91,,2026-07-30T05:00:47+00:00
deep learning stellar spectroscopy,run002_dl_stellar_spectroscopy,https://openalex.org/W3205830330,https://doi.org/10.3847/1538-4357/ac2302,Rotation Curves of Galaxies and Their Dependence on Morphology and Stellar Mass,Yongmin Yoon; Changbom Park; Haeun Chung; Kai Zhang,2021,The Astrophysical Journal,https://doi.org/10.3847/1538-4357/ac2302,28,"Abstract We study how stellar rotation curves (RCs) of galaxies are correlated on average with morphology and stellar mass ( M star ) using the final release of Sloan Digital Sky Survey IV MaNGA data. We use the visually assigned T -types for the morphology indicator, and adopt a functional form for the RC that can model non-flat RCs at large radii. We discover that within the radial coverage of the MaNGA data, the popularly known flat rotation curve at large radii applies only to the particular classes of galaxies, i.e., massive late types ( T -type ≥ 1, M star ≳ 10 10.8 M ⊙ ) and S0 types ( T -type = −1 or 0, M star ≳ 10 10.0 M ⊙ ). The RC of late-type galaxies at large radii rises more steeply as M star decreases, and its slope increases to about +9 km s −1 kpc −1 at M star ≈ 10 9.7 M ⊙ . By contrast, elliptical galaxies ( T -type ≤ −2) have descending RCs at large radii. Their slope becomes more negative as M star decreases, and reaches as negative as −15 km s −1 kpc −1 at M star ≈ 10 10.2 M ⊙ . We also find that the inner slope of the RC is highest for elliptical galaxies with M star ≈ 10 10.5 M ⊙ , and decreases as T -type increases or M star changes away from 10 10.5 M ⊙ . The velocity at the turnover radius R t is higher for higher M star , and R t is larger for higher M star and later T -types. We show that the inner slope of the RC is coupled with the central surface stellar mass density, which implies that the gravitational potential of central regions of galaxies is dominated by baryonic matter. With the aid of simple models for matter distribution, we discuss what determines the shapes of RCs.",2026-07-30T05:00:47+00:00
deep learning stellar spectroscopy,run002_dl_stellar_spectroscopy,https://openalex.org/W4303985113,https://doi.org/10.1051/0004-6361/202243659,Stellar population of the Rosette Nebula and NGC 2244,K. Mužić; V. Almendros-Abad; H. Bouy; Karolina Kubiak; Karla Peña Ramírez; A. Krone-Martins; A. Moitinho; Miguel Conceição,2022,Astronomy and Astrophysics,https://doi.org/10.1051/0004-6361/202243659,24,"Context. Measurements of internal dynamics of young clusters and star-forming regions are crucial to fully understand the process of their formation. A basic prerequisite for this is a well-established and robust list of probable members. Aims. In this work, we study the 2.8° ×2.6° region in the emblematic Rosette Nebula, centred in the young cluster NGC 2244, with the aim of constructing the most reliable candidate member list to date. Using the obtained catalogue, we can determine various structural and kinematic parameters, which can help to draw conclusions about the past and the future of the region. Methods. We constructed a catalogue containing optical to mid-infrared photometry, as well as accurate positions and proper motions from Gaia EDR3 for the sources in the field of the Rosette Nebula. We applied the probabilistic random forest algorithm to derive the membership probability for each source within our field of view. Based on the list of almost 3000 probable members, of which about a third are concentrated within the radius of 20′ from the centre of NGC 2244, we identified various clustered sources and stellar concentrations in the region, and estimated the average distance to the entire region at 1489 ± 37 pc, 1440 ± 32 pc to NGC 2244, and 1525 ± 36 pc to NGC 2237. The masses, extinction, and ages were derived by fitting the spectral energy distribution to the atmosphere and evolutionary models, and the internal dynamic was assessed via proper motions relative to the mean proper motion of NGC 2244. Results. NGC 2244 is showing a clear expansion pattern, with an expansion velocity that increases with radius. Its initial mass function (IMF) is well represented by two power laws (d N /d M ∝ M − α ), with slopes α = 1.05 ± 0.02 for the mass range 0.2–1.5 M ⊙ and α = 2.3 ± 0.3 for the mass range 1.5–20 M ⊙ , and it is in agreement with slopes detected in other star-forming regions. The mean age of the region, derived from the HR diagram, is ∼2 Myr. We find evidence for the difference in ages between NGC 2244 and the region associated with the molecular cloud, which appears slightly younger. The velocity dispersion of NGC 2244 is well above the virial velocity dispersion derived from the total mass (1000 ± 70 M ⊙ ) and half-mass radius (3.4 ± 0.2 pc). From the comparison to other clusters and to numerical simulations, we conclude that NGC 2244 may be unbound and that it possibly may have even formed in a super-virial state.",2026-07-30T05:00:47+00:00
deep learning stellar spectroscopy,run002_dl_stellar_spectroscopy,https://openalex.org/W2047449019,https://doi.org/10.1093/mnras/stt651,The prevalence of dust on the exoplanet HD 189733b from Hubble and Spitzer observations,F. Pont; David K. Sing; Neale P. Gibson; S. Aigrain; Gregory W. Henry; Nawal Husnoo,2013,Monthly Notices of the Royal Astronomical Society,https://doi.org/10.1093/mnras/stt651,444,"The hot Jupiter HD 189733b is the most extensively observed exoplanet. Its atmosphere has been detected and characterized in transmission and eclipse spectroscopy, and its phase curve measured at several wavelengths. This paper brings together the results of our campaign to obtain the complete transmission spectrum of the atmosphere of this planet from UV to infrared with the Hubble Space Telescope, using the STIS, ACS and WFC3 instruments. We provide a new tabulation of the transmission spectrum across the entire visible and infrared range. The radius ratio in each wavelength band was re-derived, where necessary, to ensure a consistent treatment of the bulk transit parameters and stellar limb darkening. Special care was taken to correct for, and derive realistic estimates of the uncertainties due to, both occulted and unocculted star spots. The combined spectrum is very different from the predictions of cloud-free models for hot Jupiters: it is dominated by Rayleigh scattering over the whole visible and near-infrared range, the only detected features being narrow sodium and potassium lines. We interpret this as the signature of a haze of condensate grains extending over at least five scaleheights. We show that a dust-dominated atmosphere could also explain several puzzling features of the emission spectrum and phase curves, including the large amplitude of the phase curve at 3.6 μm, the small hotspot longitude shift and the hot mid-infrared emission spectrum. We discuss possible compositions and derive some first-order estimates for the properties of the putative condensate haze/clouds. We finish by speculating that the dichotomy between the two observationally defined classes of hot Jupiter atmospheres, of which HD 189733b and HD 209458b are the prototypes, might not be whether they possess a temperature inversion, but whether they are clear or dusty. We also consider the possibility of a continuum of cloud properties between hot Jupiters, young Jupiters and L-type brown dwarfs.",2026-07-30T05:00:47+00:00
deep learning stellar spectroscopy,run002_dl_stellar_spectroscopy,https://openalex.org/W2900297252,https://doi.org/10.48550/arxiv.1811.03390,Bayesian Deep Learning for Exoplanet Atmospheric Retrieval,"Frank Soboczenski; Michael D. Himes; Molly D. O’Beirne; Simone Zorzan; Atılım Güneş Baydin; Adam D. Cobb; Gal, Yarin; Daniel Angerhausen; Mascaro, Massimo; Giada Arney; Shawn Domagal‐Goldman",2018,"White Rose Research Online (University of Leeds, The University of Sheffield, University of York)","https://orcid.org/0000-0001-8185-6094>,",18,"Over the past decade, the study of extrasolar planets has evolved rapidly from plain detection and identification to comprehensive categorization and characterization of exoplanet systems and their atmospheres. Atmospheric retrieval, the inverse modeling technique used to determine an exoplanetary atmosphere's temperature structure and composition from an observed spectrum, is both time-consuming and compute-intensive, requiring complex algorithms that compare thousands to millions of atmospheric models to the observational data to find the most probable values and associated uncertainties for each model parameter. For rocky, terrestrial planets, the retrieved atmospheric composition can give insight into the surface fluxes of gaseous species necessary to maintain the stability of that atmosphere, which may in turn provide insight into the geological and/or biological processes active on the planet. These atmospheres contain many molecules, some of them biosignatures, spectral fingerprints indicative of biological activity, which will become observable with the next generation of telescopes. Runtimes of traditional retrieval models scale with the number of model parameters, so as more molecular species are considered, runtimes can become prohibitively long. Recent advances in machine learning (ML) and computer vision offer new ways to reduce the time to perform a retrieval by orders of magnitude, given a sufficient data set to train with. Here we present an ML-based retrieval framework called Intelligent exoplaNet Atmospheric RetrievAl (INARA) that consists of a Bayesian deep learning model for retrieval and a data set of 3,000,000 synthetic rocky exoplanetary spectra generated using the NASA Planetary Spectrum Generator. Our work represents the first ML retrieval model for rocky, terrestrial exoplanets and the first synthetic data set of terrestrial spectra generated at this scale.",2026-07-30T05:00:47+00:00
deep learning stellar spectroscopy,run002_dl_stellar_spectroscopy,https://openalex.org/W4306725906,https://doi.org/10.1093/mnras/stac2442,The stellar populations of quiescent ultra-diffuse galaxies from optical to mid-infrared spectral energy distribution fitting,Maria Luísa Buzzo; Duncan A. Forbes; Jean P. Brodie; Aaron J. Romanowsky; M. E. Cluver; T. H. Jarrett; Seppo Laine; W. J. Couch; Jonah S. Gannon; Anna Ferré-Mateu; N. Okabe,2022,Monthly Notices of the Royal Astronomical Society,https://doi.org/10.1093/mnras/stac2442,36,"ABSTRACT We use spectral energy distribution (SED) fitting to place constraints on the stellar population properties of 29 quiescent ultra-diffuse galaxies (UDGs) across different environments. We use the fully Bayesian routine PROSPECTOR coupled with archival data in the optical, near, and mid-infrared from Spitzer and Wide-field Infrared Survey Explorer under the assumption of an exponentially declining star formation history. We recover the stellar mass, age, metallicity, dust content, star formation time scales, and photometric redshifts (photo-zs) of the UDGs studied. Using the mid-infrared data, we probe the existence of dust in UDGs. Although its presence cannot be confirmed, we find that the inclusion of small amounts of dust in the models brings the stellar populations closer to those reported with spectroscopy. Additionally, we fit the redshifts of all galaxies. We find a high accuracy in recovering photo-zs compared to spectroscopy, allowing us to provide new photo-z estimates for three field UDGs with unknown distances. We find evidence of a stellar population dependence on the environment, with quiescent field UDGs being systematically younger than their cluster counterparts. Lastly, we find that all UDGs lie below the mass–metallicity relation for normal dwarf galaxies. Particularly, the globular cluster (GC)-poor UDGs are consistently more metal-rich than GC-rich ones, suggesting that GC-poor UDGs may be puffed-up dwarfs, while most GC-rich UDGs are better explained by a failed galaxy scenario. As a byproduct, we show that two galaxies in our sample, NGC 1052-DF2 and NGC 1052-DF4, share equivalent stellar population properties, with ages consistent with 8 Gyr. This finding supports formation scenarios where the galaxies were formed together.",2026-07-30T05:00:47+00:00
deep learning stellar spectroscopy,run002_dl_stellar_spectroscopy,https://openalex.org/W4308296637,https://doi.org/10.1038/s41598-022-23414-3,Identifying plastics with photoluminescence spectroscopy and machine learning,Benjamin Lotter; Srumika Konde; Johnny Nguyen; Michael Grau; Martín Koch; Peter Lenz,2022,Scientific Reports,https://doi.org/10.1038/s41598-022-23414-3,15,"A quantitative understanding of the worldwide plastics distribution is required not only to assess the extent and possible impact of plastic litter on the environment but also to identify possible counter measures. A systematic collection of data characterizing amount and composition of plastics has to be based on two crucial components: (i) An experimental approach that is simple enough to be accessible worldwide and sensible enough to capture the diversity of plastics; (ii) An analysis pipeline that is able to extract the relevant parameters from the vast amount of experimental data. In this study, we demonstrate that such an approach could be realized by a combination of photoluminescence spectroscopy and a machine learning-based theoretical analysis. We show that appropriate combinations of classifiers with dimensional reduction algorithms are able to identify specific material properties from the spectroscopic data. The best combination is based on an unsupervised learning technique making our approach robust to alternations of the input data.",2026-07-30T05:00:47+00:00
deep learning stellar spectroscopy,run002_dl_stellar_spectroscopy,https://openalex.org/W3113174703,https://doi.org/10.3390/galaxies8040088,Classification of Planetary Nebulae through Deep Transfer Learning,Dayang N. F. Awang Iskandar; Albert A. Zijlstra; Iain McDonald; Rosni Abdullah; Gary A. Fuller; Ahmad H. Fauzi; Johari Abdullah,2020,Galaxies,https://doi.org/10.3390/galaxies8040088,21,"This study investigate the effectiveness of using Deep Learning (DL) for the classification of planetary nebulae (PNe). It focusses on distinguishing PNe from other types of objects, as well as their morphological classification. We adopted the deep transfer learning approach using three ImageNet pre-trained algorithms. This study was conducted using images from the Hong Kong/Australian Astronomical Observatory/Strasbourg Observatory H-alpha Planetary Nebula research platform database (HASH DB) and the Panoramic Survey Telescope and Rapid Response System (Pan-STARRS). We found that the algorithm has high success in distinguishing True PNe from other types of objects even without any parameter tuning. The Matthews correlation coefficient is 0.9. Our analysis shows that DenseNet201 is the most effective DL algorithm. For the morphological classification, we found for three classes, Bipolar, Elliptical and Round, half of objects are correctly classified. Further improvement may require more data and/or training. We discuss the trade-offs and potential avenues for future work and conclude that deep transfer learning can be utilized to classify wide-field astronomical images.",2026-07-30T05:00:47+00:00
deep learning stellar spectroscopy,run002_dl_stellar_spectroscopy,https://openalex.org/W4306248068,https://doi.org/10.1039/d2nh00377e,"Machine learning in electron microscopy for advanced nanocharacterization: current developments, available tools and future outlook",Marc Botifoll; Ivan Pinto‐Huguet; Jordi Arbiol,2022,Nanoscale Horizons,https://doi.org/10.1039/d2nh00377e,124,", high-energy physics, astronomy, Earth sciences, and even robotics, videogames, or marketing and finances), in order to narrow down the incoming future of electron microscopy, its challenges and outlook.",2026-07-30T05:00:47+00:00
deep learning stellar spectroscopy,run002_dl_stellar_spectroscopy,https://openalex.org/W2952853822,https://doi.org/10.48550/arxiv.1110.3193,Euclid Definition Study Report,"R. Laureijs; J. Amiaux; S. Arduini; J.-L. Auguères; J. Brinchmann; R. Cole; M. Cropper; C. Dabin; L. Duvet; A. Ealet; B. Garilli; P. Gondoin; L. Guzzo; Hoar, J.; Henk Hoekstra; Rory Holmes; T. Kitching; T. Maciaszek; Y. Mellier; F. Pasian; Will J. Percival; Jason Rhodes; Gonzalo Saavedra Criado; M. Sauvage; R. Scaramella; L. Valenziano; S. J. Warren; R. Bender; F. J. Castander; A. Cimatti; O. Le Fèvre; H. Kurki‐Suonio; M. E. Levi; P. B. Lilje; G. Meylan; R. C. Nichol; K. Pedersen; V. Popa; Lopez, R. Rebolo; Hans‐Walter Rix; H. Röttgering; W. W. Zeilinger; F. Grupp; P. Hudelot; R. Massey; M. Meneghetti; L. Miller; S. Paltani; S. Paulin‐Henriksson; S. Pires; C. J. Saxton; T. Schrabback; G. Seidel; J. R. Walsh; N. Aghanim; Luca Amendola; J. G. Bartlett; C. Baccigalupi; Jean‐Philippe Beaulieu; K. Benabed; J. G. Cuby; D. Elbaz; P. Fosalba; G. Gavazzi; A. Helmi; I. Hook; M. J. Irwin; Jean‐Paul Kneib; M. Kunz; F. Mannucci; L. Moscardini; C. Tao; Romain Teyssier; J. Weller; G. Zamorani; M. R. Zapatero Osorio; O. Boulade; J. J. Foumond; A. Di Giorgio; P. Guttridge; A. L. James; M. Kemp; J. Martignac; A. P. Spencer; D. J. Walton; T. Blümchen; C. Bonoli; F. Bortoletto; C. Cerna; L. Corcione; Christophe Fabron; K. Jahnkę; S. Ligori; F. Madrid; L. J. Martin; G. Morgante; Tony Pamplona; Éric Prieto; Marco Riva; Reynan Toledo",2011,CERN Document Server (European Organization for Nuclear Research),http://cds.cern.ch/record/1390653,953,"Euclid is a space-based survey mission from the European Space Agency designed to understand the origin of the Universe's accelerating expansion. It will use cosmological probes to investigate the nature of dark energy, dark matter and gravity by tracking their observational signatures on the geometry of the universe and on the cosmic history of structure formation. The mission is optimised for two independent primary cosmological probes: Weak gravitational Lensing (WL) and Baryonic Acoustic Oscillations (BAO). The Euclid payload consists of a 1.2 m Korsch telescope designed to provide a large field of view. It carries two instruments with a common field-of-view of ~0.54 deg2: the visual imager (VIS) and the near infrared instrument (NISP) which contains a slitless spectrometer and a three bands photometer. The Euclid wide survey will cover 15,000 deg2 of the extragalactic sky and is complemented by two 20 deg2 deep fields. For WL, Euclid measures the shapes of 30-40 resolved galaxies per arcmin2 in one broad visible R+I+Z band (550-920 nm). The photometric redshifts for these galaxies reach a precision of dz/(1+z) &lt; 0.05. They are derived from three additional Euclid NIR bands (Y, J, H in the range 0.92-2.0 micron), complemented by ground based photometry in visible bands derived from public data or through engaged collaborations. The BAO are determined from a spectroscopic survey with a redshift accuracy dz/(1+z) =0.001. The slitless spectrometer, with spectral resolution ~250, predominantly detects Ha emission line galaxies. Euclid is a Medium Class mission of the ESA Cosmic Vision 2015-2025 programme, with a foreseen launch date in 2019. This report (also known as the Euclid Red Book) describes the outcome of the Phase A study.",2026-07-30T05:00:47+00:00
