keyword,run_id,openalex_id,doi,title,authors,publication_year,source_name,landing_page_url,cited_by_count,abstract,retrieved_at
deep learning stellar spectroscopy,run002_dl_stellar_spectroscopy,https://openalex.org/W2159691951,https://doi.org/10.12942/lrsp-2005-8,Starspots: A Key to the Stellar Dynamo,S. V. Berdyugina,2005,Living Reviews in Solar Physics,https://doi.org/10.12942/lrsp-2005-8,497,"Magnetic activity similar to that of the Sun is observed on a variety of cool stars with external convection envelopes. Stellar rotation coupled with convective motions generate strong magnetic fields in the stellar interior and produce a multitude of magnetic phenomena including starspots in the photosphere, chromospheric plages, coronal loops, UV, X-ray, and radio emission and flares. Here I review the phenomenon of starspots on different types of cool stars, observational tools and diagnostic techniques for studying starspots as well as starspot properties including their temperatures, areas, magnetic field strengths, lifetimes, active latitudes and longitudes, etc. Evolution of starspots on various time scales allows us to investigate stellar differential rotation, activity cycles, and global magnetic fields. Together these constitute the basis for our understanding of stellar and solar dynamos and provide valuable constraints for theoretical models.",2026-07-30T05:00:47+00:00
deep learning stellar spectroscopy,run002_dl_stellar_spectroscopy,https://openalex.org/W3017279354,https://doi.org/10.1051/0004-6361/202038192,Painting a portrait of the Galactic disc with its stellar clusters,T. Cantat-Gaudin; F. Anders; A. Castro-Ginard; C. Jordi; M. Romero-Gómez; C. Soubiran; L. Casamiquela; Y. Tarricq; A. Moitinho; A. Vallenari; A. Bragaglia; A. Krone-Martins; Marina Kounkel,2020,Astronomy and Astrophysics,https://doi.org/10.1051/0004-6361/202038192,545,"Context. The large astrometric and photometric survey performed by the Gaia mission allows for a panoptic view of the Galactic disc and its stellar cluster population. Hundreds of stellar clusters were only discovered after the latest Gaia data release (DR2) and have yet to be characterised. Aims. Here we make use of the deep and homogeneous Gaia photometry down to G = 18 to estimate the distance, age, and interstellar reddening for about 2000 stellar clusters identified with Gaia DR2 astrometry. We use these objects to study the structure and evolution of the Galactic disc. Methods. We relied on a set of objects with well-determined parameters in the literature to train an artificial neural network to estimate parameters from the Gaia photometry of cluster members and their mean parallax. Results. We obtain reliable parameters for 1867 clusters. Our catalogue confirms the relative lack of old stellar clusters in the inner disc (with a few notable exceptions). We also quantify and discuss the variation of scale height with cluster age, and we detect the Galactic warp in the distribution of old clusters. Conclusions. This work results in a large and homogeneous cluster catalogue, allowing one to trace the structure of the disc out to distances of ∼4 kpc. However, the present sample is still unable to trace the outer spiral arm of the Milky Way, which indicates that the outer disc cluster census might still be incomplete.",2026-07-30T05:00:47+00:00
deep learning stellar spectroscopy,run002_dl_stellar_spectroscopy,https://openalex.org/W2899775349,https://doi.org/10.1093/mnras/sty3135,SDSS-IV MaNGA PyMorph Photometric and Deep Learning Morphological Catalogues and implications for bulge properties and stellar angular momentum,J.‐U. Fischer; H. Domínguez Sánchez; Mariangela Bernardi,2018,Monthly Notices of the Royal Astronomical Society,https://doi.org/10.1093/mnras/sty3135,104,"We describe the Sloan Digital Sky Survey IV (SDSS-IV) MaNGA (Mapping Nearby Galaxies at Apache Point Observatory) PyMorph Photometric (MPP-VAC) and MaNGA Deep Learning Morphology (MDLM-VAC) Value Added Catalogues. The MPP-VAC provides photometric parameters from Sérsic and Sérsic + Exponential fits to the 2D surface brightness profiles of the MaNGA Data Release 15 (DR15) galaxy sample. Compared to previous pymorph analyses of SDSS imaging, our analysis of the MaNGA DR15 incorporates three improvements: the most recent SDSS images; modified criteria for determining bulge-to-disc decompositions; and the fits in MPP-VAC have been eye-balled, and re-fit if necessary, for additional reliability. A companion catalogue, the MDLM-VAC, provides Deep Learning-based morphological classifications for the same galaxies. The MDLM-VAC includes a number of morphological properties (e.g. a TType, and a finer separation between elliptical and S0 galaxies). Combining the MPP- and MDLM-VACs allows to show that the MDLM morphological classifications are more reliable than previous work. It also shows that single-Sérsic fits to late- and early-type galaxies are likely to return Sérsic indices of n ≤ 2 and ≥4, respectively, and this correlation between n and morphology extends to the bulge component as well. While the former is well known, the latter contradicts some recent work suggesting little correlation between n-bulge and morphology. Combining both VACs with MaNGA’s spatially resolved spectroscopy allows us to study how the stellar angular momentum depends on morphological type. We find correlations between stellar kinematics, photometric properties, and morphological type even though the spectroscopic data played no role in the construction of the MPP- and MDLM-VACs.",2026-07-30T05:00:47+00:00
deep learning stellar spectroscopy,run002_dl_stellar_spectroscopy,https://openalex.org/W2949721139,https://doi.org/10.1007/s00159-013-0061-8,The Milky Way’s stellar disk,Hans-Walter Rix; Jo Bovy,2013,The Astronomy and Astrophysics Review,https://doi.org/10.1007/s00159-013-0061-8,242,"A suite of vast stellar surveys mapping the Milky Way, culminating in the Gaia mission, is revolutionizing the empirical information about the distribution and properties of stars in the Galactic stellar disk. We review and lay out what analysis and modeling machinery needs to be in place to test mechanism of disk galaxy evolution and to stringently constrain the Galactic gravitational potential, using such Galactic star-by-star measurements. We stress the crucial role of stellar survey selection functions in any such modeling; and we advocate the utility of viewing the Galactic stellar disk as made up of ‘mono-abundance populations’ (MAPs), both for dynamical modeling and for constraining the Milky Way’s evolutionary processes. We review recent work on the spatial and kinematical distribution of MAPs, and point out how further study of MAPs in the Gaia era should lead to a decisively clearer picture of the Milky Way’s dark-matter distribution and formation history.",2026-07-30T05:00:47+00:00
deep learning stellar spectroscopy,run002_dl_stellar_spectroscopy,https://openalex.org/W2991321477,https://doi.org/10.1051/0004-6361/201936691,Clusters and mirages: cataloguing stellar aggregates in the Milky Way,T. Cantat-Gaudin; F. Anders,2019,Astronomy and Astrophysics,https://doi.org/10.1051/0004-6361/201936691,290,"Context. Many of the open clusters listed in modern catalogues were initially reported by visual astronomers as apparent overdensities of bright stars. As observational techniques and analysis methods continue to improve, some of them have been shown to be chance alignments of stars and not true clusters. Recent publications making use of Gaia DR2 data have provided membership lists for over a thousand clusters, however, many nearby objects listed in the literature have so far evaded detection. Aims. We aim to update the Gaia DR2 cluster census by performing membership determinations for known clusters that had been missed by previous studies and for recently-discovered clusters. We investigate a sub-set of non-detected clusters that, according to their literature parameters, should be easily visible in Gaia . Confirming or disproving the existence of old, inner-disc, high-altitude clusters is especially important as their survival or disruption is linked to the dynamical processes that drive the evolution of the Milky Way. Methods. We employed the Gaia DR2 catalogue and a membership assignment procedure, as well as visual inspections of spatial, proper motion, and parallax distributions. We used membership lists provided by other authors when available. Results. We derived membership lists for 150 objects, including ten that were already known prior to Gaia . We compiled a final list of members for 1481 clusters. Among the objects that we are still unable to identify with the Gaia data, we argue that many (mostly putatively old, relatively nearby, high-altitude objects) are not true clusters. Conclusions. At present, the only confirmed cluster located further than 500 pc away from the Galactic plane within the Solar circle is NGC 6791. It is likely that the objects discussed in this study only represent a fraction of the non-physical groupings erroneously listed in the catalogues as genuine open clusters and that those lists need further cleaning.",2026-07-30T05:00:47+00:00
deep learning stellar spectroscopy,run002_dl_stellar_spectroscopy,https://openalex.org/W4376115962,https://doi.org/10.1051/0004-6361/202245581,COSMOS2020: The galaxy stellar mass function,John R. Weaver; I. Davidzon; Sune Toft; O. Ilbert; H. J. McCracken; Katriona M. L. Gould; Christian Kragh Jespersen; Charles L. Steinhardt; Claudia del P. Lagos; P. Capak; C. M. Casey; N. Chartab; Andreas L. Faisst; Christopher C. Hayward; Jeyhan S. Kartaltepe; O. B. Kauffmann; Anton M. Koekemoer; Vasily Kokorev; C. Laigle; Daizhong Liu; A. Long; G. Magdis; Conor McPartland; B. Milvang-Jensen; Bahram Mobasher; A. Moneti; Yingjie Peng; D. B. Sanders; Marko Shuntov; Albert Sneppen; Francesco Valentino; L. Zalesky; G. Zamorani,2023,Astronomy and Astrophysics,https://doi.org/10.1051/0004-6361/202245581,187,"Context. How galaxies form, assemble, and cease their star formation is a central question within the modern landscape of galaxy evolution studies. These processes are indelibly imprinted on the galaxy stellar mass function (SMF), and its measurement and understanding is key to uncovering a unified theory of galaxy evolution. Aims. We present constraints on the shape and evolution of the galaxy SMF, the quiescent galaxy fraction, and the cosmic stellar mass density across 90% of the history of the Universe from z = 7.5 → 0.2 as a means to study the physical processes that underpin galaxy evolution. Methods. The COSMOS survey is an ideal laboratory for studying representative galaxy samples. Now equipped with deeper and more homogeneous near-infrared coverage exploited by the COSMOS2020 catalog, we leverage the large 1.27 deg 2 effective area to improve sample statistics and understand spatial variations (cosmic variance) – particularly for rare, massive galaxies – and push to higher redshifts with greater confidence and mass completeness than previous studies. We divide the total stellar mass function into star-forming and quiescent subsamples through NUVrJ color-color selection. The measurements are then fit with single- and double-component Schechter functions to infer the intrinsic galaxy stellar mass function, the evolution of its key parameters, and the cosmic stellar mass density out to z = 7.5. Finally, we compare our measurements to predictions from state-of-the-art cosmological simulations and theoretical dark matter halo mass functions. Results. We find a smooth, monotonic evolution in the galaxy stellar mass function since z = 7.5, in general agreement with previous studies. The number density of star-forming systems have undergone remarkably consistent growth spanning four decades in stellar mass from z = 7.5 → 2 whereupon high-mass systems become predominantly quiescent (“downsizing”). Meanwhile, the assembly and growth of low-mass quiescent systems only occurred recently, and rapidly. An excess of massive systems at z ≈ 2.5 − 5.5 with strikingly red colors, with some being newly identified, increase the observed number densities to the point where the SMF cannot be reconciled with a Schechter function. Conclusions. Systematics including cosmic variance and/or active galactic nuclei contamination are unlikely to fully explain this excess, and so we speculate that they may be dust-obscured populations similar to those found in far infrared surveys. Furthermore, we find a sustained agreement from z ≈ 3 − 6 between the stellar and dark matter halo mass functions for the most massive systems, suggesting that star formation in massive halos may be more efficient at early times.",2026-07-30T05:00:47+00:00
deep learning stellar spectroscopy,run002_dl_stellar_spectroscopy,https://openalex.org/W3099377877,https://doi.org/10.1051/0004-6361/201936691/pdf,Clusters and mirages: cataloguing stellar aggregates in the Milky Way,T. Cantat-Gaudin; F. Anders,2020,Springer Link (Chiba Institute of Technology),,235,"Context. Many of the open clusters listed in modern catalogues were initially reported by visual astronomers as apparent overdensities of bright stars. As observational techniques and analysis methods continue to improve, some of them have been shown to be chance alignments of stars and not true clusters. Recent publications making use of Gaia DR2 data have provided membership lists for over a thousand clusters, however, many nearby objects listed in the literature have so far evaded detection. Aims. We aim to update the Gaia DR2 cluster census by performing membership determinations for known clusters that had been missed by previous studies and for recently-discovered clusters. We investigate a sub-set of non-detected clusters that, according to their literature parameters, should be easily visible in Gaia. Confirming or disproving the existence of old, inner-disc, high-altitude clusters is especially important as their survival or disruption is linked to the dynamical processes that drive the evolution of the Milky Way. Methods. We employed the Gaia DR2 catalogue and a membership assignment procedure, as well as visual inspections of spatial, proper motion, and parallax distributions. We used membership lists provided by other authors when available. Results. We derived membership lists for 150 objects, including ten that were already known prior to Gaia. We compiled a final list of members for 1481 clusters. Among the objects that we are still unable to identify with the Gaia data, we argue that many (mostly putatively old, relatively nearby, high-altitude objects) are not true clusters. Conclusions. At present, the only confirmed cluster located further than 500 pc away from the Galactic plane within the Solar circle is NGC 6791. It is likely that the objects discussed in this study only represent a fraction of the non-physical groupings erroneously listed in the catalogues as genuine open clusters and that those lists need further cleaning.",2026-07-30T05:00:47+00:00
deep learning stellar spectroscopy,run002_dl_stellar_spectroscopy,https://openalex.org/W2900811782,https://doi.org/10.1146/annurev-astro-091918-104509,Accuracy and Precision of Industrial Stellar Abundances,Paula Jofré; Ulrike Heiter; Caroline Soubiran,2019,Annual Review of Astronomy and Astrophysics,https://doi.org/10.1146/annurev-astro-091918-104509,178,"There has been an incredibly large investment in obtaining high-resolution stellar spectra for determining chemical abundances of stars. This information is crucial to answer fundamental questions in astronomy by constraining the formation and evolution scenarios of the Milky Way as well as the stars and planets residing in it. We have just entered a new era, in which chemical abundances of FGK-type stars are being produced at industrial scales, and in which the observations, reduction, and analysis of the data are automatically performed by machines. Here, we review the latest human efforts to assess the accuracy and precision of such industrial abundances by providing insights into the steps and uncertainties associated with the process of determining stellar abundances. We also provide a description of current and forthcoming spectroscopic surveys, focusing on their reported abundances and uncertainties. This allows us to identify which elements and spectral lines are best and why. Finally, we make a brief selection of main scientific questions the community is aiming to answer with abundances. ▪ Uncertainties in abundances need to be disentangled into random and systematic components. ▪ Precision can be increased by applying differential or data-driven methods based on accurate data. ▪ High-resolution and signal-to-noise spectra provide fundamental data that can be used to calibrate lower-resolution and signal-to-noise spectra of millions of stars. ▪ Different survey calibration strategies must agree on a common set of reference stars to create data products that are consistent. ▪ Data products provided by individual groups must be published using standard formats to ensure straightforward applicability.",2026-07-30T05:00:47+00:00
deep learning stellar spectroscopy,run002_dl_stellar_spectroscopy,https://openalex.org/W2905331806,https://doi.org/10.3847/1538-4365/aaf651,"The Fifteenth Data Release of the Sloan Digital Sky Surveys: First Release of MaNGA-derived Quantities, Data Visualization Tools, and Stellar Library",D. S. Aguado; Romina Ahumada; Andrés Almeida; Scott F. Anderson; Brett H. Andrews; Borja Anguiano; Erik Aquino Ortíz; Alfonso Aragón-Salamanca; Maria Argudo-Fernández; Marie Aubert; Vladimir Avila-Reese; Carles Badenes; Sandro Barboza Rembold; Kat Barger; Jorge Barrera-Ballesteros; Dominic Bates; Julian Bautista; Rachael L. Beaton; Timothy C. Beers; Francesco Belfiore; Mariangela Bernardi; Matthew Bershady; Florian Beutler; Jonathan Bird; Dmitry Bizyaev; Guillermo A. Blanc; Michael R. Blanton; Michael Blomqvist; Adam S. Bolton; Médéric Boquien; Jura Borissova; Jo Bovy; William Nielsen Brandt; Jonathan Brinkmann; Joel R. Brownstein; Kevin Bundy; Adam Burgasser; Nell Byler; Mariana Cano Diaz; Michele Cappellari; Ricardo Carrera; Bernardo Cervantes Sodi; Yanping Chen; Brian Cherinka; Peter Doohyun Choi; Haeun Chung; Damien Coffey; Julia M. Comerford; Johan Comparat; Kevin Covey; Gabriele da Silva Ilha; Luiz da Costa; Yu Sophia Dai; Guillermo Damke; Jeremy Darling; Roger Davies; Kyle Dawson; Victoria de Sainte Agathe; Alice Deconto Machado; Agnese Del Moro; Nathan De Lee; Aleksandar M. Diamond-Stanic; Helena Domínguez Sánchez; John Donor; Niv Drory; Hélion du Mas des Bourboux; Chris Duckworth; Tom Dwelly; Garrett Ebelke; Eric Emsellem; Stephanie Escoffier; José G. Fernández-Trincado; Diane Feuillet; Johanna-Laina Fischer; Scott W. Fleming; Amelia Fraser-McKelvie; Gordon Freischlad; Peter M. Frinchaboy; Hai Fu; Lluís Galbany; Rafael Garcia-Dias; D. A. García-Hernández; Luis Alberto Garma Oehmichen; Marcio Antonio Geimba Maia; Héctor Gil-Marín; Kathleen Grabowski; Meng Gu; Hong Guo; Jaewon Ha; Emily Harrington; Sten Hasselquist; Christian R. Hayes; Fred Hearty; Hector Hernandez Toledo; Harry Hicks; David W. Hogg; Kelly Holley-Bockelmann; Jon A. Holtzman; Bau-Ching Hsieh; Jason A. S. Hunt,2019,The Astrophysical Journal Supplement Series,https://doi.org/10.3847/1538-4365/aaf651,353,"Twenty years have passed since first light for the Sloan Digital Sky Survey (SDSS). Here, we release data taken by the fourth phase of SDSS (SDSS-IV) across its first three years of operation (2014 July-2017 July). This is the third data release for SDSS-IV, and the 15th from SDSS (Data Release Fifteen; DR15). New data come from MaNGA-we release 4824 data cubes, as well as the first stellar spectra in the MaNGA Stellar Library (MaStar), the first set of survey-supported analysis products (e.g., stellar and gas kinematics, emission-line and other maps) from the MaNGA Data Analysis Pipeline, and a new data visualization and access tool we call ""Marvin."" The next data release, DR16, will include new data from both APOGEE-2 and eBOSS; those surveys release no new data here, but we document updates and corrections to their data processing pipelines. The release is cumulative; it also includes the most recent reductions and calibrations of all data taken by SDSS since first light. In this paper, we describe the location and format of the data and tools and cite technical references describing how it was obtained and processed. The SDSS website (www.sdss.org) has also been updated, providing links to data downloads, tutorials, and examples of data use. Although SDSS-IV will continue to collect astronomical data until 2020, and will be followed by SDSS-V (2020-2025), we end this paper by describing plans to ensure the sustainability of the SDSS data archive for many years beyond the collection of data.",2026-07-30T05:00:47+00:00
deep learning stellar spectroscopy,run002_dl_stellar_spectroscopy,https://openalex.org/W2168876521,https://doi.org/10.1111/j.1365-2966.2012.21639.x,The cold veil of the Milky Way stellar halo,Alis J. Deason; Vasily Belokurov; N. W. Evans; S. E. Koposov; Ryan Cooke; Jorge Peñarrubia; Chervin F. P. Laporte; M. Fellhauer; Matthew G. Walker; Edward W. Olszewski,2012,Monthly Notices of the Royal Astronomical Society,https://doi.org/10.1111/j.1365-2966.2012.21639.x,142,"Americanae nace como un proyecto conjunto que surge dentro de la Red Europea de Información y Documentación sobre América Latina (REDIAL), y que ha afrontado la Biblioteca de la Agencia Española de Cooperación Internacional para el Desarrollo (AECID). Esta nueva biblioteca virtual hace más accesibles los libros digitales de tema americanista a los investigadores y usuarios interesados de cualquier parte del mundo.",2026-07-30T05:00:47+00:00
deep learning stellar spectroscopy,run002_dl_stellar_spectroscopy,https://openalex.org/W2999093079,https://doi.org/10.3847/1538-4357/ab6dea,SPCANet: Stellar Parameters and Chemical Abundances Network for LAMOST-II Medium Resolution Survey,Rui Wang; A-Li Luo; Jian-Jun Chen; Wen Hou; Shuo Zhang; Yongheng Zhao; Xiangru Li; Yonghui Hou,2020,The Astrophysical Journal,https://doi.org/10.3847/1538-4357/ab6dea,67,"Abstract The fundamental stellar atmospheric parameters ( T eff and log g ) and 13 chemical abundances are derived for medium-resolution spectroscopy from Large Sky Area Multi-Object Fiber Spectroscopic Telescope (LAMOST) Medium Resolution Survey (MRS) data sets with a deep-learning method. The neural networks we designed, named SPCANet, precisely map LAMOST MRS spectra to stellar parameters and chemical abundances. The stellar labels derived by SPCANet have precisions of 119 K for T eff and 0.17 dex for log g . The abundance precision of 11 elements including [C/H], [N/H], [O/H], [Mg/H], [Al/H], [Si/H], [S/H], [Ca/H], [Ti/H], [Cr/H], [Fe/H], and [Ni/H] are 0.06 ∼ 0.12 dex, while that of [Cu/H] is 0.19 dex. These precisions can be reached even for spectra with signal-to-noise ratios as low as 10. The results of SPCANet are consistent with those from other surveys such as APOGEE, GALAH, and RAVE, and are also validated with the previous literature values including clusters and field stars. The catalog of the estimated parameters is available at doi: 10.12149/101012 .",2026-07-30T05:00:47+00:00
deep learning stellar spectroscopy,run002_dl_stellar_spectroscopy,https://openalex.org/W2916355868,https://doi.org/10.1093/mnras/stz2245,Simultaneous calibration of spectro-photometric distances and the Gaia DR2 parallax zero-point offset with deep learning,Henry Leung; Jo Bovy,2019,Monthly Notices of the Royal Astronomical Society,https://doi.org/10.1093/mnras/stz2245,169,"ABSTRACT Gaia measures the five astrometric parameters for stars in the Milky Way, but only four of them (positions and proper motion, but not distance) are well measured beyond a few kpc from the Sun. Modern spectroscopic surveys such as APOGEE cover a large area of the Milky Way disc and we can use the relation between spectra and luminosity to determine distances to stars beyond Gaia’s parallax reach. Here, we design a deep neural network trained on stars in common between Gaia and APOGEE that determines spectro-photometric distances to APOGEE stars, while including a flexible model to calibrate parallax zero-point biases in Gaia DR2. We determine the zero-point offset to be $-52.3 \pm 2.0\, \mu \mathrm{as}$ when modelling it as a global constant, but also train a multivariate zero-point offset model that depends on G, GBP − GRP colour, and Teff and that can be applied to all ≈58 million stars in Gaia DR2 within APOGEE’s colour–magnitude range and within APOGEE’s sky footprint. Our spectro-photometric distances are more precise than Gaia at distances ${\gtrsim} 2\, \mathrm{kpc}$ from the Sun. We release a catalogue of spectro-photometric distances for the entire APOGEE DR14 data set which covers Galactocentric radii $2\, \mathrm{kpc} \lesssim R \lesssim 19\, \mathrm{kpc}$; ${\approx} 150\, 000$ stars have ${\lt} 10{{\ \rm per\ cent}}$ uncertainty, making this a powerful sample to study the chemo-dynamical structure of the disc. We use this sample to map the mean [Fe/H] and 15 abundance ratios [X/Fe] from the Galactic Centre to the edge of the disc. Among many interesting trends, we find that the bulge and bar region at $R \lesssim 5\, \mathrm{kpc}$ clearly stands out in [Fe/H] and most abundance ratios.",2026-07-30T05:00:47+00:00
deep learning stellar spectroscopy,run002_dl_stellar_spectroscopy,https://openalex.org/W2987499710,https://doi.org/10.1093/mnras/stz3100,Application of convolutional neural networks for stellar spectral classification,Kaushal Kumar Sharma; Ajit Kembhavi; Aniruddha Kembhavi; Aniruddha Kembhavi; Aniruddha Kembhavi; T Sivarani; Sheelu Abraham; Kaustubh Vaghmare,2019,Monthly Notices of the Royal Astronomical Society,https://doi.org/10.1093/mnras/stz3100,81,"ABSTRACT Due to the ever-expanding volume of observed spectroscopic data from surveys such as SDSS and LAMOST, it has become important to apply artificial intelligence (AI) techniques for analysing stellar spectra to solve spectral classification and regression problems like the determination of stellar atmospheric parameters Teff, $\rm {\log g}$, and [Fe/H]. We propose an automated approach for the classification of stellar spectra in the optical region using convolutional neural networks (CNNs). Traditional machine learning (ML) methods with ‘shallow’ architecture (usually up to two hidden layers) have been trained for these purposes in the past. However, deep learning methods with a larger number of hidden layers allow the use of finer details in the spectrum which results in improved accuracy and better generalization. Studying finer spectral signatures also enables us to determine accurate differential stellar parameters and find rare objects. We examine various machine and deep learning algorithms like artificial neural networks, Random Forest, and CNN to classify stellar spectra using the Jacoby Atlas, ELODIE, and MILES spectral libraries as training samples. We test the performance of the trained networks on the Indo-U.S. Library of Coudé Feed Stellar Spectra (CFLIB). We show that using CNNs, we are able to lower the error up to 1.23 spectral subclasses as compared to that of two subclasses achieved in the past studies with ML approach. We further apply the trained model to classify stellar spectra retrieved from the SDSS data base with SNR &amp;gt; 20.",2026-07-30T05:00:47+00:00
deep learning stellar spectroscopy,run002_dl_stellar_spectroscopy,https://openalex.org/W2897654712,https://doi.org/10.1007/s00159-018-0111-3,High-precision stellar abundances of the elements: methods and applications,P. E. Nissen; B. Gustafsson,2018,The Astronomy and Astrophysics Review,https://doi.org/10.1007/s00159-018-0111-3,108,,2026-07-30T05:00:47+00:00
deep learning stellar spectroscopy,run002_dl_stellar_spectroscopy,https://openalex.org/W4306968094,https://doi.org/10.1017/pasa.2022.55,The Dawes Review 10: The impact of deep learning for the analysis of galaxy surveys,François Lanusse,2023,Publications of the Astronomical Society of Australia,https://doi.org/10.1017/pasa.2022.55,100,"Abstract The amount and complexity of data delivered by modern galaxy surveys has been steadily increasing over the past years. New facilities will soon provide imaging and spectra of hundreds of millions of galaxies. Extracting coherent scientific information from these large and multi-modal data sets remains an open issue for the community and data-driven approaches such as deep learning have rapidly emerged as a potentially powerful solution to some long lasting challenges. This enthusiasm is reflected in an unprecedented exponential growth of publications using neural networks, which have gone from a handful of works in 2015 to an average of one paper per week in 2021 in the area of galaxy surveys. Half a decade after the first published work in astronomy mentioning deep learning, and shortly before new big data sets such as Euclid and LSST start becoming available, we believe it is timely to review what has been the real impact of this new technology in the field and its potential to solve key challenges raised by the size and complexity of the new datasets. The purpose of this review is thus two-fold. We first aim at summarising, in a common document, the main applications of deep learning for galaxy surveys that have emerged so far. We then extract the major achievements and lessons learned and highlight key open questions and limitations, which in our opinion, will require particular attention in the coming years. Overall, state-of-the-art deep learning methods are rapidly adopted by the astronomical community, reflecting a democratisation of these methods. This review shows that the majority of works using deep learning up to date are oriented to computer vision tasks (e.g. classification, segmentation). This is also the domain of application where deep learning has brought the most important breakthroughs so far. However, we also report that the applications are becoming more diverse and deep learning is used for estimating galaxy properties, identifying outliers or constraining the cosmological model. Most of these works remain at the exploratory level though which could partially explain the limited impact in terms of citations. Some common challenges will most likely need to be addressed before moving to the next phase of massive deployment of deep learning in the processing of future surveys; for example, uncertainty quantification, interpretability, data labelling and domain shift issues from training with simulations, which constitutes a common practice in astronomy.",2026-07-30T05:00:47+00:00
deep learning stellar spectroscopy,run002_dl_stellar_spectroscopy,https://openalex.org/W4220924308,https://doi.org/10.3847/1538-4365/ac4414,"The Seventeenth Data Release of the Sloan Digital Sky Surveys: Complete Release of MaNGA, MaStar, and APOGEE-2 Data",Abdurrouf; Katherine Accetta; C. Aerts; V. Silva Aguirre; Romina Ahumada; Nikhil Ajgaonkar; N. Filiz Ak; Shadab Alam; Carlos Allende Prieto; Andrés Almeida; F. Anders; Scott F. Anderson; Brett H. Andrews; Borja Anguiano; E. Aquino-Ortíz; Alfonso Aragón‐Salamanca; M. Argudo–Fernández; M. Ata; M Aubert; V. Ávila-Reese; Carles Badenes; R. H. Barbá; Kathleen A. Barger; J. K. Barrera-Ballesteros; Rachael L. Beaton; Timothy C. Beers; Francesco Belfiore; Chad F. Bender; Mariangela Bernardi; Matthew A. Bershady,2022,University of Birmingham Research Portal (University of Birmingham),https://research.birmingham.ac.uk/en/publications/082b3884-48f5-4af4-9685-d167cc527f00,1243,"This paper documents the seventeenth data release (DR17) from the Sloan Digital Sky Surveys; the fifth and final release from the fourth phase (SDSS-IV). DR17 contains the complete release of the Mapping Nearby Galaxies at Apache Point Observatory (MaNGA) survey, which reached its goal of surveying over 10,000 nearby galaxies. The complete release of the MaNGA Stellar Library accompanies this data, providing observations of almost 30,000 stars through the MaNGA instrument during bright time. DR17 also contains the complete release of the Apache Point Observatory Galactic Evolution Experiment 2 survey that publicly releases infrared spectra of over 650,000 stars. The main sample from the Extended Baryon Oscillation Spectroscopic Survey (eBOSS), as well as the subsurvey Time Domain Spectroscopic Survey data were fully released in DR16. New single-fiber optical spectroscopy released in DR17 is from the SPectroscipic IDentification of ERosita Survey subsurvey and the eBOSS-RM program. Along with the primary data sets, DR17 includes 25 new or updated value-added catalogs. This paper concludes the release of SDSS-IV survey data. SDSS continues into its fifth phase with observations already underway for the Milky Way Mapper, Local Volume Mapper, and Black Hole Mapper surveys.",2026-07-30T05:00:47+00:00
deep learning stellar spectroscopy,run002_dl_stellar_spectroscopy,https://openalex.org/W3026041380,https://doi.org/10.1093/mnras/staa1302,"Supernova host galaxies in the dark energy survey: I. Deep coadds, photometry, and stellar masses",P. Wiseman; M. W. L. Smith; M. Childress; L Kelsey; A. Möller; R. Gupta; Elizabeth Swann; C. R. Angus; Dillon Brout; T. M. Davis; R. J. Foley; C. Frohmaier; L. Galbany; C. P. Gutiérrez; C. Inserra; R. Keßler; Geraint F. Lewis; C. Lidman; E Macaulay; R. C. Nichol; M. Pursiainen; M. Šako; D. Scolnic; N E Sommer; M. Sullivan; C. Tucker; T. M. C. Abbott; M. Aguena; S. Allam; S. Àvila; E. Bertin; D. Brooks; E. Buckley‐Geer; D. L. Burke; A. Carnero Rosell; D. Carollo; M Carrasco Kind; L. N. da Costa; J. De Vicente; S. Desai; H. T. Diehl; P. Doel; T. F. Eifler; S. Everett; P. Fosalba; J. Frieman; J. García-Bellido; E. Gaztañaga; D. W. Gerdes; M. S. S. Gill; Karl Glazebrook; R. A. Gruendl; J. Gschwend; William Hartley; S. R. Hinton; D L Hollowood; K. Honscheid; D. J. James; K. Kuehn; N. Kuropatkin; M. Lima; M. A. G. Maia; M. March; Paul Martini; P. Melchior; F. Menanteau; R. Miquel; R. L. C. Ogando; F. Paz-Chinchón; A A Plazas; Kathy Romer; A. Roodman; E. Sánchez; V Scarpine; S. Serrano; E. Suchyta; M. E. C. Swanson; G. Tarlé; D Thomas; D. L. Tucker; T N Varga; A. R. Walker; R. D. Wilkinson,2020,Monthly Notices of the Royal Astronomical Society,https://doi.org/10.1093/mnras/staa1302,58,"ABSTRACT The 5-yr Dark Energy Survey Supernova Programme (DES-SN) is one of the largest and deepest transient surveys to date in terms of volume and number of supernovae. Identifying and characterizing the host galaxies of transients plays a key role in their classification, the study of their formation mechanisms, and the cosmological analyses. To derive accurate host galaxy properties, we create depth-optimized coadds using single-epoch DES-SN images that are selected based on sky and atmospheric conditions. For each of the five DES-SN seasons, a separate coadd is made from the other four seasons such that each SN has a corresponding deep coadd with no contaminating SN emission. The coadds reach limiting magnitudes of order ∼27 in g band, and have a much smaller magnitude uncertainty than the previous DES-SN host templates, particularly for faint objects. We present the resulting multiband photometry of host galaxies for samples of spectroscopically confirmed type Ia (SNe Ia), core-collapse (CCSNe), and superluminous (SLSNe) as well as rapidly evolving transients (RETs) discovered by DES-SN. We derive host galaxy stellar masses and probabilistically compare stellar-mass distributions to samples from other surveys. We find that the DES spectroscopically confirmed sample of SNe Ia selects preferentially fewer high-mass hosts at high-redshift compared to other surveys, while at low redshift the distributions are consistent. DES CCSNe and SLSNe hosts are similar to other samples, while RET hosts are unlike the hosts of any other transients, although these differences have not been disentangled from selection effects.",2026-07-30T05:00:47+00:00
deep learning stellar spectroscopy,run002_dl_stellar_spectroscopy,https://openalex.org/W2142235810,https://doi.org/10.1088/0004-637x/799/2/208,TOWARD CHARACTERIZATION OF THE TYPE IIP SUPERNOVA PROGENITOR POPULATION: A STATISTICAL SAMPLE OF LIGHT CURVES FROM Pan-STARRS1,Nathan Sanders; Alicia Soderberg; Suvi Gezari; Michael Betancourt; R. Chornock; E. Berger; R. J. Foley; Peter Challis; M. R. Drout; R. Kirshner; R. Lunnan; G. H. Marion; R. Margutti; R. McKinnon; D. Milisavljević; Gautham Narayan; A. Rest; E. Kankare; S. Mattila; S. J. Smartt; M. E. Huber; W. S. Burgett; P. W. Draper; K. W. Hodapp; N. Kaiser; R. P. Kudritzki; E. A. Magnier; N. Metcalfe; James P. Morgan; P. A. Price; J. Tonry; R. J. Wainscoat; C. Waters,2015,The Astrophysical Journal,https://doi.org/10.1088/0004-637x/799/2/208,212,"In recent years, wide-field sky surveys providing deep multiband imaging have presented a new path for indirectly characterizing the progenitor populations of core-collapse supernovae (SNe): systematic light-curve studies. We assemble a set of 76 grizy-band Type IIP SN light curves from Pan-STARRS1, obtained over a constant survey program of 4 yr and classified using both spectroscopy and machine-learning-based photometric techniques. We develop and apply a new Bayesian model for the full multiband evolution of each light curve in the sample. We find no evidence of a subpopulation of fast-declining explosions (historically referred to as ""Type IIL"" SNe). However, we identify a highly significant relation between the plateau phase decay rate and peak luminosity among our SNe IIP. These results argue in favor of a single parameter, likely determined by initial stellar mass, predominantly controlling the explosions of red supergiants. This relation could also be applied for SN cosmology, offering a standardizable candle good to an intrinsic scatter of lesssim 0.2 mag. We compare each light curve to physical models from hydrodynamic simulations to estimate progenitor initial masses and other properties of the Pan-STARRS1 Type IIP SN sample. We show that correction of systematic discrepancies between modeled and observed SN IIP light-curve properties and an expanded grid of progenitor properties are needed to enable robust progenitor inferences from multiband light-curve samples of this kind. This work will serve as a pathfinder for photometric studies of core-collapse SNe to be conducted through future wide-field transient searches.",2026-07-30T05:00:47+00:00
deep learning stellar spectroscopy,run002_dl_stellar_spectroscopy,https://openalex.org/W3206032786,https://doi.org/10.1093/mnras/stab2911,"The BAyesian STellar algorithm (<tt>BASTA</tt>): a fitting tool for stellar studies, asteroseismology, exoplanets, and Galactic archaeology",V Aguirre Børsen-Koch; J L Rørsted; A. B. Justesen; Amalie Stokholm; Kuldeep Verma; Mark Lykke Winther; Emil Knudstrup; Kjeld Nielsen; C. Sahlholdt; J. R. Larsen; S. Cassisi; Aldo Serenelli; L. Casagrande; J. Christensen‐Dalsgaard; G. R. Davies; Jason W. Ferguson; Mikkel N. Lund; A Weiss; T. R. White,2021,Monthly Notices of the Royal Astronomical Society,https://doi.org/10.1093/mnras/stab2911,60,"ABSTRACT We introduce the public version of the BAyesian STellar Algorithm (BASTA), an open-source code written in Python to determine stellar properties based on a set of astrophysical observables. BASTA has been specifically designed to robustly combine large data sets that include asteroseismology, spectroscopy, photometry, and astrometry. We describe the large number of asteroseismic observations that can be fit by the code and how these can be combined with atmospheric properties (as well as parallaxes and apparent magnitudes), making it the most complete analysis pipeline available for oscillating main-sequence, subgiant, and red giant stars. BASTA relies on a set of pre-built stellar isochrones or a custom-designed library of stellar tracks, which can be further refined using our interpolation method (both along and across stellar tracks or isochrones). We perform recovery tests with simulated data that reveal levels of accuracy at the few percent level for radii, masses, and ages when individual oscillation frequencies are considered, and show that asteroseismic ages with statistical uncertainties below 10 per cent are within reach if our stellar models are reliable representations of stars. BASTAis extensively documented and includes a suite of examples to support easy adoption and further development by new users.",2026-07-30T05:00:47+00:00
deep learning stellar spectroscopy,run002_dl_stellar_spectroscopy,https://openalex.org/W4376143685,https://doi.org/10.1093/mnras/stad1408,<i>JWST</i> NIRCam + NIRSpec: interstellar medium and stellar populations of young galaxies with rising star formation and evolving gas reservoirs,Sandro Tacchella; Benjamin D. Johnson; Brant Robertson; Stefano Carniani; Francesco D’Eugenio; Nimisha Kumari; R. Maiolino; Erica J. Nelson; Katherine A. Suess; Hannah Übler; Christina C. Williams; Adebusola Alabi; Stacey Alberts; Santiago Arribas; Rachana Bhatawdekar; Nina Bonaventura; R. A. A. Bowler; Andrew J. Bunker; Alex J. Cameron; Mirko Curti; Eiichi Egami; Daniel J. Eisenstein; Brenda Frye; Kevin Hainline; Jakob M. Helton; Zhiyuan Ji; Tobias J. Looser; Jianwei Lyu; Michele Perna; Tim Rawle; G. H. Rieke; Marcia Rieke; Aayush Saxena; Lester Sandles; Irene Shivaei; Charlotte Simmonds; Fengwu Sun; Christopher N. A. Willmer; Chris J. Willott; Joris Witstok,2023,Monthly Notices of the Royal Astronomical Society,https://doi.org/10.1093/mnras/stad1408,133,"ABSTRACT We present an interstellar medium and stellar population analysis of three spectroscopically confirmed z &amp;gt; 7 galaxies in the Early Release Observations JWST/NIRCam and JWST/NIRSpec data of the SMACS J0723.3−7327 cluster. We use the Bayesian spectral energy distribution-fitting code prospector with a flexible star formation history (SFH), a variable dust attenuation law, and a self-consistent model of nebular emission (continuum and emission lines). Importantly, we self-consistently fit both the emission line fluxes from JWST/NIRSpec and the broad-band photometry from JWST/NIRCam, taking into account slit-loss effects. We find that these three z=7.6–8.5 galaxies (M⋆ ≈ 108 M⊙) are young with rising SFHs and mass-weighted ages of 3–4 Myr, though we find indications for underlying older stellar populations. The inferred gas-phase metallicities broadly agree with the direct metallicity estimates from the auroral lines. The galaxy with the lowest gas-phase metallicity (Zgas= 0.06 Z⊙) has a steeply rising SFH, is very compact (&amp;lt;0.2 kpc), and has a high star formation rate surface density (ΣSFR ≈ 22 M⊙ yr−1 kpc−2), consistent with rapid gas accretion. The two other objects with higher gas-phase metallicities show more complex multicomponent morphologies on kpc scales, indicating that their recent increase in star formation rate is driven by mergers or internal, gravitational instabilities. We discuss effects of assuming different SFH priors or only fitting the photometric data. Our analysis highlights the strength and importance of combining JWST imaging and spectroscopy for fully assessing the nature of galaxies at the earliest epochs.",2026-07-30T05:00:47+00:00
deep learning stellar spectroscopy,run002_dl_stellar_spectroscopy,https://openalex.org/W4387971543,https://doi.org/10.3847/1538-4365/acf44d,JADES Initial Data Release for the Hubble Ultra Deep Field: Revealing the Faint Infrared Sky with Deep JWST NIRCam Imaging,Marcia Rieke; Brant Robertson; Sandro Tacchella; Kevin Hainline; Benjamin D. Johnson; Ryan Hausen; Zhiyuan Ji; Christopher N. A. Willmer; Daniel J. Eisenstein; Dávid Puskás; Stacey Alberts; Santiago Arribas; William Baker; Stefi A. Baum; Rachana Bhatawdekar; Nina Bonaventura; Kristan Boyett; Andrew J. Bunker; Alex J. Cameron; Stefano Carniani; S. Charlot; Jacopo Chevallard; Zuyi Chen; Mirko Curti; Emma Curtis-Lake; A. Lola Danhaive; Christa DeCoursey; Alan Dressler; Eiichi Egami; Ryan Endsley; Jakob M. Helton; Raphael E. Hviding; Nimisha Kumari; Tobias J. Looser; Jianwei Lyu; R. Maiolino; Michael V. Maseda; Erica J. Nelson; G. H. Rieke; Hans‐Walter Rix; Lester Sandles; Aayush Saxena; Katherine Sharpe; Irene Shivaei; Maya Skarbinski; Renske Smit; Daniel P. Stark; Meredith A. Stone; Katherine A. Suess; Fengwu Sun; Michael W. Topping; Hannah Übler; Natalia C. Villanueva; Imaan E. B. Wallace; Christina C. Williams; Chris J. Willott; Lily Whitler; Joris Witstok; Charity Woodrum,2023,The Astrophysical Journal Supplement Series,https://doi.org/10.3847/1538-4365/acf44d,224,"Abstract JWST has revolutionized the field of extragalactic astronomy with its sensitive and high-resolution infrared view of the distant Universe. Adding to the new legacy of JWST observations, we present the first NIRCam imaging data release from the JWST Advanced Deep Extragalactic Survey (JADES), providing nine filters of infrared imaging of ∼25 arcmin 2 covering the Hubble Ultra Deep Field and portions of Great Observatories Origins Deep Survey South. Utilizing 87 on-sky dual-filter hours of exposure time, these images reveal the deepest ever near-infrared view of this iconic field. We supply carefully constructed nine-band mosaics of the JADES bands, as well as matching reductions of five additional bands from the JWST Extragalactic Medium-band Survey. Combining with existing Hubble Space Telescope imaging, we provide 23-band space-based photometric catalogs and photometric redshifts for ≈47,500 sources. To promote broad engagement with JADES, we have created an interactive FitsMap website to provide an interface for professional researchers and the public to experience these JWST data sets. Combined with the first JADES NIRSpec data release, these public JADES imaging and spectroscopic data sets provide a new foundation for discoveries of the infrared Universe by the worldwide scientific community.",2026-07-30T05:00:47+00:00
deep learning stellar spectroscopy,run002_dl_stellar_spectroscopy,https://openalex.org/W2006997511,https://doi.org/10.1051/0004-6361/201117372,Automatic stellar spectra parameterisation in the IR Ca ii triplet region,G. Kordopatis; A. Recio–Blanco; P. de Laverny; A. Bijaoui; V. Hill; G. Gilmore; R. F. G. Wyse; C. Ordénovic,2011,Astronomy and Astrophysics,https://doi.org/10.1051/0004-6361/201117372,83,"Context. Galactic archaeology aims to determine the evolution of the Galaxy from the chemical and kinematical properties of its individual stars. This requires the analysis of data from large spectroscopic surveys, with sample sizes in tens of thousands at present, with millions of stars being reached in the near future. Such large samples require automated analysis techniques and classification algorithms to obtain robust estimates of the stellar parameter values. Several on-going and planned spectroscopic surveys have selected their wavelength region to contain the IR Ca ii triplet (~λλ 8500 Å) and the work presented in this paper focuses on the automatic analysis of such spectra.",2026-07-30T05:00:47+00:00
deep learning stellar spectroscopy,run002_dl_stellar_spectroscopy,https://openalex.org/W2020619597,https://doi.org/10.1088/0067-0049/200/2/14,EXPLORING THE MORPHOLOGY OF RAVE STELLAR SPECTRA,G. Matijevič; T. Zwitter; O. Bienaymé; Joss Bland‐Hawthorn; C. Boeche; K. C. Freeman; B. K. Gibson; G. Gilmore; E. K. Grebel; A. Helmi; U. Munari; Julio F. Navarro; Q. A. Parker; W. Reid; G. M. Seabroke; A. Siebert; A. Siviero; M. Steinmetz; F. G. Watson; Matthew D. Williams; R. F. G. Wyse,2012,The Astrophysical Journal Supplement Series,https://doi.org/10.1088/0067-0049/200/2/14,53,"The RAdial Velocity Experiment (RAVE) is a medium-resolution (R 7500) spectroscopic survey of the Milky Way that has already obtained over half a million stellar spectra. They present a randomly selected magnitude-limited sample, so it is important to use a reliable and automated classification scheme that identifies normal single stars and discovers different types of peculiar stars. To this end, we present a morphological classification of 350,000 RAVE survey stellar spectra using locally linear embedding, a dimensionality reduction method that enables representing the complex spectral morphology in a low-dimensional projected space while still preserving the properties of the local neighborhoods of spectra. We find that the majority of all spectra in the database (90%-95%) belong to normal single stars, but there is also a significant population of several types of peculiars. Among them, the most populated groups are those of various types of spectroscopic binary and chromospherically active stars. Both of them include several thousands of spectra. Particularly the latter group offers significant further investigation opportunities since activity of stars is a known proxy of stellar ages. Applying the same classification procedure to the sample of normal single stars alone shows that the shape of the projected manifold in two-dimensional space correlates with stellar temperature, surface gravity, and metallicity.",2026-07-30T05:00:47+00:00
deep learning stellar spectroscopy,run002_dl_stellar_spectroscopy,https://openalex.org/W3169692772,https://doi.org/10.7557/18.5693,Consistent and accurate estimation of stellar parameters from HARPS-N Spectroscopy using Deep Learning,Frederik Boe Hüttel; Line Katrine Harder Clemmensen,2021,Proceedings of the Northern Lights Deep Learning Workshop,https://doi.org/10.7557/18.5693,1,"Consistent and accurate estimation of stellar parameters is of great importance for information retrieval in astrophysical research. The parameters span a wide range from effective temperature to rotational velocity. We propose to estimate the stellar parameters directly from spectral signals coming from the HARPS-N spectrograph pipeline before any spectrum-processing steps are applied to extract the 1D spectrum. We propose an attention-based model to estimate the stellar parameters, which estimate both mean and uncertainty of the stellar parameters through estimation of the parameters of a Gaussian distribution. The estimated distributions create a basis to generate data-driven Gaussian confidence intervals for the estimated stellar parameters. We show that residual networks and attention-based models can estimate the stellar parameters with high accuracy for low Signal-to-noise ratio (SNR) compared to previous methods. With an observation of the Sun from the HARPS-N spectrograph, we show that the models can estimate stellar parameters from real observational data.",2026-07-30T05:00:47+00:00
deep learning stellar spectroscopy,run002_dl_stellar_spectroscopy,https://openalex.org/W3033992942,https://doi.org/10.3847/1538-4357/aba047,Extremely Metal-poor Representatives Explored by the Subaru Survey (EMPRESS). I. A Successful Machine-learning Selection of Metal-poor Galaxies and the Discovery of a Galaxy with M* &lt; 10<sup>6</sup> M<sub>⊙</sub> and 0.016 Z<sub>⊙</sub>*†‡,Takashi Kojima; Masami Ouchi; Michael Rauch; Yoshiaki Ono; Kimihiko Nakajima; Yuki Isobe; Seiji Fujimoto; Yuichi Harikane; Takuya Hashimoto; Masao Hayashi; Yutaka Komiyama; Haruka Kusakabe; Ji Hoon Kim; Chien-Hsiu Lee; Shiro Mukae; Tohru Nagao; Masato Onodera; Takatoshi Shibuya; Yuma Sugahara; Masayuki Umemura; Kiyoto Yabe,2020,The Astrophysical Journal,https://doi.org/10.3847/1538-4357/aba047,74,"Abstract We have initiated a new survey for local extremely metal-poor galaxies (EMPGs) with Subaru/Hyper Suprime-Cam (HSC) large-area (∼500 deg 2 ) optical images reaching a 5 σ limit of ∼26 mag, about 100 times deeper than the Sloan Digital Sky Survey (SDSS). To select Z / Z ⊙ &lt; 0.1 EMPGs from ∼40 million sources detected in the Subaru images, we first develop a machine-learning (ML) classifier based on a deep neural network algorithm with a training data set consisting of optical photometry of galaxy, star, and QSO models. We test our ML classifier with SDSS objects having spectroscopic metallicity measurements and confirm that our ML classifier accomplishes 86% completeness and 46% purity EMPG classifications with photometric data. Applying our ML classifier to the photometric data of the Subaru sources, as well as faint SDSS objects with no spectroscopic data, we obtain 27 and 86 EMPG candidates from the Subaru and SDSS photometric data, respectively. We conduct optical follow-up spectroscopy for 10 of our EMPG candidates with Magellan/LDSS-3+MagE, Keck/DEIMOS, and Subaru/FOCAS and find that the 10 EMPG candidates are star-forming galaxies at z = 0.007–0.03 with large H β equivalent widths of 104–265 Å, stellar masses of log( / ) = 5.0–7.1, and high specific star formation rates of ∼300 Gyr −1 , which are similar to those of early galaxies at z ≳ 6 reported recently. We spectroscopically confirm that 3 out of 10 candidates are truly EMPGs with Z / Z ⊙ &lt; 0.1, one of which is HSC J1631+4426, the most metal-poor galaxy, with Z / Z ⊙ = 0.016, ever reported.",2026-07-30T05:00:47+00:00
deep learning stellar spectroscopy,run002_dl_stellar_spectroscopy,https://openalex.org/W2142790675,https://doi.org/10.1111/j.1365-2966.2012.20934.x,The SWELLS survey - IV. Precision measurements of the stellar and dark matter distributions in a spiral lens galaxy,Matteo Barnabè; Aaron A. Dutton; Philip J. Marshall; Matthew W. Auger; Brendon J. Brewer; Tommaso Treu; A. Bolton; David C. Koo; L. V. E. Koopmans,2012,Monthly Notices of the Royal Astronomical Society,https://doi.org/10.1111/j.1365-2966.2012.20934.x,103,"We construct a fully self-consistent mass model for the lens galaxy SDSS J2141 at redshift 0.14, and use it to improve on previous studies by modelling its gravitational lensing effect, gas rotation curve and stellar kinematics simultaneously. We adopt a very flexible axisymmetric mass model constituted by a generalized Navarro–Frenk–White (NFW) dark matter halo and a stellar mass distribution obtained by deprojecting the multi-Gaussian expansion fit to the high-resolution K′-band laser guide star adaptive optics imaging data of the galaxy, with the (spatially constant) mass-to-light ratio as a free parameter. We model the stellar kinematics by solving the anisotropic Jeans equations. We find that the inner logarithmic slope of the dark halo is weakly constrained, i.e. ⁠, and consistent with an unmodified NFW profile; we can conclude, however, that steep profiles (γ≥ 1.5) are disfavoured (<14 per cent posterior probability). We marginalize over this parameter to infer the galaxy to have (i) a dark matter fraction within 2.2 disc radii of ⁠, independent of the galaxy stellar population, implying a maximal disc for SDSS J2141; (ii) an apparently uncontracted dark matter halo, with concentration and virial velocity ⁠, consistent with Λ cold dark matter (ΛCDM) predictions; (iii) a slightly oblate halo (⁠⁠), consistent with predictions from baryon-affected models. Comparing the tightly constrained gravitational stellar mass inferred from the combined analysis (⁠⁠) with that inferred from stellar population modelling of the galaxies’ colours, and accounting for an expected cold gas fraction of 20 ± 10 per cent, we determine a preference for a Chabrier IMF over Salpeter IMF by a Bayes factor of 5.7 (corresponding to substantial evidence). We infer a value for the orbital anisotropy parameter in the meridional plane, in agreement with most studies of local disc galaxies, and ruling out at 99 per cent confidence level that the dynamics of this system can be described by a two-integral distribution function.",2026-07-30T05:00:47+00:00
deep learning stellar spectroscopy,run002_dl_stellar_spectroscopy,https://openalex.org/W2006224949,https://doi.org/10.1073/pnas.1319909110,Prevalence of Earth-size planets orbiting Sun-like stars,Erik A. Petigura; Andrew W. Howard; Geoffrey W. Marcy,2013,Proceedings of the National Academy of Sciences,https://doi.org/10.1073/pnas.1319909110,847,"Determining whether Earth-like planets are common or rare looms as a touchstone in the question of life in the universe. We searched for Earth-size planets that cross in front of their host stars by examining the brightness measurements of 42,000 stars from National Aeronautics and Space Administration's Kepler mission. We found 603 planets, including 10 that are Earth size ( ) and receive comparable levels of stellar energy to that of Earth (1 - 2 R[Symbol: see text] ). We account for Kepler's imperfect detectability of such planets by injecting synthetic planet-caused dimmings into the Kepler brightness measurements and recording the fraction detected. We find that 11 ± 4% of Sun-like stars harbor an Earth-size planet receiving between one and four times the stellar intensity as Earth. We also find that the occurrence of Earth-size planets is constant with increasing orbital period (P), within equal intervals of logP up to ~200 d. Extrapolating, one finds 5.7(-2.2)(+1.7)% of Sun-like stars harbor an Earth-size planet with orbital periods of 200-400 d.",2026-07-30T05:00:47+00:00
deep learning stellar spectroscopy,run002_dl_stellar_spectroscopy,https://openalex.org/W3089488911,https://doi.org/10.1051/0004-6361/202039083,The search for galaxy cluster members with deep learning of panchromatic HST imaging and extensive spectroscopy,G. Angora; P. Rosati; M. Brescia; A. Mercurio; C. Grillo; G. Caminha; M. Meneghetti; M. Nonino; E. Vanzella; P. Bergamini; A. Biviano; M. Lombardi,2020,Astronomy and Astrophysics,https://doi.org/10.1051/0004-6361/202039083,30,"Context. The next generation of extensive and data-intensive surveys are bound to produce a vast amount of data, which can be efficiently dealt with using machine-learning and deep-learning methods to explore possible correlations within the multi-dimensional parameter space. Aims. We explore the classification capabilities of convolution neural networks (CNNs) to identify galaxy cluster members (CLMs) by using Hubble Space Telescope (HST) images of fifteen galaxy clusters at redshift 0.19 ≲ z ≲ 0.60, observed as part of the CLASH and Hubble Frontier Field programmes. Methods. We used extensive spectroscopic information, based on the CLASH-VLT VIMOS programme combined with MUSE observations, to define the knowledge base. We performed various tests to quantify how well CNNs can identify cluster members on ht basis of imaging information only. Furthermore, we investigated the CNN capability to predict source memberships outside the training coverage, in particular, by identifying CLMs at the faint end of the magnitude distributions. Results. We find that the CNNs achieve a purity-completeness rate ≳90%, demonstrating stable behaviour across the luminosity and colour of cluster galaxies, along with a remarkable generalisation capability with respect to cluster redshifts. We concluded that if extensive spectroscopic information is available as a training base, the proposed approach is a valid alternative to catalogue-based methods because it has the advantage of avoiding photometric measurements, which are particularly challenging and time-consuming in crowded cluster cores. As a byproduct, we identified 372 photometric cluster members, with mag( F 814) &lt; 25, to complete the sample of 812 spectroscopic members in four galaxy clusters RX J2248-4431, MACS J0416-2403, MACS J1206-0847 and MACS J1149+2223. Conclusions. When this technique is applied to the data that are expected to become available from forthcoming surveys, it will be an efficient tool for a variety of studies requiring CLM selection, such as galaxy number densities, luminosity functions, and lensing mass reconstruction.",2026-07-30T05:00:47+00:00
deep learning stellar spectroscopy,run002_dl_stellar_spectroscopy,https://openalex.org/W4210817908,https://doi.org/10.29026/oea.2022.200082,Adaptive optics based on machine learning: a review,Youming Guo; Libo Zhong; Min Lei; Jiaying Wang; Yu Wu; Kele Chen; Kai Wei; Changhui Rao,2022,Opto-Electronic Advances,https://doi.org/10.29026/oea.2022.200082,169,"Adaptive optics techniques have been developed over the past half century and routinely used in large ground-based telescopes for more than 30 years. Although this technique has already been used in various applications, the basic setup and methods have not changed over the past 40 years. In recent years, with the rapid development of artificial intelligence, adaptive optics will be boosted dramatically. In this paper, the recent advances on almost all aspects of adaptive optics based on machine learning are summarized. The state-of-the-art performance of intelligent adaptive optics are reviewed. The potential advantages and deficiencies of intelligent adaptive optics are also discussed.",2026-07-30T05:00:47+00:00
deep learning stellar spectroscopy,run002_dl_stellar_spectroscopy,https://openalex.org/W4381612653,https://doi.org/10.1038/s41550-023-01978-y,A calibration point for stellar evolution from massive star asteroseismology,Siemen Burssens; D. M. Bowman; Mathias Michielsen; S. Simón‐Díaz; C. Aerts; Vincent Vanlaer; G. Banyard; N. Nardetto; R. H. D. Townsend; G. Handler; Joey S. G. Mombarg; R. Vanderspek; G. Ricker,2023,Nature Astronomy,https://doi.org/10.1038/s41550-023-01978-y,57,,2026-07-30T05:00:47+00:00
deep learning stellar spectroscopy,run002_dl_stellar_spectroscopy,https://openalex.org/W2772961215,https://doi.org/10.1093/mnras/sty2169,Inferring the star formation histories of massive quiescent galaxies with bagpipes: evidence for multiple quenching mechanisms,Adam C. Carnall; R. J. McLure; J. S. Dunlop; Romeel Davé,2018,Monthly Notices of the Royal Astronomical Society,https://doi.org/10.1093/mnras/sty2169,790,"We present Bayesian Analysis of Galaxies for Physical Inference and Parameter EStimation, or bagpipes, a new python tool that can be used to rapidly generate complex model galaxy spectra and to fit these to arbitrary combinations of spectroscopic and photometric data using the multinest nested sampling algorithm. We extensively test our ability to recover realistic star formation histories (SFHs) by fitting mock observations of quiescent galaxies from the mufasa simulation. We then perform a detailed analysis of the SFHs of a sample of 9289 quiescent galaxies from UltraVISTA with stellar masses, M* > 1010 M⊙ and redshifts 0.25 < |$z$| < 3.75. The majority of our sample exhibit SFHs that rise gradually then quench relatively rapidly over 1−2 Gyr. This behaviour is consistent with recent cosmological hydrodynamic simulations, where AGN-driven feedback in the low-accretion (jet) mode is the dominant quenching mechanism. At |$z$| > 1, we also find a class of objects with SFHs that rise and fall very rapidly, with quenching time-scales of <1 Gyr, consistent with quasar-mode AGN feedback. Finally, at |$z$| < 1 we find a population with SFHs which quench more slowly than they rise, over >3 Gyr, which we speculate to be the result of diminishing overall cosmic gas supply. We confirm the mass-accelerated evolution (downsizing) trend, and a trend towards more rapid quenching at higher stellar masses. However, our results suggest that the latter is a natural consequence of mass-accelerated evolution, rather than a change in quenching physics with stellar mass. We find 61 ± 8 per cent of |$z$| > 1.5 massive-quenched galaxies undergo significant further evolution by |$z$| = 0.5. bagpipes is available at bagpipes.readthedocs.io.",2026-07-30T05:00:47+00:00
deep learning stellar spectroscopy,run002_dl_stellar_spectroscopy,https://openalex.org/W2759798016,https://doi.org/10.1051/0004-6361/201731008,Testing stellar evolution models with detached eclipsing binaries,J. Higl; A. Weiss,2017,Astronomy and Astrophysics,https://doi.org/10.1051/0004-6361/201731008,60,"Stellar evolution codes, as all other numerical tools, need to be verified. One of the standard stellar objects that allow stringent tests of stellar evolution theory and models, are detached eclipsing binaries. We have used 19 such objects to test our stellar evolution code, in order to see whether standard methods and assumptions suffice to reproduce the observed global properties. In this paper we concentrate on three effects that contain a specific uncertainty: atomic diffusion as used for standard solar model calculations, overshooting from convective regions, and a simple model for the effect of stellar spots on stellar radius, which is one of the possible solutions for the radius problem of M dwarfs. We find that in general old systems need diffusion to allow for, or at least improve, an acceptable fit, and that systems with convective cores indeed need overshooting. Only one system (AI Phe) requires the absence of it for a successful fit. To match stellar radii for very low-mass stars, the spot model proved to be an effective approach, but depending on model details, requires a high percentage of the surface being covered by spots. We briefly discuss improvements needed to further reduce the freedom in modelling and to allow an even more restrictive test by using these objects.",2026-07-30T05:00:47+00:00
deep learning stellar spectroscopy,run002_dl_stellar_spectroscopy,https://openalex.org/W2087657262,https://doi.org/10.1088/0067-0049/193/2/30,"UV-TO-FIR ANALYSIS OF <i>SPITZER</i> /IRAC SOURCES IN THE EXTENDED GROTH STRIP. II. PHOTOMETRIC REDSHIFTS, STELLAR MASSES, AND STAR FORMATION RATES",Guillermo Barro; Pablo G. Pérez‐González; J. Gallego; Marshall Ashby; Masaru Kajisawa; Shota Miyazaki; V. Villar; Tōru Yamada; J. Zamorano,2011,The Astrophysical Journal Supplement Series,https://doi.org/10.1088/0067-0049/193/2/30,123,"Based on the ultraviolet to far-infrared photometry already compiled and presented in a companion paper (Barro et al. 2011a, Paper I), we present a detailed SED analysis of nearly 80,000 IRAC 3.6+4.5 micron selected galaxies in the Extended Groth Strip. We estimate photometric redshifts, stellar masses, and star formation rates separately for each galaxy in this large sample. The catalog includes 76,936 sources with [3.6] &lt; 23.75 (85% completeness level of the IRAC survey) over 0.48 square degrees. The typical photometric redshift accuracy is Delta z/(1+z)=0.034, with a catastrophic outlier fraction of just 2%. We quantify the systematics introduced by the use of different stellar population synthesis libraries and IMFs in the calculation of stellar masses. We find systematic offsets ranging from 0.1 to 0.4 dex, with a typical scatter of 0.3 dex. We also provide UV- and IR-based SFRs for all sample galaxies, based on several sets of dust emission templates and SFR indicators. We evaluate the systematic differences and goodness of the different SFR estimations using the deep FIDEL 70 micron data available in the EGS. Typical random uncertainties of the IR-bases SFRs are a factor of two, with non-negligible systematic effects at z$\gtrsim$1.5 observed when only MIPS 24 micron data is available. All data products (SEDs, postage stamps from imaging data, and different estimations of the photometric redshifts, stellar masses, and SFRs of each galaxy) described in this and the companion paper are publicly available, and they can be accessed through our the web-interface utility Rainbow-navigator",2026-07-30T05:00:47+00:00
deep learning stellar spectroscopy,run002_dl_stellar_spectroscopy,https://openalex.org/W2100767934,https://doi.org/10.1051/0004-6361/201117928,Discovery of extended VHE<i>γ</i>-ray emission from the vicinity of the young massive stellar cluster Westerlund 1,A. Abramowski; F. Acero; F. Aharonian; A. G. Akhperjanian; G. Anton; A. Balzer; A. Barnacka; U. Barres de Almeida; Y. Becherini; J. A. Becker; B. Behera; K. Bernlöhr; E. Birsin; J. Biteau; A. Bochow; C. Boisson; J. Bolmont; P. Bordas; J. Brucker; F. Brun; P. Brun; T. Bulik; I. Büsching; S. Carrigan; S. Casanova; M. Cerruti; P. M. Chadwick; A. Charbonnier; R. C. G. Chaves; A. Cheesebrough; L.‐M. Chounet; A. C. Clapson; G. Coignet; G. Cologna; J. Conrad; M. Dalton; M. K. Daniel; I. D. Davids; B. Degrange; C. Deil; H. J. Dickinson; A. Djannati-Ataï; W. Domainko; L. O’C. Drury; F. Dubois; G. Dubus; K. Dutson; J. Dyks; M. Dyrda; K. Egberts; P. Eger; P. Espigat; L. Fallon; C. Farnier; S. Fegan; F. Feinstein; M. V. Fernandes; A. Fiaßon; G. Fontaine; A. Förster; M. Füßling; Y. A. Gallant; H. Gast; L. Gérard; D. Gerbig; B. Giebels; J. F. Glicenstein; B. Glück; P. Goret; D. Göring; S. Häffner; J. D. Hague; D. Hampf; M. Häuser; Sebastian Heinz; G. Heinzelmann; G. Henri; G. Hermann; J. A. Hinton; A. Hoffmann; W. Hofmann; P. Hofverberg; M. Holler; D. Horns; A. Jachołkowska; O. C. de Jager; C. Jahn; M. Jamrozy; I. Jung; M. A. Kastendieck; K. Katarzyński; U. Katz; S. Kaufmann; D. Keogh; D. Khangulyan; B. Khélifi; D. Klochkov; W. Kluźniak; T. Kneiske; Nu. Komin,2011,Astronomy and Astrophysics,https://doi.org/10.1051/0004-6361/201117928,121,Aims. Results obtained in very-high-energy (VHE; E ≥ 100 GeV) γ-ray observations performed with the H.E.S.S. telescope array are used to investigate particle acceleration processes in the vicinity of the young massive stellar cluster Westerlund 1 (Wd 1).,2026-07-30T05:00:47+00:00
deep learning stellar spectroscopy,run002_dl_stellar_spectroscopy,https://openalex.org/W4213268716,https://doi.org/10.1515/astro-2022-0007,Deep learning application for stellar parameters determination: I-constraining the hyperparameters,M. Gebran; Kathleen Connick; Hikmat Farhat; F. Paletou; Ian Bentley,2022,Open Astronomy,https://doi.org/10.1515/astro-2022-0007,13,"Abstract Machine learning is an efficient method for analysing and interpreting the increasing amount of astronomical data that are available. In this study, we show a pedagogical approach that should benefit anyone willing to experiment with deep learning techniques in the context of stellar parameter determination. Using the convolutional neural network architecture, we give a step-by-step overview of how to select the optimal parameters for deriving the most accurate values for the stellar parameters of stars: <m:math xmlns:m=""http://www.w3.org/1998/Math/MathML""> <m:msub> <m:mrow> <m:mi>T</m:mi> </m:mrow> <m:mrow> <m:mi mathvariant=""normal"">eff</m:mi> </m:mrow> </m:msub> </m:math> {T}_{{\rm{eff}}} , <m:math xmlns:m=""http://www.w3.org/1998/Math/MathML""> <m:mi>log</m:mi> <m:mi>g</m:mi> </m:math> \log g , [M/H], and <m:math xmlns:m=""http://www.w3.org/1998/Math/MathML""> <m:msub> <m:mrow> <m:mi>v</m:mi> </m:mrow> <m:mrow> <m:mi>e</m:mi> </m:mrow> </m:msub> <m:mi>sin</m:mi> <m:mi>i</m:mi> </m:math> {v}_{e}\sin i . Synthetic spectra with random noise were used to constrain this method and to mimic the observations. We found that each stellar parameter requires a different combination of network hyperparameters and the maximum accuracy reached depends on this combination as well as the signal-to-noise ratio of the observations, and the architecture of the network. We also show that this technique can be applied to other spectral-types in different wavelength ranges after the technique has been optimized.",2026-07-30T05:00:47+00:00
deep learning stellar spectroscopy,run002_dl_stellar_spectroscopy,https://openalex.org/W3215540903,https://doi.org/10.1088/2515-7647/ac76f9,Roadmap on wavefront shaping and deep imaging in complex media,Sylvain Gigan; Ori Katz; Hilton B. de Aguiar; Esben Ravn Andresen; Alexandre Aubry; Jacopo Bertolotti; Emmanuel Bossy; Dorian Bouchet; Joshua Brake; Sophie Brasselet; Yaron Bromberg; Hui Cao; Thomas Chaigne; Zhongtao Cheng; Wonshik Choi; Tomáš Čižmár; Meng Cui; Vincent R. Curtis; Hugo Defienne; Matthias Hofer; Ryoichi Horisaki; Roarke Horstmeyer; Na Ji; Aaron K. LaViolette; Jérôme Mertz; Christophe Moser; Allard P. Mosk; Nicolas C. Pégard; Rafael Piestun; Sébastien M. Popoff; David B. Phillips; Demetri Psaltis; Babak Rahmani; Hervé Rigneault; Stefan Rotter; Lei Tian; Ivo M. Vellekoop; Laura Waller; Lihong V. Wang; Timothy D. Weber; Sheng Xiao; Chris Xu; Alexey Yamilov; Changhuei Yang; Hasan Yılmaz,2022,Journal of Physics Photonics,https://doi.org/10.1088/2515-7647/ac76f9,191,"Abstract The last decade has seen the development of a wide set of tools, such as wavefront shaping, computational or fundamental methods, that allow us to understand and control light propagation in a complex medium, such as biological tissues or multimode fibers. A vibrant and diverse community is now working in this field, which has revolutionized the prospect of diffraction-limited imaging at depth in tissues. This roadmap highlights several key aspects of this fast developing field, and some of the challenges and opportunities ahead.",2026-07-30T05:00:47+00:00
deep learning stellar spectroscopy,run002_dl_stellar_spectroscopy,https://openalex.org/W2184731198,https://doi.org/10.3847/0004-637x/818/1/3,FLASH SPECTROSCOPY: EMISSION LINES FROM THE IONIZED CIRCUMSTELLAR MATERIAL AROUND &lt;10-DAY-OLD TYPE II SUPERNOVAE,D. Khazov; O. Yaron; A. Gal‐Yam; I. Manulis; A. Rubin; S. R. Kulkarni; I. Arcavi; M. M. Kasliwal; E. O. Ofek; Y. Cao; D. A. Perley; J. Sollerman; A. Horesh; M. Sullivan; A. V. Filippenko; P. Nugent; D. A. Howell; S. B. Cenko; J. M. Silverman; H. Ebeling; F. Taddia; J. Johansson; Russ R. Laher; J. Surace; Umaa Rebbapragada; P. R. Woźniak; T. Matheson,2016,The Astrophysical Journal,https://doi.org/10.3847/0004-637x/818/1/3,242,"ABSTRACT Supernovae (SNe) embedded in dense circumstellar material (CSM) may show prominent emission lines in their early-time spectra (≤10 days after the explosion), owing to recombination of the CSM ionized by the shock-breakout flash. From such spectra (“flash spectroscopy”), we can measure various physical properties of the CSM, as well as the mass-loss rate of the progenitor during the year prior to its explosion. Searching through the Palomar Transient Factory (PTF and iPTF) SN spectroscopy databases from 2009 through 2014, we found 12 SNe II showing flash-ionized (FI) signatures in their first spectra. All are younger than 10 days. These events constitute 14% of all 84 SNe in our sample having a spectrum within 10 days from explosion, and 18% of SNe II observed at ages &lt;5 days, thereby setting lower limits on the fraction of FI events. We classified as “blue/featureless” (BF) those events having a first spectrum that is similar to that of a blackbody, without any emission or absorption signatures. It is possible that some BF events had FI signatures at an earlier phase than observed, or that they lack dense CSM around the progenitor. Within 2 days after explosion, 8 out of 11 SNe in our sample are either BF events or show FI signatures. Interestingly, we found that 19 out of 21 SNe brighter than an absolute magnitude M R = −18.2 belong to the FI or BF groups, and that all FI events peaked above M R = −17.6 mag, significantly brighter than average SNe II.",2026-07-30T05:00:47+00:00
deep learning stellar spectroscopy,run002_dl_stellar_spectroscopy,https://openalex.org/W4379539538,https://doi.org/10.48550/arxiv.2306.02465,Overview of the JWST Advanced Deep Extragalactic Survey (JADES),"Daniel J. Eisenstein; Chris J. Willott; Stacey Alberts; Santiago Arribas; Nina Bonaventura; Andrew J. Bunker; Alex J. Cameron; Stefano Carniani; S. Charlot; Emma Curtis-Lake; Francesco D’Eugenio; Pierre Ferruit; Giovanna Giardino; Kevin Hainline; Ryan Hausen; P. Jakobsen; Benjamin D. Johnson; R. Maiolino; Rauscher, Bernard J.; Marcia Rieke; G. H. Rieke; Hans‐Walter Rix; Brant Robertson; Daniel P. Stark; Sandro Tacchella; Christina C. Williams; Christopher N. A. Willmer; William Baker; Stefi A. Baum; Rachana Bhatawdekar; Kristan Boyett; Zuyi Chen; Jacopo Chevallard; Chiara Circosta; Mirko Curti; A. Lola Danhaive; Christa DeCoursey; Ryan Endsley; Anna de Graaff; Alan Dressler; Eiichi Egami; Jakob M. Helton; Raphael E. Hviding; Zhiyuan Ji; Gareth C. Jones; Nimisha Kumari; Nora Lützgendorf; Isaac Laseter; Tobias J. Looser; Jianwei Lyu; Michael V. Maseda; Erica J. Nelson; Eleonora Parlanti; Michele Perna; Dávid Puskás; Tim Rawle; Bruno Rodríguez Del Pino; Rujopakarn, Wiphu; Lester Sandles; Aayush Saxena; Jan Scholtz; Katherine Sharpe; Irene Shivaei; Maddie S. Silcock; Charlotte Simmonds; Maya Skarbinski; Renske Smit; Meredith Stone; Katherine A. Suess; Fengwu Sun; Mengtao Tang; Michael W. Topping; Hannah Übler; Natalia C. Villanueva; Imaan E. B. Wallace; Lily Whitler; Joris Witstok; Charity Woodrum",2023,Liverpool John Moores University,https://orcid.org/0000-0001-8034-7802,106,"We present an overview of the James Webb Space Telescope (JWST) Advanced Deep Extragalactic Survey (JADES), an ambitious program of infrared imaging and spectroscopy in the GOODS-S and GOODS-N deep fields, designed to study galaxy evolution from high redshift to cosmic noon. JADES uses about 770 hours of Cycle 1 guaranteed time largely from the Near-Infrared Camera (NIRCam) and Near-Infrared Spectrograph (NIRSpec) instrument teams. In GOODS-S, in and around the Hubble Ultra Deep Field and Chandra Deep Field South, JADES produces a deep imaging region of ~42 arcmin^2 with over 100 hrs of exposure time spread over 9 NIRCam filters, including two medium-band filters. This is extended at medium depth in GOODS-S and GOODS-N with NIRCam imaging of ~167 arcmin^2, averaging 25 hrs of exposure over 8-10 filters. In both fields, we conduct extensive NIRSpec multi-object spectroscopy, including 2 deep pointings of 55 hrs exposure time, 14 medium pointings of ~12 hrs, and 15 shallower pointings of ~4 hrs, targeting over 5000 HST and JWST-detected faint sources with 5 low, medium, and high-resolution dispersers covering 0.6-5.3 um. Finally, JADES extends redward via coordinated parallels with the JWST Mid-Infrared Instrument (MIRI), featuring ~10 arcmin^2 with 43 hours of exposure at 7.7 um and thrice that area with 1.4-6.8 hours of exposure at 12.8 um and 15 um. For nearly 30 years, the GOODS-S and GOODS-N fields have been developed as the premier deep fields on the sky; JADES is now providing a compelling start on the JWST legacy in these fields.",2026-07-30T05:00:47+00:00
deep learning stellar spectroscopy,run002_dl_stellar_spectroscopy,https://openalex.org/W2900280763,https://doi.org/10.1088/1538-3873/aaeeec,Deep Learning Applied to the Asteroseismic Modeling of Stars with Coherent Oscillation Modes,L. Hendriks; C. Aerts,2019,Publications of the Astronomical Society of the Pacific,https://doi.org/10.1088/1538-3873/aaeeec,27,"We develop a novel method based on machine-learning principles to achieve optimal initiation of CPU-intensive computations for forward asteroseismic modeling in a multi-dimensional parameter space. A deep neural network is trained on a precomputed asteroseismology grid containing about 62 million coherent oscillation-mode frequencies derived from stellar evolution models. These models are representative of the core-hydrogen-burning stage of intermediate-mass and high-mass stars. The evolution models constitute a 6D parameter space and their predicted low-degree pressure- and gravity-mode oscillations are scanned using a genetic algorithm. A software pipeline is created to find the best-fitting stellar parameters for a given set of observed oscillation frequencies. The proposed method finds the optimal regions in the 6D parameter space in less than a minute, hence providing the optimal starting point for further and more detailed forward asteroseismic modeling in a high-dimensional context. We test and apply the method to seven pulsating stars that were previously modeled asteroseismically by classical grid-based forward modeling based on a χ 2 statistic, and obtain good agreement with past results. Our deep-learning methodology opens up the application of asteroseismic modeling in +6D parameter space for thousands of stars pulsating in coherent modes with long lifetimes observed by the Kepler space telescope and to be discovered with the TESS and PLATO space missions, while applications so far have been done star-by-star for only a handful of cases. Our method is open source and can be freely used by anyone. 3",2026-07-30T05:00:47+00:00
deep learning stellar spectroscopy,run002_dl_stellar_spectroscopy,https://openalex.org/W4384201335,https://doi.org/10.1007/s41116-023-00038-x,Machine learning in solar physics,A. Asensio Ramos; Mark C. M. Cheung; Iulia Chifu; R. Gafeira,2023,Living Reviews in Solar Physics,https://doi.org/10.1007/s41116-023-00038-x,67,"Abstract The application of machine learning in solar physics has the potential to greatly enhance our understanding of the complex processes that take place in the atmosphere of the Sun. By using techniques such as deep learning, we are now in the position to analyze large amounts of data from solar observations and identify patterns and trends that may not have been apparent using traditional methods. This can help us improve our understanding of explosive events like solar flares, which can have a strong effect on the Earth environment. Predicting hazardous events on Earth becomes crucial for our technological society. Machine learning can also improve our understanding of the inner workings of the sun itself by allowing us to go deeper into the data and to propose more complex models to explain them. Additionally, the use of machine learning can help to automate the analysis of solar data, reducing the need for manual labor and increasing the efficiency of research in this field.",2026-07-30T05:00:47+00:00
deep learning stellar spectroscopy,run002_dl_stellar_spectroscopy,https://openalex.org/W4213033023,https://doi.org/10.1038/s41598-022-06360-y,Deep-learning-assisted Fourier transform imaging spectroscopy for hyperspectral fluorescence imaging,Cory Juntunen; Isabel M. Woller; Andrew R. Abramczyk; Yongjin Sung,2022,Scientific Reports,https://doi.org/10.1038/s41598-022-06360-y,14,"Hyperspectral fluorescence imaging is widely used when multiple fluorescent probes with close emission peaks are required. In particular, Fourier transform imaging spectroscopy (FTIS) provides unrivaled spectral resolution; however, the imaging throughput is very low due to the amount of interferogram sampling required. In this work, we apply deep learning to FTIS and show that the interferogram sampling can be drastically reduced by an order of magnitude without noticeable degradation in the image quality. For the demonstration, we use bovine pulmonary artery endothelial cells stained with three fluorescent dyes and 10 types of fluorescent beads with close emission peaks. Further, we show that the deep learning approach is more robust to the translation stage error and environmental vibrations. Thereby, the He-Ne correction, which is typically required for FTIS, can be bypassed, thus reducing the cost, size, and complexity of the FTIS system. Finally, we construct neural network models using Hyperband, an automatic hyperparameter selection algorithm, and compare the performance with our manually-optimized model.",2026-07-30T05:00:47+00:00
deep learning stellar spectroscopy,run002_dl_stellar_spectroscopy,https://openalex.org/W2954420793,https://doi.org/10.1093/mnrasl/slz085,SDSS-IV MaNGA: stellar population gradients within barred galaxies,Amelia Fraser-McKelvie; M. R. Merrifield; Alfonso Aragón‐Salamanca; Thomas Peterken; Karen L. Masters; Coleman Krawczyk; Brett H. Andrews; J. H. Knapen; Sandor Kruk; Adam Schaefer; Rebecca Smethurst; Rogério Riffel; Joel R. Brownstein; Niv Drory,2019,Monthly Notices of the Royal Astronomical Society Letters,https://doi.org/10.1093/mnrasl/slz085,41,"ABSTRACT Bars in galaxies are thought to stimulate both inflow of material and radial mixing along them. Observational evidence for this mixing has been inconclusive so far, however, limiting the evaluation of the impact of bars on galaxy evolution. We now use results from the MaNGA integral field spectroscopic survey to characterize radial stellar age and metallicity gradients along the bar and outside the bar in 128 strongly barred galaxies. We find that age and metallicity gradients are flatter in the barred regions of almost all barred galaxies when compared to corresponding disc regions at the same radii. Our results re-emphasize the key fact that by azimuthally averaging integral field spectroscopic data one loses important information from non-axisymmetric galaxy components such as bars and spiral arms. We interpret our results as observational evidence that bars are radially mixing material in galaxies of all stellar masses, and for all bar morphologies and evolutionary stages.",2026-07-30T05:00:47+00:00
deep learning stellar spectroscopy,run002_dl_stellar_spectroscopy,https://openalex.org/W3026169621,https://doi.org/10.1021/acs.jpca.0c02919,Exhaustive Product Analysis of Three Benzene Discharges by Microwave Spectroscopy,Michael McCarthy; Kin Long Kelvin Lee; P. Brandon Carroll; Jessica P. Porterfield; P. Bryan Changala; James H. Thorpe; John F. Stanton,2020,The Journal of Physical Chemistry A,https://doi.org/10.1021/acs.jpca.0c02919,57,"Using chirped and cavity microwave spectroscopies, automated double resonance, new high-speed fitting and deep learning algorithms, and large databases of computed structures, the discharge products of benzene alone, or in combination with molecular oxygen or nitrogen, have been exhaustively characterized between 6.5 and 26 GHz. In total, more than 3300 spectral features were observed; 89% of these, accounting for 97% of the total intensity, have now been assigned to 152 distinct chemical species and 60 of their variants (i.e., isotopic species and vibrationally excited states). Roughly 50 of the products are entirely new or poorly characterized at high resolution, including many heavier by mass than the precursor benzene. These findings provide direct evidence for a rich architecture of two- and three-dimensional carbon and indicate that benzene growth, particularly the formation of ring–chain molecules, occurs facilely under our experimental conditions. The present analysis also illustrates the utility of microwave spectroscopy as a precision tool for complex mixture analysis, irrespective of whether the rotational spectrum of a product species is known a priori or not. From this large quantity of data, for example, it is possible to determine with confidence the relative abundances of different product masses, but more importantly the relative abundances of different isomers with the same mass. The complementary nature of this type of analysis to traditional mass spectrometry is discussed.",2026-07-30T05:00:47+00:00
deep learning stellar spectroscopy,run002_dl_stellar_spectroscopy,https://openalex.org/W2892338809,https://doi.org/10.1007/s10686-018-9598-x,A chemical survey of exoplanets with ARIEL,G. Tinetti; P. Drossart; Paul Eccleston; P. Hartogh; A. Heske; Jérémy Leconte; Giusi Micela; Marc Ollivier; G. L. Pilbratt; Ludovic Puig; D. Turrini; B. Vandenbussche; P. Wolkenberg; Jean‐Philippe Beaulieu; Lars A. Buchave; Martin Ferus; Matt Griffin; M. Guêdel; K. Justtanont; Pierre-Olivier Lagage; Pedro Machado; G. Malaguti; M. Min; H. U. Nørgaard-Nielsen; M. Rataj; Tom Ray; I. Ribas; Mark G. Swain; R. Szabó; Stephanie Werner; J. K. Barstow; M. R. Burleigh; James Cho; Vincent Coudé du Foresto; A. Coustenis; L. Decin; Therese Encrenaz; M. Galand; M. Gillon; Ravit Helled; J. C. Morales; A. García Muñoz; A. Moneti; I. Pagano; E. Pascale; G. Piccioni; D. J. Pinfield; Subhajit Sarkar; Franck Selsis; Jonathan Tennyson; A. H. M. J. Triaud; Olivia Vénot; I. Waldmann; David Waltham; Gillian Wright; J. Amiaux; Jean-Louis Auguères; Michel Berthé; Naidu Bezawada; Georgia Bishop; Neil E. Bowles; Deirdre Coffey; J. Colomé; Martin Crook; P.-E. Crouzet; Vania Da Peppo; I. Escudero Sanz; Mauro Focardi; Martin Frericks; Tom Hunt; Ralf Kohley; Kevin Middleton; G. Morgante; R. Ottensamer; E. Pace; Chris Pearson; R. Stamper; Kate Symonds; M. Rengel; Étienne Renotte; P. A. R. Ade; L. Affer; Christophe Alard; N. F. Allard; Francesca Altieri; Yves André; Claudio Arena; Ioannis Argyriou; A. D. Aylward; Cristian Baccani; G. Á. Bakos; M. Banaszkiewicz; Mike Barlow; V. Batista; G. Bellucci; S. Benatti; Pernelle Bernardi; Bruno Bézard; M. I. Błęcka; Émeline Bolmont,2018,Experimental Astronomy,https://doi.org/10.1007/s10686-018-9598-x,439,"Thousands of exoplanets have now been discovered with a huge range of masses, sizes and orbits: from rocky Earth-like planets to large gas giants grazing the surface of their host star. However, the essential nature of these exoplanets remains largely mysterious: there is no known, discernible pattern linking the presence, size, or orbital parameters of a planet to the nature of its parent star. We have little idea whether the chemistry of a planet is linked to its formation environment, or whether the type of host star drives the physics and chemistry of the planet’s birth, and evolution. ARIEL was conceived to observe a large number (~1000) of transiting planets for statistical understanding, including gas giants, Neptunes, super-Earths and Earth-size planets around a range of host star types using transit spectroscopy in the 1.25–7.8 μm spectral range and multiple narrow-band photometry in the optical. ARIEL will focus on warm and hot planets to take advantage of their well-mixed atmospheres which should show minimal condensation and sequestration of high-Z materials compared to their colder Solar System siblings. Said warm and hot atmospheres are expected to be more representative of the planetary bulk composition. Observations of these warm/hot exoplanets, and in particular of their elemental composition (especially C, O, N, S, Si), will allow the understanding of the early stages of planetary and atmospheric formation during the nebular phase and the following few million years. ARIEL will thus provide a representative picture of the chemical nature of the exoplanets and relate this directly to the type and chemical environment of the host star. ARIEL is designed as a dedicated survey mission for combined-light spectroscopy, capable of observing a large and well-defined planet sample within its 4-year mission lifetime. Transit, eclipse and phase-curve spectroscopy methods, whereby the signal from the star and planet are differentiated using knowledge of the planetary ephemerides, allow us to measure atmospheric signals from the planet at levels of 10–100 part per million (ppm) relative to the star and, given the bright nature of targets, also allows more sophisticated techniques, such as eclipse mapping, to give a deeper insight into the nature of the atmosphere. These types of observations require a stable payload and satellite platform with broad, instantaneous wavelength coverage to detect many molecular species, probe the thermal structure, identify clouds and monitor the stellar activity. The wavelength range proposed covers all the expected major atmospheric gases from e.g. H 2 O, CO 2 , CH 4 NH 3 , HCN, H 2 S through to the more exotic metallic compounds, such as TiO, VO, and condensed species. Simulations of ARIEL performance in conducting exoplanet surveys have been performed – using conservative estimates of mission performance and a full model of all significant noise sources in the measurement – using a list of potential ARIEL targets that incorporates the latest available exoplanet statistics. The conclusion at the end of the Phase A study, is that ARIEL – in line with the stated mission objectives – will be able to observe about 1000 exoplanets depending on the details of the adopted survey strategy, thus confirming the feasibility of the main science objectives.",2026-07-30T05:00:47+00:00
deep learning stellar spectroscopy,run002_dl_stellar_spectroscopy,https://openalex.org/W2740236269,https://doi.org/10.3847/1538-4365/aa9e8a,The Fourteenth Data Release of the Sloan Digital Sky Survey: First Spectroscopic Data from the Extended Baryon Oscillation Spectroscopic Survey and from the Second Phase of the Apache Point Observatory Galactic Evolution Experiment,Bela Abolfathi; David S. Aguado; Gabriela Aguilar; Carlos Allende Prieto; Andrés Almeida; Tonima Tasnim Ananna; F. Anders; Scott F. Anderson; Brett H. Andrews; Borja Anguiano; Alfonso Aragón‐Salamanca; M. Argudo–Fernández; E. Armengaud; M. Ata; É. Aubourg; V. Ávila-Reese; Carles Badenes; S. Bailey; Christophe Balland; Kathleen A. Barger; J. K. Barrera-Ballesteros; Curtis Bartosz; Fabienne A. Bastien; Dominic Bates; Falk Baumgarten; Julian Bautista; Rachael L. Beaton; Timothy C. Beers; Francesco Belfiore; Chad F. Bender; Mariangela Bernardi; Matthew A. Bershady; Florian Beutler; Jonathan C. Bird; Dmitry Bizyaev; Guillermo A. Blanc; Michael R. Blanton; Michael Blomqvist; A. Bolton; M. Boquien; J. Borissova; Jo Bovy; Christian Andres Bradna Diaz; William Nielsen Brandt; J. Brinkmann; Joel R. Brownstein; Kevin Bundy; Adam J. Burgasser; E. Burtin; Nicolás G. Busca; Caleb I. Cañas; M. Cano-Díaz; Michele Cappellari; R. Carrera; Andrew R. Casey; Bernardo Cervantes Sodi; Yanping Chen; Brian Cherinka; C. Chiappini; Peter Doohyun Choi; Drew Chojnowski; Chia-Hsun Chuang; Haeun Chung; Nicolas Clerc; Roger E. Cohen; Julia M. Comerford; Johan Comparat; Janaina Correa do Nascimento; L. N. da Costa; Marie-Claude Cousinou; Kevin R. Covey; Jeffrey D. Crane; I. Cruz-González; Kátia Cunha; Gabriele S Ilha; G. Damke; Jeremy Darling; James W. Davidson; Kyle Dawson; Miguel Icaza-Lizaola; Axel de la Macorra; Sylvain de la Torre; Nathan De Lee; Victoria de Sainte Agathe; Alice Deconto Machado; F. Dell’Agli; Timothée Delubac; Aleksandar M. Diamond‐Stanic; John Donor; Juan José Downes; Niv Drory; Hélion du Mas des Bourboux; Christopher Duckworth; T. Dwelly; Jamie Dyer; Garrett Ebelke; Arthur Eigenbrot; Daniel J. Eisenstein; Y. Elsworth; Éric Emsellem,2018,The Astrophysical Journal Supplement Series,https://doi.org/10.3847/1538-4365/aa9e8a,1051,"Abstract The fourth generation of the Sloan Digital Sky Survey (SDSS-IV) has been in operation since 2014 July. This paper describes the second data release from this phase, and the 14th from SDSS overall (making this Data Release Fourteen or DR14). This release makes the data taken by SDSS-IV in its first two years of operation (2014–2016 July) public. Like all previous SDSS releases, DR14 is cumulative, including the most recent reductions and calibrations of all data taken by SDSS since the first phase began operations in 2000. New in DR14 is the first public release of data from the extended Baryon Oscillation Spectroscopic Survey; the first data from the second phase of the Apache Point Observatory (APO) Galactic Evolution Experiment (APOGEE-2), including stellar parameter estimates from an innovative data-driven machine-learning algorithm known as “The Cannon”; and almost twice as many data cubes from the Mapping Nearby Galaxies at APO (MaNGA) survey as were in the previous release ( N = 2812 in total). This paper describes the location and format of the publicly available data from the SDSS-IV surveys. We provide references to the important technical papers describing how these data have been taken (both targeting and observation details) and processed for scientific use. The SDSS web site ( www.sdss.org ) has been updated for this release and provides links to data downloads, as well as tutorials and examples of data use. SDSS-IV is planning to continue to collect astronomical data until 2020 and will be followed by SDSS-V.",2026-07-30T05:00:47+00:00
deep learning stellar spectroscopy,run002_dl_stellar_spectroscopy,https://openalex.org/W3122729254,https://doi.org/10.1103/revmodphys.93.015001,Probing the interior physics of stars through asteroseismology,C. Aerts,2021,Reviews of Modern Physics,https://doi.org/10.1103/revmodphys.93.015001,326,"By studying the oscillations of a star's surface, it is possible to extract information about stellar strata, age, and dynamics. Though one might guess that observation of surface oscillatory motions would be limited to our Sun, high-precision brightness measurements of distant stars, performed over many years, have enabled the field of asteroseismology. This comprehensive review covers the recent development of this field, the necessary blending of numerical simulation and data, and the way in which this new information enhances our understanding of stellar evolution.",2026-07-30T05:00:47+00:00
deep learning stellar spectroscopy,run002_dl_stellar_spectroscopy,https://openalex.org/W3216552048,https://doi.org/10.1051/0004-6361/202141480,SUPPNet: Neural network for stellar spectrum normalisation,Tomasz Różański; E. Niemczura; Jakub Lemiesz; N. Posiłek; Paweł Różański,2022,Astronomy and Astrophysics,https://doi.org/10.1051/0004-6361/202141480,22,"Context. Precise continuum normalisation of merged échelle spectra is a demanding task that is necessary for various detailed spectroscopic analyses. Automatic methods have limited effectiveness due to the variety of features present in the spectra of stars. This complexity often leads to the necessity for manual normalisation which is highly time-consuming. Aims. The aim of this work is to develop a fully automated normalisation tool that works with order-merged spectra and offers flexible manual fine-tuning, if necessary. Methods. The core of the proposed method uses the novel, fully convolutional deep neural network (SUPP Network) that was trained to predict a pseudo-continuum. The post-processing step uses smoothing splines that give access to regressed knots, which are useful for optional manual corrections. The active learning technique was applied to deal with possible biases that may arise from training with synthetic spectra and to extend the applicability of the proposed method to features absent in this kind of spectra. Results. The developed normalisation method was tested with high-resolution spectra of stars with spectral types from O to G, and gives a root mean squared (RMS) error over the set of test stars equal to 0.0128 in the spectral range from 3900 Å to 7000 Å and 0.0081 in the range from 4200 Å to 7000 Å. Experiments with synthetic spectra give a RMS of the order of 0.0050. Conclusions. The proposed method leads to results that are comparable to careful manual normalisation. Additionally, this approach is general and can be used in other fields of astronomy where background modelling or trend removal is a part of data processing.",2026-07-30T05:00:47+00:00
deep learning stellar spectroscopy,run002_dl_stellar_spectroscopy,https://openalex.org/W2948234564,https://doi.org/10.3390/s19112555,A Novel Autonomous Celestial Integrated Navigation for Deep Space Exploration Based on Angle and Stellar Spectra Shift Velocity Measurement,Xiao Chen; Zhaowei Sun; Wei Zhang; Jun Xu,2019,Sensors,https://doi.org/10.3390/s19112555,25,"Traditional autonomous celestial navigation usually uses astronomical angle as measurement, which is a function of spacecraft's position and can't resolve the spacecraft's velocity directly. To solve this problem, velocity measurement by stellar spectra shift is proposed in this paper. The autonomous celestial integrated navigation method is derived by combining velocity measurement with angle measurement, which can ensure the long-term high accuracy, real-time and continuous navigation performance for deep space exploration (DSE) missions. The observability of the integrated navigation system is analyzed. Moreover, the design of doppler navigator and hardware in-the-loop simulation system are described. Finally, a simulation example is employed to demonstration the feasibility and effectiveness of the proposed navigation algorithm.",2026-07-30T05:00:47+00:00
deep learning stellar spectroscopy,run002_dl_stellar_spectroscopy,https://openalex.org/W4385670540,https://doi.org/10.53759/0088/jbsha202303006,A Survey of the Interpretability Aspect of Deep Learning Models,Eliot Spitzer; Rona Miles,2023,Journal of Biomedical and Sustainable Healthcare Applications,https://doi.org/10.53759/0088/jbsha202303006,21,"Deep neural networks have attained near-human degree of quality in images, textual, audio, and video recording categorization and predictions tasks. The networks, on the other hand, are still typically thought of as black-box functional probabilistic models that transfer an input data to a trained classifier. Integrating these systems into mission-critical activities like clinical diagnosis, scheduling, and management is the next stage in this human-machine evolutionary change, and it necessitates a degree of confidence in the technology output. Statistical measures are often employed to estimate an output's volatility. The idea of trust, on the other hand, is dependent on a human's sight into a machine's inner workings. To put it another way, the neural networks must justify its outputs in a way that is intelligible to humans, leading to new insights into its internal workings. ""Interpretable deep networks"" is the name we give to such networks. The concept of interpretability is not one-dimensional. Indeed, the variability of an interpretation owing to varying degrees of human comprehension necessitates the existence of a plethora of characteristics that together define interpretability. Furthermore, the model's interpretations may be expressed in terms of low-level network variables or input properties. We describe several of the variables that are helpful for model interpretability in this study, as well as previous work on those dimensions. We do a gap analysis to determine what remains to be improved to increase models interpretability as step of the procedure.",2026-07-30T05:00:47+00:00
deep learning stellar spectroscopy,run002_dl_stellar_spectroscopy,https://openalex.org/W4289453839,https://doi.org/10.1051/0004-6361/201833007,MUSE crowded field 3D spectroscopy in NGC 300,Martin M. Roth; C. Sandín; Sebastian Kamann; Tim-Oliver Husser; Peter M. Weilbacher; A. Monreal‐Ibero; Roland Bacon; Mark den Brok; S. Dreizler; Andreas Kelz; R. A. Marino; Matthias Steinmetz,2018,Astronomy and Astrophysics,https://doi.org/10.1051/0004-6361/201833007,45,"Aims . As a new approach to the study of resolved stellar populations in nearby galaxies, our goal is to demonstrate with a pilot study in NGC 300 that integral field spectroscopy with high spatial resolution and excellent seeing conditions reaches an unprecedented depth in severely crowded fields. Methods . Observations by MUSE with seven pointings in NGC 300 have resulted in data cubes that are analyzed in four ways: (1) Point spread function-fitting 3D spectroscopy with PampelMUSE, as already successfully pioneered in globular clusters, yields de-blended spectra of individually distinguishable stars, thus providing a complete inventory of blue and red supergiants, and asymptotic giant branch (AGB) stars of type M and C. The technique is also applicable to emission line point sources and provides samples of planetary nebulae (PNe) that are complete down to m 5007 = 28. (2) Pseudo-monochromatic images, created at the wavelengths of the most important emission lines and corrected for continuum light with the P3D visualization tool, provide maps of H II regions, supernova remnants (SNR), and the diffuse interstellar medium (ISM) at a high level of sensitivity, where also faint point sources stand out and allow for the discovery of PNe, Wolf–Rayet (WR) stars, etc. (3) The use of the P3D line-fitting tool yields emission line fluxes, surface brightness, and kinematic information for gaseous objects, corrected for absorption line profiles of the underlying stellar population in the case of H α . (4) Visual inspection of the data cubes by browsing through the row-stacked spectra image in P3D is demonstrated to be efficient for data mining and the discovery of background galaxies and unusual objects. Results . We present a catalog of luminous stars, rare stars such as WR, and other emission line stars, carbon stars, symbiotic star candidates, PNe, H II regions, SNR, giant shells, peculiar diffuse and filamentary emission line objects, and background galaxies, along with their spectra. Conclusions . The technique of crowded-field 3D spectroscopy, using the PampelMUSE code, is capable of deblending individual bright stars, the unresolved background of faint stars, gaseous nebulae, and the diffuse component of the ISM, resulting in unprecedented legacy value for observations of nearby galaxies with MUSE.",2026-07-30T05:00:47+00:00
deep learning stellar spectroscopy,run002_dl_stellar_spectroscopy,https://openalex.org/W4363678967,https://doi.org/10.1007/s44174-023-00078-9,A Novel Approach Utilizing Machine Learning for the Early Diagnosis of Alzheimer's Disease,Khandaker Mohammad Mohi Uddin; Mir Jafikul Alam; Jannat-E-Anawar; Md. Ashraf Uddin; Sunil Aryal,2023,Biomedical Materials & Devices,https://doi.org/10.1007/s44174-023-00078-9,91,,2026-07-30T05:00:47+00:00
deep learning stellar spectroscopy,run002_dl_stellar_spectroscopy,https://openalex.org/W3205830330,https://doi.org/10.3847/1538-4357/ac2302,Rotation Curves of Galaxies and Their Dependence on Morphology and Stellar Mass,Yongmin Yoon; Changbom Park; Haeun Chung; Kai Zhang,2021,The Astrophysical Journal,https://doi.org/10.3847/1538-4357/ac2302,28,"Abstract We study how stellar rotation curves (RCs) of galaxies are correlated on average with morphology and stellar mass ( M star ) using the final release of Sloan Digital Sky Survey IV MaNGA data. We use the visually assigned T -types for the morphology indicator, and adopt a functional form for the RC that can model non-flat RCs at large radii. We discover that within the radial coverage of the MaNGA data, the popularly known flat rotation curve at large radii applies only to the particular classes of galaxies, i.e., massive late types ( T -type ≥ 1, M star ≳ 10 10.8 M ⊙ ) and S0 types ( T -type = −1 or 0, M star ≳ 10 10.0 M ⊙ ). The RC of late-type galaxies at large radii rises more steeply as M star decreases, and its slope increases to about +9 km s −1 kpc −1 at M star ≈ 10 9.7 M ⊙ . By contrast, elliptical galaxies ( T -type ≤ −2) have descending RCs at large radii. Their slope becomes more negative as M star decreases, and reaches as negative as −15 km s −1 kpc −1 at M star ≈ 10 10.2 M ⊙ . We also find that the inner slope of the RC is highest for elliptical galaxies with M star ≈ 10 10.5 M ⊙ , and decreases as T -type increases or M star changes away from 10 10.5 M ⊙ . The velocity at the turnover radius R t is higher for higher M star , and R t is larger for higher M star and later T -types. We show that the inner slope of the RC is coupled with the central surface stellar mass density, which implies that the gravitational potential of central regions of galaxies is dominated by baryonic matter. With the aid of simple models for matter distribution, we discuss what determines the shapes of RCs.",2026-07-30T05:00:47+00:00
deep learning stellar spectroscopy,run002_dl_stellar_spectroscopy,https://openalex.org/W4303985113,https://doi.org/10.1051/0004-6361/202243659,Stellar population of the Rosette Nebula and NGC 2244,K. Mužić; V. Almendros-Abad; H. Bouy; Karolina Kubiak; Karla Peña Ramírez; A. Krone-Martins; A. Moitinho; Miguel Conceição,2022,Astronomy and Astrophysics,https://doi.org/10.1051/0004-6361/202243659,24,"Context. Measurements of internal dynamics of young clusters and star-forming regions are crucial to fully understand the process of their formation. A basic prerequisite for this is a well-established and robust list of probable members. Aims. In this work, we study the 2.8° ×2.6° region in the emblematic Rosette Nebula, centred in the young cluster NGC 2244, with the aim of constructing the most reliable candidate member list to date. Using the obtained catalogue, we can determine various structural and kinematic parameters, which can help to draw conclusions about the past and the future of the region. Methods. We constructed a catalogue containing optical to mid-infrared photometry, as well as accurate positions and proper motions from Gaia EDR3 for the sources in the field of the Rosette Nebula. We applied the probabilistic random forest algorithm to derive the membership probability for each source within our field of view. Based on the list of almost 3000 probable members, of which about a third are concentrated within the radius of 20′ from the centre of NGC 2244, we identified various clustered sources and stellar concentrations in the region, and estimated the average distance to the entire region at 1489 ± 37 pc, 1440 ± 32 pc to NGC 2244, and 1525 ± 36 pc to NGC 2237. The masses, extinction, and ages were derived by fitting the spectral energy distribution to the atmosphere and evolutionary models, and the internal dynamic was assessed via proper motions relative to the mean proper motion of NGC 2244. Results. NGC 2244 is showing a clear expansion pattern, with an expansion velocity that increases with radius. Its initial mass function (IMF) is well represented by two power laws (d N /d M ∝ M − α ), with slopes α = 1.05 ± 0.02 for the mass range 0.2–1.5 M ⊙ and α = 2.3 ± 0.3 for the mass range 1.5–20 M ⊙ , and it is in agreement with slopes detected in other star-forming regions. The mean age of the region, derived from the HR diagram, is ∼2 Myr. We find evidence for the difference in ages between NGC 2244 and the region associated with the molecular cloud, which appears slightly younger. The velocity dispersion of NGC 2244 is well above the virial velocity dispersion derived from the total mass (1000 ± 70 M ⊙ ) and half-mass radius (3.4 ± 0.2 pc). From the comparison to other clusters and to numerical simulations, we conclude that NGC 2244 may be unbound and that it possibly may have even formed in a super-virial state.",2026-07-30T05:00:47+00:00
deep learning stellar spectroscopy,run002_dl_stellar_spectroscopy,https://openalex.org/W2047449019,https://doi.org/10.1093/mnras/stt651,The prevalence of dust on the exoplanet HD 189733b from Hubble and Spitzer observations,F. Pont; David K. Sing; Neale P. Gibson; S. Aigrain; Gregory W. Henry; Nawal Husnoo,2013,Monthly Notices of the Royal Astronomical Society,https://doi.org/10.1093/mnras/stt651,444,"The hot Jupiter HD 189733b is the most extensively observed exoplanet. Its atmosphere has been detected and characterized in transmission and eclipse spectroscopy, and its phase curve measured at several wavelengths. This paper brings together the results of our campaign to obtain the complete transmission spectrum of the atmosphere of this planet from UV to infrared with the Hubble Space Telescope, using the STIS, ACS and WFC3 instruments. We provide a new tabulation of the transmission spectrum across the entire visible and infrared range. The radius ratio in each wavelength band was re-derived, where necessary, to ensure a consistent treatment of the bulk transit parameters and stellar limb darkening. Special care was taken to correct for, and derive realistic estimates of the uncertainties due to, both occulted and unocculted star spots. The combined spectrum is very different from the predictions of cloud-free models for hot Jupiters: it is dominated by Rayleigh scattering over the whole visible and near-infrared range, the only detected features being narrow sodium and potassium lines. We interpret this as the signature of a haze of condensate grains extending over at least five scaleheights. We show that a dust-dominated atmosphere could also explain several puzzling features of the emission spectrum and phase curves, including the large amplitude of the phase curve at 3.6 μm, the small hotspot longitude shift and the hot mid-infrared emission spectrum. We discuss possible compositions and derive some first-order estimates for the properties of the putative condensate haze/clouds. We finish by speculating that the dichotomy between the two observationally defined classes of hot Jupiter atmospheres, of which HD 189733b and HD 209458b are the prototypes, might not be whether they possess a temperature inversion, but whether they are clear or dusty. We also consider the possibility of a continuum of cloud properties between hot Jupiters, young Jupiters and L-type brown dwarfs.",2026-07-30T05:00:47+00:00
deep learning stellar spectroscopy,run002_dl_stellar_spectroscopy,https://openalex.org/W2900297252,https://doi.org/10.48550/arxiv.1811.03390,Bayesian Deep Learning for Exoplanet Atmospheric Retrieval,"Frank Soboczenski; Michael D. Himes; Molly D. O’Beirne; Simone Zorzan; Atılım Güneş Baydin; Adam D. Cobb; Gal, Yarin; Daniel Angerhausen; Mascaro, Massimo; Giada Arney; Shawn Domagal‐Goldman",2018,"White Rose Research Online (University of Leeds, The University of Sheffield, University of York)","https://orcid.org/0000-0001-8185-6094>,",18,"Over the past decade, the study of extrasolar planets has evolved rapidly from plain detection and identification to comprehensive categorization and characterization of exoplanet systems and their atmospheres. Atmospheric retrieval, the inverse modeling technique used to determine an exoplanetary atmosphere's temperature structure and composition from an observed spectrum, is both time-consuming and compute-intensive, requiring complex algorithms that compare thousands to millions of atmospheric models to the observational data to find the most probable values and associated uncertainties for each model parameter. For rocky, terrestrial planets, the retrieved atmospheric composition can give insight into the surface fluxes of gaseous species necessary to maintain the stability of that atmosphere, which may in turn provide insight into the geological and/or biological processes active on the planet. These atmospheres contain many molecules, some of them biosignatures, spectral fingerprints indicative of biological activity, which will become observable with the next generation of telescopes. Runtimes of traditional retrieval models scale with the number of model parameters, so as more molecular species are considered, runtimes can become prohibitively long. Recent advances in machine learning (ML) and computer vision offer new ways to reduce the time to perform a retrieval by orders of magnitude, given a sufficient data set to train with. Here we present an ML-based retrieval framework called Intelligent exoplaNet Atmospheric RetrievAl (INARA) that consists of a Bayesian deep learning model for retrieval and a data set of 3,000,000 synthetic rocky exoplanetary spectra generated using the NASA Planetary Spectrum Generator. Our work represents the first ML retrieval model for rocky, terrestrial exoplanets and the first synthetic data set of terrestrial spectra generated at this scale.",2026-07-30T05:00:47+00:00
deep learning stellar spectroscopy,run002_dl_stellar_spectroscopy,https://openalex.org/W4306725906,https://doi.org/10.1093/mnras/stac2442,The stellar populations of quiescent ultra-diffuse galaxies from optical to mid-infrared spectral energy distribution fitting,Maria Luísa Buzzo; Duncan A. Forbes; Jean P. Brodie; Aaron J. Romanowsky; M. E. Cluver; T. H. Jarrett; Seppo Laine; W. J. Couch; Jonah S. Gannon; Anna Ferré-Mateu; N. Okabe,2022,Monthly Notices of the Royal Astronomical Society,https://doi.org/10.1093/mnras/stac2442,36,"ABSTRACT We use spectral energy distribution (SED) fitting to place constraints on the stellar population properties of 29 quiescent ultra-diffuse galaxies (UDGs) across different environments. We use the fully Bayesian routine PROSPECTOR coupled with archival data in the optical, near, and mid-infrared from Spitzer and Wide-field Infrared Survey Explorer under the assumption of an exponentially declining star formation history. We recover the stellar mass, age, metallicity, dust content, star formation time scales, and photometric redshifts (photo-zs) of the UDGs studied. Using the mid-infrared data, we probe the existence of dust in UDGs. Although its presence cannot be confirmed, we find that the inclusion of small amounts of dust in the models brings the stellar populations closer to those reported with spectroscopy. Additionally, we fit the redshifts of all galaxies. We find a high accuracy in recovering photo-zs compared to spectroscopy, allowing us to provide new photo-z estimates for three field UDGs with unknown distances. We find evidence of a stellar population dependence on the environment, with quiescent field UDGs being systematically younger than their cluster counterparts. Lastly, we find that all UDGs lie below the mass–metallicity relation for normal dwarf galaxies. Particularly, the globular cluster (GC)-poor UDGs are consistently more metal-rich than GC-rich ones, suggesting that GC-poor UDGs may be puffed-up dwarfs, while most GC-rich UDGs are better explained by a failed galaxy scenario. As a byproduct, we show that two galaxies in our sample, NGC 1052-DF2 and NGC 1052-DF4, share equivalent stellar population properties, with ages consistent with 8 Gyr. This finding supports formation scenarios where the galaxies were formed together.",2026-07-30T05:00:47+00:00
deep learning stellar spectroscopy,run002_dl_stellar_spectroscopy,https://openalex.org/W4308296637,https://doi.org/10.1038/s41598-022-23414-3,Identifying plastics with photoluminescence spectroscopy and machine learning,Benjamin Lotter; Srumika Konde; Johnny Nguyen; Michael Grau; Martín Koch; Peter Lenz,2022,Scientific Reports,https://doi.org/10.1038/s41598-022-23414-3,15,"A quantitative understanding of the worldwide plastics distribution is required not only to assess the extent and possible impact of plastic litter on the environment but also to identify possible counter measures. A systematic collection of data characterizing amount and composition of plastics has to be based on two crucial components: (i) An experimental approach that is simple enough to be accessible worldwide and sensible enough to capture the diversity of plastics; (ii) An analysis pipeline that is able to extract the relevant parameters from the vast amount of experimental data. In this study, we demonstrate that such an approach could be realized by a combination of photoluminescence spectroscopy and a machine learning-based theoretical analysis. We show that appropriate combinations of classifiers with dimensional reduction algorithms are able to identify specific material properties from the spectroscopic data. The best combination is based on an unsupervised learning technique making our approach robust to alternations of the input data.",2026-07-30T05:00:47+00:00
deep learning stellar spectroscopy,run002_dl_stellar_spectroscopy,https://openalex.org/W3113174703,https://doi.org/10.3390/galaxies8040088,Classification of Planetary Nebulae through Deep Transfer Learning,Dayang N. F. Awang Iskandar; Albert A. Zijlstra; Iain McDonald; Rosni Abdullah; Gary A. Fuller; Ahmad H. Fauzi; Johari Abdullah,2020,Galaxies,https://doi.org/10.3390/galaxies8040088,21,"This study investigate the effectiveness of using Deep Learning (DL) for the classification of planetary nebulae (PNe). It focusses on distinguishing PNe from other types of objects, as well as their morphological classification. We adopted the deep transfer learning approach using three ImageNet pre-trained algorithms. This study was conducted using images from the Hong Kong/Australian Astronomical Observatory/Strasbourg Observatory H-alpha Planetary Nebula research platform database (HASH DB) and the Panoramic Survey Telescope and Rapid Response System (Pan-STARRS). We found that the algorithm has high success in distinguishing True PNe from other types of objects even without any parameter tuning. The Matthews correlation coefficient is 0.9. Our analysis shows that DenseNet201 is the most effective DL algorithm. For the morphological classification, we found for three classes, Bipolar, Elliptical and Round, half of objects are correctly classified. Further improvement may require more data and/or training. We discuss the trade-offs and potential avenues for future work and conclude that deep transfer learning can be utilized to classify wide-field astronomical images.",2026-07-30T05:00:47+00:00
deep learning stellar spectroscopy,run002_dl_stellar_spectroscopy,https://openalex.org/W4306248068,https://doi.org/10.1039/d2nh00377e,"Machine learning in electron microscopy for advanced nanocharacterization: current developments, available tools and future outlook",Marc Botifoll; Ivan Pinto‐Huguet; Jordi Arbiol,2022,Nanoscale Horizons,https://doi.org/10.1039/d2nh00377e,124,", high-energy physics, astronomy, Earth sciences, and even robotics, videogames, or marketing and finances), in order to narrow down the incoming future of electron microscopy, its challenges and outlook.",2026-07-30T05:00:47+00:00
deep learning stellar spectroscopy,run002_dl_stellar_spectroscopy,https://openalex.org/W2952853822,https://doi.org/10.48550/arxiv.1110.3193,Euclid Definition Study Report,"R. Laureijs; J. Amiaux; S. Arduini; J.-L. Auguères; J. Brinchmann; R. Cole; M. Cropper; C. Dabin; L. Duvet; A. Ealet; B. Garilli; P. Gondoin; L. Guzzo; Hoar, J.; Henk Hoekstra; Rory Holmes; T. Kitching; T. Maciaszek; Y. Mellier; F. Pasian; Will J. Percival; Jason Rhodes; Gonzalo Saavedra Criado; M. Sauvage; R. Scaramella; L. Valenziano; S. J. Warren; R. Bender; F. J. Castander; A. Cimatti; O. Le Fèvre; H. Kurki‐Suonio; M. E. Levi; P. B. Lilje; G. Meylan; R. C. Nichol; K. Pedersen; V. Popa; Lopez, R. Rebolo; Hans‐Walter Rix; H. Röttgering; W. W. Zeilinger; F. Grupp; P. Hudelot; R. Massey; M. Meneghetti; L. Miller; S. Paltani; S. Paulin‐Henriksson; S. Pires; C. J. Saxton; T. Schrabback; G. Seidel; J. R. Walsh; N. Aghanim; Luca Amendola; J. G. Bartlett; C. Baccigalupi; Jean‐Philippe Beaulieu; K. Benabed; J. G. Cuby; D. Elbaz; P. Fosalba; G. Gavazzi; A. Helmi; I. Hook; M. J. Irwin; Jean‐Paul Kneib; M. Kunz; F. Mannucci; L. Moscardini; C. Tao; Romain Teyssier; J. Weller; G. Zamorani; M. R. Zapatero Osorio; O. Boulade; J. J. Foumond; A. Di Giorgio; P. Guttridge; A. L. James; M. Kemp; J. Martignac; A. P. Spencer; D. J. Walton; T. Blümchen; C. Bonoli; F. Bortoletto; C. Cerna; L. Corcione; Christophe Fabron; K. Jahnkę; S. Ligori; F. Madrid; L. J. Martin; G. Morgante; Tony Pamplona; Éric Prieto; Marco Riva; Reynan Toledo",2011,CERN Document Server (European Organization for Nuclear Research),http://cds.cern.ch/record/1390653,953,"Euclid is a space-based survey mission from the European Space Agency designed to understand the origin of the Universe's accelerating expansion. It will use cosmological probes to investigate the nature of dark energy, dark matter and gravity by tracking their observational signatures on the geometry of the universe and on the cosmic history of structure formation. The mission is optimised for two independent primary cosmological probes: Weak gravitational Lensing (WL) and Baryonic Acoustic Oscillations (BAO). The Euclid payload consists of a 1.2 m Korsch telescope designed to provide a large field of view. It carries two instruments with a common field-of-view of ~0.54 deg2: the visual imager (VIS) and the near infrared instrument (NISP) which contains a slitless spectrometer and a three bands photometer. The Euclid wide survey will cover 15,000 deg2 of the extragalactic sky and is complemented by two 20 deg2 deep fields. For WL, Euclid measures the shapes of 30-40 resolved galaxies per arcmin2 in one broad visible R+I+Z band (550-920 nm). The photometric redshifts for these galaxies reach a precision of dz/(1+z) &lt; 0.05. They are derived from three additional Euclid NIR bands (Y, J, H in the range 0.92-2.0 micron), complemented by ground based photometry in visible bands derived from public data or through engaged collaborations. The BAO are determined from a spectroscopic survey with a redshift accuracy dz/(1+z) =0.001. The slitless spectrometer, with spectral resolution ~250, predominantly detects Ha emission line galaxies. Euclid is a Medium Class mission of the ESA Cosmic Vision 2015-2025 programme, with a foreseen launch date in 2019. This report (also known as the Euclid Red Book) describes the outcome of the Phase A study.",2026-07-30T05:00:47+00:00
