openalex_id,title,authors,publication_year,doi,abstract,cited_by_count,source_name,landing_page_url,keyword,retrieved_at,run_id,baseline_preliminary_score,title_relevance_score,abstract_relevance_score,combined_relevance_score,stage1_relevance_level,stage2_ranking_score,old_rank,new_rank
https://openalex.org/W3161623437,Stellar Spectra Models Classification and Parameter Estimation Using Machine Learning Algorithms,Miguel Flores R.; L. J. Corral; C. Fierro,2021,10.48550/arxiv.2105.07110,"The growth of sky surveys and the large amount of stellar spectra in the current databases, has generated the necessity of developing new methods to estimate atmospheric parameters, a fundamental task on stellar research. In this work we present a comparison of different machine learning algorithms, using for the classification of stellar synthetic spectra and the estimation of fundamental stellar parameters included T_eff(K), log(L/Lo), log g, M/Mo, and Vrot. For both tasks, we established a group of supervised learning models, and propose a database of measures with the same structure to train the algorithms. This data includes equivalent-width types measurements over noisy synthetic spectra in order to replicate the natural noise on a real observed spectrum. Different levels of signal to noise ratio are considered for this analysis.",6,arXiv (Cornell University),http://arxiv.org/abs/2105.07110,machine learning stellar parameter estimation spectra,2026-07-27T12:27:51Z,20260731_163351611581_offline_machine-learning-stellar-parameter-estimation-sp_n60_21a53a,0.6498,0.6213,0.1773,0.4881,high,0.4772,1,1
https://openalex.org/W2032231736,Estimation of stellar atmospheric parameters from SDSS/SEGUE spectra,P. Re Fiorentin; C. A. L. Bailer‐Jones; Young Sun Lee; Timothy C. Beers; T. Sivarani; Ronald Wilhelm; Carlos Allende Prieto; John E. Norris,2007,10.1051/0004-6361:20077334,"We present techniques for the estimation of stellar atmospheric parameters (Teff, , [Fe/H]) for stars from the SDSS/SEGUE survey. The atmospheric parameters are derived from the observed medium-resolution () stellar spectra using non-linear regression models trained either on (1) pre-classified observed data or (2) synthetic stellar spectra. In the first case we use our models to automate and generalize parametrization produced by a preliminary version of the SDSS/SEGUE Spectroscopic Parameter Pipeline (SSPP). In the second case we directly model the mapping between synthetic spectra (derived from Kurucz model atmospheres) and the atmospheric parameters, independently of any intermediate estimates. After training, we apply our models to various samples of SDSS spectra to derive atmospheric parameters, and compare our results with those obtained previously by the SSPP for the same samples. We obtain consistency between the two approaches, with RMS deviations on the order of 150 K in Teff, 0.35 dex in , and 0.22 dex in [Fe/H]. The models are applied to pre-processed spectra, either via Principal Component Analysis (PCA) or a Wavelength Range Selection (WRS) method, which employs a subset of the full 3850–9000 Åspectral range. This is both for computational reasons (robustness and speed), and because it delivers higher accuracy (better generalization of what the models have learned). Broadly speaking, the PCA is demonstrated to deliver more accurate atmospheric parameters when the training data are the actual SDSS spectra with previously estimated parameters, whereas WRS appears superior for the estimation of via synthetic templates, especially for lower signal-to-noise spectra. From a subsample of some 19 000 stars with previous determinations of the atmospheric parameters, the accuracies of our predictions (mean absolute errors) for each parameter are Teff to 170/170 K, to 0.36/0.45 dex, and [Fe/H] to 0.19/0.26 dex, for methods (1) and (2), respectively. We measure the intrinsic errors of our models by training on synthetic spectra and evaluating their performance on an independent set of synthetic spectra. This yields RMS accuracies of 50 K, 0.02 dex, and 0.03 dex on Teff, , and [Fe/H], respectively. Our approach can be readily deployed in an automated analysis pipeline, and can easily be retrained as improved stellar models and synthetic spectra become available. We nonetheless emphasise that this approach relies on an accurate calibration and pre-processing of the data (to minimize mismatch between the real and synthetic data), as well as sensible choices concerning feature selection. From an analysis of cluster candidates with available SDSS spectroscopy (M 15, M 13, M 2, and NGC 2420), and assuming the age, metallicity, and distances given in the literature are correct, we find evidence for small systematic offsets in Teff and/or for the parameter estimates from the model trained on real data with the SSPP. Thus, this model turns out to derive more precise, but less accurate, atmospheric parameters than the model trained on synthetic data.",94,Astronomy and Astrophysics,https://doi.org/10.1051/0004-6361:20077334,machine learning stellar parameter estimation spectra,2026-07-27T12:27:51Z,20260731_163351611581_offline_machine-learning-stellar-parameter-estimation-sp_n60_21a53a,0.4833,0.3027,0.1316,0.2513,high,0.3617,19,2
https://openalex.org/W4224036191,Estimation of Stellar Atmospheric Parameters from LAMOST DR8 Low-resolution Spectra with 20 ≤ S/N &lt; 30,Xiangru Li; Zhu Wang; Si Zeng; Caixiu Liao; Bing Du; Xiao Kong; Haining Li,2022,10.1088/1674-4527/ac65e7,"Abstract The accuracy of the estimated stellar atmospheric parameter evidently decreases with the decreasing of spectral signal-to-noise ratio (S/N) and there are a huge amount of this kind observations, especially in case of S/N &lt; 30. Therefore, it is helpful to improve the parameter estimation performance for these spectra and this work studied the ( T eff , log g , [Fe/H]) estimation problem for LAMOST DR8 low-resolution spectra with 20 ≤ S/N &lt; 30. We proposed a data-driven method based on machine learning techniques. First, this scheme detected stellar atmospheric parameter-sensitive features from spectra by the Least Absolute Shrinkage and Selection Operator (LASSO), rejected ineffective data components and irrelevant data. Second, a Multi-layer Perceptron (MLP) method was used to estimate stellar atmospheric parameters from the LASSO features. Finally, the performance of the LASSO-MLP was evaluated by computing and analyzing the consistency between its estimation and the reference from the Apache Point Observatory Galactic Evolution Experiment high-resolution spectra. Experiments show that the Mean Absolute Errors of T eff , log g , [Fe/H] are reduced from the LASP (137.6 K, 0.195, 0.091 dex) to LASSO-MLP (84.32 K, 0.137, 0.063 dex), which indicate evident improvements on stellar atmospheric parameter estimation. In addition, this work estimated the stellar atmospheric parameters for 1,162,760 low-resolution spectra with 20 ≤ S/N &lt; 30 from LAMOST DR8 using LASSO-MLP, and released the estimation catalog, learned model, experimental code, trained model, training data and test data for scientific exploration and algorithm study.",7,Research in Astronomy and Astrophysics,https://doi.org/10.1088/1674-4527/ac65e7,machine learning stellar parameter estimation spectra,2026-07-27T12:27:51Z,20260731_163351611581_offline_machine-learning-stellar-parameter-estimation-sp_n60_21a53a,0.5545,0.1959,0.2675,0.2174,high,0.3608,4,3
https://openalex.org/W2316951457,Stellar atmospheric parameter estimation using Gaussian process regression,Yude Bu; Jingchang Pan,2014,10.1093/mnras/stu2063,"As is well known, it is necessary to derive stellar parameters from massive amounts of spectral data automatically and efficiently. However, in traditional automatic methods such as artificial neural networks (ANNs) and kernel regression (KR), it is often difficult to optimize the algorithm structure and determine the optimal algorithm parameters. Gaussian process regression (GPR) is a recently developed method that has been proven to be capable of overcoming these difficulties. Here we apply GPR to derive stellar atmospheric parameters from spectra. Through evaluating the performance of GPR on Sloan Digital Sky Survey (SDSS) spectra, Medium resolution Isaac Newton Telescope Library of Empirical Spectra (MILES) spectra, ELODIE spectra and the spectra of member stars of galactic globular clusters, we conclude that GPR can derive stellar parameters accurately and precisely, especially when we use data preprocessed with principal component analysis (PCA). We then compare the performance of GPR with that of several widely used regression methods (ANNs, support-vector regression and KR) and find that with GPR it is easier to optimize structures and parameters and more efficient and accurate to extract atmospheric parameters.",31,Monthly Notices of the Royal Astronomical Society,https://doi.org/10.1093/mnras/stu2063,machine learning stellar parameter estimation spectra,2026-07-27T12:27:51Z,20260731_163351611581_offline_machine-learning-stellar-parameter-estimation-sp_n60_21a53a,0.4042,0.3937,0.0763,0.2985,high,0.3528,48,4
https://openalex.org/W4384201335,Machine learning in solar physics,A. Asensio Ramos; Mark C. M. Cheung; Iulia Chifu; R. Gafeira,2023,10.1007/s41116-023-00038-x,"Abstract The application of machine learning in solar physics has the potential to greatly enhance our understanding of the complex processes that take place in the atmosphere of the Sun. By using techniques such as deep learning, we are now in the position to analyze large amounts of data from solar observations and identify patterns and trends that may not have been apparent using traditional methods. This can help us improve our understanding of explosive events like solar flares, which can have a strong effect on the Earth environment. Predicting hazardous events on Earth becomes crucial for our technological society. Machine learning can also improve our understanding of the inner workings of the sun itself by allowing us to go deeper into the data and to propose more complex models to explain them. Additionally, the use of machine learning can help to automate the analysis of solar data, reducing the need for manual labor and increasing the efficiency of research in this field.",67,Living Reviews in Solar Physics,https://doi.org/10.1007/s41116-023-00038-x,machine learning stellar parameter estimation spectra,2026-07-27T12:27:51Z,20260731_163351611581_offline_machine-learning-stellar-parameter-estimation-sp_n60_21a53a,0.5246,0.1842,0.1043,0.1602,medium,0.3289,9,5
https://openalex.org/W2406349003,A survey of machine learning for big data processing,Junfei Qiu; Qihui Wu; Guoru Ding; Yuhua Xu; Shuo Feng,2016,10.1186/s13634-016-0355-x,"There is no doubt that big data are now rapidly expanding in all science and engineering domains. While the potential of these massive data is undoubtedly significant, fully making sense of them requires new ways of thinking and novel learning techniques to address the various challenges. In this paper, we present a literature survey of the latest advances in researches on machine learning for big data processing. First, we review the machine learning techniques and highlight some promising learning methods in recent studies, such as representation learning, deep learning, distributed and parallel learning, transfer learning, active learning, and kernel-based learning. Next, we focus on the analysis and discussions about the challenges and possible solutions of machine learning for big data. Following that, we investigate the close connections of machine learning with signal processing techniques for big data processing. Finally, we outline several open issues and research trends.",893,EURASIP Journal on Advances in Signal Processing,https://doi.org/10.1186/s13634-016-0355-x,machine learning stellar parameter estimation spectra,2026-07-27T12:27:51Z,20260731_163351611581_offline_machine-learning-stellar-parameter-estimation-sp_n60_21a53a,0.477,0.1357,0.2293,0.1638,medium,0.3079,21,6
https://openalex.org/W2920947047,The Challenge of Machine Learning in Space Weather: Nowcasting and Forecasting,Enrico Camporeale,2019,10.1029/2018sw002061,"Abstract The numerous recent breakthroughs in machine learning make imperative to carefully ponder how the scientific community can benefit from a technology that, although not necessarily new, is today living its golden age. This Grand Challenge review paper is focused on the present and future role of machine learning in Space Weather. The purpose is twofold. On one hand, we will discuss previous works that use machine learning for Space Weather forecasting, focusing in particular on the few areas that have seen most activity: the forecasting of geomagnetic indices, of relativistic electrons at geosynchronous orbits, of solar flares occurrence, of coronal mass ejection propagation time, and of solar wind speed. On the other hand, this paper serves as a gentle introduction to the field of machine learning tailored to the Space Weather community and as a pointer to a number of open challenges that we believe the community should undertake in the next decade. The recurring themes throughout the review are the need to shift our forecasting paradigm to a probabilistic approach focused on the reliable assessment of uncertainties, and the combination of physics‐based and machine learning approaches, known as gray box.",401,Space Weather,https://doi.org/10.1029/2018sw002061,machine learning stellar parameter estimation spectra,2026-07-27T12:27:51Z,20260731_163351611581_offline_machine-learning-stellar-parameter-estimation-sp_n60_21a53a,0.5083,0.1141,0.1312,0.1192,medium,0.307,13,7
https://openalex.org/W4372215216,Machine learning for observational cosmology,Kana Moriwaki; Takahiro Nishimichi; Naoki Yoshida,2023,10.1088/1361-6633/acd2ea,"An array of large observational programs using ground-based and space-borne telescopes is planned in the next decade. The forthcoming wide-field sky surveys are expected to deliver a sheer volume of data exceeding an exabyte. Processing the large amount of multiplex astronomical data is technically challenging, and fully automated technologies based on machine learning (ML) and artificial intelligence are urgently needed. Maximizing scientific returns from the big data requires community-wide efforts. We summarize recent progress in ML applications in observational cosmology. We also address crucial issues in high-performance computing that are needed for the data processing and statistical analysis.",34,Reports on Progress in Physics,https://doi.org/10.1088/1361-6633/acd2ea,machine learning stellar parameter estimation spectra,2026-07-27T12:27:51Z,20260731_163351611581_offline_machine-learning-stellar-parameter-estimation-sp_n60_21a53a,0.5008,0.1761,0.0416,0.1357,medium,0.3033,15,8
https://openalex.org/W4353102922,Estimating stellar parameters from LAMOST low-resolution spectra,Xiangru Li; Bo-Yu Lin,2023,10.1093/mnras/stad831,"ABSTRACT The Large Sky Area Multi-Object Fiber Spectroscopic Telescope (LAMOST) has acquired tens of millions of low-resolution spectra of stars. This paper investigates the parameter estimation problem for these spectra. To this end, we propose the deep learning model StarGRU network (StarGRUNet). This network is applied to estimate the stellar atmospheric physical parameters and 13 elemental abundances from LAMOST low-resolution spectra. On the spectra with signal-to-noise ratios greater than or equal to 5, the estimation precisions are 94 K and 0.16 dex on $T_\texttt {eff}$ and log g respectively, 0.07 to 0.10 dex on [C/H], [Mg/H], [Al/H], [Si/H], [Ca/H], [Ni/H] and [Fe/H], 0.10 to 0.16 dex on [O/H], [S/H], [K/H], [Ti/H] and [Mn/H], and 0.18 and 0.22 dex on [N/H] and [Cr/H]. The model shows advantages over other available models and high consistency with high-resolution surveys. We released the estimated catalogue computed from about 8.21 million low-resolution spectra in LAMOST DR8, code, trained model, and experimental data for astronomical science exploration and data processing algorithm research.",21,Monthly Notices of the Royal Astronomical Society,https://doi.org/10.1093/mnras/stad831,machine learning stellar parameter estimation spectra,2026-07-27T12:27:51Z,20260731_163351611581_offline_machine-learning-stellar-parameter-estimation-sp_n60_21a53a,0.5441,0.1697,0.1315,0.1582,medium,0.3012,5,9
https://openalex.org/W4363678967,A Novel Approach Utilizing Machine Learning for the Early Diagnosis of Alzheimer's Disease,Khandaker Mohammad Mohi Uddin; Mir Jafikul Alam; Jannat-E-Anawar; Md. Ashraf Uddin; Sunil Aryal,2023,10.1007/s44174-023-00078-9,nan,91,Biomedical Materials & Devices,https://doi.org/10.1007/s44174-023-00078-9,machine learning stellar parameter estimation spectra,2026-07-27T12:27:51Z,20260731_163351611581_offline_machine-learning-stellar-parameter-estimation-sp_n60_21a53a,0.4954,0.0941,0.0,0.0659,medium,0.2984,16,10
https://openalex.org/W4319592221,Deducing neutron star equation of state parameters directly from telescope spectra with uncertainty-aware machine learning,Delaney Farrell; Pierre Baldi; Jordan Ott; A. Ghosh; Andrew W. Steiner; Atharva Kavitkar; Lee Lindblom; D. Whiteson; Fridolin Weber,2023,10.1088/1475-7516/2023/02/016,"Abstract Neutron stars provide a unique laboratory for studying matter at extreme pressures and densities. While there is no direct way to explore their interior structure, X-rays emitted from these stars can indirectly provide clues to the equation of state (EOS) of the superdense nuclear matter through the inference of the star's mass and radius. However, inference of EOS directly from a star's X-ray spectra is extremely challenging and is complicated by systematic uncertainties. The current state of the art is to use simulation-based likelihoods in a piece-wise method which relies on certain theoretical assumptions and simplifications about the uncertainties. It first infers the star's mass and radius to reduce the dimensionality of the problem, and from those quantities infer the EOS. We demonstrate a series of enhancements to the state of the art, in terms of realistic uncertainty quantification and a path towards circumventing the need for theoretical assumptions to infer physical properties with machine learning. We also demonstrate novel inference of the EOS directly from the high-dimensional spectra of observed stars, avoiding the intermediate mass-radius step. Our network is conditioned on the sources of uncertainty of each star, allowing for natural and complete propagation of uncertainties to the EOS.",26,Journal of Cosmology and Astroparticle Physics,https://doi.org/10.1088/1475-7516/2023/02/016,machine learning stellar parameter estimation spectra,2026-07-27T12:27:51Z,20260731_163351611581_offline_machine-learning-stellar-parameter-estimation-sp_n60_21a53a,0.5582,0.173,0.04,0.1331,medium,0.296,3,11
https://openalex.org/W3155899199,Machine Learning Based Automatic Modulation Recognition for Wireless Communications: A Comprehensive Survey,Bachir Jdid; Kaïs Hassan; Iyad Dayoub; Wei Hong Lim; Mastaneh Mokayef,2021,10.1109/access.2021.3071801,"The rapid development of information and wireless communication technologies together with the large increase in the number of end-users have made the radio spectrum more crowded than ever. Besides, providing a stable and reliable service is challenging, as electromagnetic environments are evolving and becoming more sophisticated. Accordingly, there is an urgent need for more reliable and intelligent communication systems that can improve the spectrum efficiency and the quality of service to provide agile management of network resources, so as to better meet the needs of future wireless users. Specifically, Automatic Modulation Recognition (AMR) plays an essential role in most intelligent communication systems especially with the emergence of Software Defined Radio (SDR). AMR is an indispensable task while performing spectrum sensing in Cognitive Radio (CR). Thanks to the significant advancements in Deep Learning (DL) applications, new and powerful tools have been provided which can tackle problems in this space. Thus, today, integrating DL models into AMR has gained the attention of many researchers. This work aims to provide a comprehensive state-of-the-art review of the most recent Machine Learning (ML) based AMR methods for Single-Input Single-Output (SISO) and Multiple-Input Multiple-Output (MIMO) systems. Furthermore, the architecture of each model will be identified along with a detailed comparison in terms of specifications and performance. Finally, an outline of the open problems, challenges, and potential research directions is provided along with discussion and conclusion.",174,IEEE Access,https://doi.org/10.1109/access.2021.3071801,machine learning stellar parameter estimation spectra,2026-07-27T12:27:51Z,20260731_163351611581_offline_machine-learning-stellar-parameter-estimation-sp_n60_21a53a,0.5185,0.0989,0.0318,0.0788,medium,0.295,11,12
https://openalex.org/W4306248068,"Machine learning in electron microscopy for advanced nanocharacterization: current developments, available tools and future outlook",Marc Botifoll; Ivan Pinto‐Huguet; Jordi Arbiol,2022,10.1039/d2nh00377e,", high-energy physics, astronomy, Earth sciences, and even robotics, videogames, or marketing and finances), in order to narrow down the incoming future of electron microscopy, its challenges and outlook.",124,Nanoscale Horizons,https://doi.org/10.1039/d2nh00377e,machine learning stellar parameter estimation spectra,2026-07-27T12:27:51Z,20260731_163351611581_offline_machine-learning-stellar-parameter-estimation-sp_n60_21a53a,0.4864,0.0868,0.0,0.0608,medium,0.2917,18,13
https://openalex.org/W4388221752,Machine Learning Model for Leak Detection Using Water Pipeline Vibration Sensor,Suan Lee; B. Kim,2023,10.3390/s23218935,"Water leakage from aging water and wastewater pipes is a persistent problem, necessitating the improvement of existing leak detection and response methods. In this study, we conducted an analysis of essential features based on data collected from leak detection sensors installed at water meter boxes and water outlets of pipelines. The water pipeline data collected through the vibration sensor were preprocessed by converting it into a tabular form by frequency band and applied to various machine learning models. The characteristics of each model were analyzed, and XGBoost was selected as the most suitable leak detection model with a high accuracy of 99.79%. These systems can effectively reduce leak detection and response time, minimize water waste, and minimize economic losses. Additionally, this technology can be applied to various fields that utilize water pipes, making it widely applicable.",54,Sensors,https://doi.org/10.3390/s23218935,machine learning stellar parameter estimation spectra,2026-07-27T12:27:51Z,20260731_163351611581_offline_machine-learning-stellar-parameter-estimation-sp_n60_21a53a,0.517,0.1017,0.0257,0.0789,medium,0.2913,12,14
https://openalex.org/W4389613706,Deducing neutron star equation of state from telescope spectra with machine-learning-derived likelihoods,Delaney Farrell; Pierre Baldi; Jordan Ott; A. Ghosh; Andrew W. Steiner; Atharva Kavitkar; Lee Lindblom; D. Whiteson; Fridolin Weber,2023,10.1088/1475-7516/2023/12/022,"Abstract The interiors of neutron stars reach densities and temperatures beyond the limits of terrestrial experiments, providing vital laboratories for probing nuclear physics. While the star's interior is not directly observable, its pressure and density determine the star's macroscopic structure which affects the spectra observed in telescopes. The relationship between the observations and the internal state is complex and partially intractable, presenting difficulties for inference. Previous work has focused on the regression from stellar spectra of parameters describing the internal state. We demonstrate a calculation of the full likelihood of the internal state parameters given observations, accomplished by replacing intractable elements with machine learning models trained on samples of simulated stars. Our machine-learning-derived likelihood allows us to perform maximum a posteriori estimation of the parameters of interest, as well as full scans. We demonstrate the technique by inferring stellar mass and radius from an individual stellar spectrum, as well as equation of state parameters from a set of spectra. Our results are more precise than pure regression models, reducing the width of the parameter residuals by 11.8% in the most realistic scenario. The neural networks will be released as a tool for fast simulation of neutron star properties and observed spectra.",8,Journal of Cosmology and Astroparticle Physics,https://doi.org/10.1088/1475-7516/2023/12/022,machine learning stellar parameter estimation spectra,2026-07-27T12:27:51Z,20260731_163351611581_offline_machine-learning-stellar-parameter-estimation-sp_n60_21a53a,0.5788,0.1868,0.1618,0.1793,medium,0.2882,2,15
https://openalex.org/W2623459029,Photometric redshift estimation via deep learning,Antonio D’Isanto; Kai Lars Polsterer,2017,10.1051/0004-6361/201731326,"Context. The need to analyze the available large synoptic multi-band surveys drives the development of new data-analysis methods. Photometric redshift estimation is one field of application where such new methods improved the results, substantially. Up to now, the vast majority of applied redshift estimation methods have utilized photometric features. Aims. We aim to develop a method to derive probabilistic photometric redshift directly from multi-band imaging data, rendering pre-classification of objects and feature extraction obsolete. Methods. A modified version of a deep convolutional network was combined with a mixture density network. The estimates are expressed as Gaussian mixture models representing the probability density functions (PDFs) in the redshift space. In addition to the traditional scores, the continuous ranked probability score (CRPS) and the probability integral transform (PIT) were applied as performance criteria. We have adopted a feature based random forest and a plain mixture density network to compare performances on experiments with data from SDSS (DR9). Results. We show that the proposed method is able to predict redshift PDFs independently from the type of source, for example galaxies, quasars or stars. Thereby the prediction performance is better than both presented reference methods and is comparable to results from the literature. Conclusions. The presented method is extremely general and allows us to solve of any kind of probabilistic regression problems based on imaging data, for example estimating metallicity or star formation rate of galaxies. This kind of methodology is tremendously important for the next generation of surveys.",162,Astronomy and Astrophysics,https://doi.org/10.1051/0004-6361/201731326,machine learning stellar parameter estimation spectra,2026-07-27T12:27:51Z,20260731_163351611581_offline_machine-learning-stellar-parameter-estimation-sp_n60_21a53a,0.4159,0.2263,0.0424,0.1712,medium,0.2822,44,16
https://openalex.org/W3009147880,Accurate Machine-learning Atmospheric Retrieval via a Neural-network Surrogate Model for Radiative Transfer,Michael D. Himes; Joseph Harrington; Adam D. Cobb; Atılım Güneş Baydin; Frank Soboczenski; Molly D. O’Beirne; Simone Zorzan; David Wright; Zacchaeus Scheffer; Shawn Domagal‐Goldman; Giada Arney,2022,10.3847/psj/abe3fd,"Abstract Atmospheric retrieval determines the properties of an atmosphere based on its measured spectrum. The low signal-to-noise ratios of exoplanet observations require a Bayesian approach to determine posterior probability distributions of each model parameter, given observed spectra. This inference is computationally expensive, as it requires many executions of a costly radiative transfer (RT) simulation for each set of sampled model parameters. Machine learning (ML) has recently been shown to provide a significant reduction in runtime for retrievals, mainly by training inverse ML models that predict parameter distributions, given observed spectra, albeit with reduced posterior accuracy. Here we present a novel approach to retrieval by training a forward ML surrogate model that predicts spectra given model parameters, providing a fast approximate RT simulation that can be used in a conventional Bayesian retrieval framework without significant loss of accuracy. We demonstrate our method on the emission spectrum of HD 189733 b and find good agreement with a traditional retrieval from the Bayesian Atmospheric Radiative Transfer (BART) code (Bhattacharyya coefficients of 0.9843–0.9972, with a mean of 0.9925, between 1D marginalized posteriors). This accuracy comes while still offering significant speed enhancements over traditional RT, albeit not as much as ML methods with lower posterior accuracy. Our method is ∼9× faster per parallel chain than BART when run on an AMD EPYC 7402P central processing unit (CPU). Neural-network computation using an NVIDIA Titan Xp graphics processing unit is 90×–180× faster per chain than BART on that CPU.",40,The Planetary Science Journal,https://doi.org/10.3847/psj/abe3fd,machine learning stellar parameter estimation spectra,2026-07-27T12:27:51Z,20260731_163351611581_offline_machine-learning-stellar-parameter-estimation-sp_n60_21a53a,0.5265,0.095,0.0867,0.0925,medium,0.2778,7,17
https://openalex.org/W2907474932,Star formation rates and stellar masses from machine learning,V. Bonjean; N. Aghanim; P. Salomé; A. Beelen; M. Douspis; E. Soubrié,2019,10.1051/0004-6361/201833972,"Star-formation activity is a key property to probe the structure formation and hence characterise the large-scale structures of the universe. This information can be deduced from the star formation rate (SFR) and the stellar mass ( M ⋆ ), both of which, but especially the SFR, are very complex to estimate. Determining these quantities from UV, optical, or IR luminosities relies on complex modeling and on priors on galaxy types. We propose a method based on the machine-learning algorithm Random Forest to estimate the SFR and the M ⋆ of galaxies at redshifts in the range 0.01 &lt; z &lt; 0.3, independent of their type. The machine-learning algorithm takes as inputs the redshift, WISE luminosities, and WISE colours in near-IR, and is trained on spectra-extracted SFR and M ⋆ from the SDSS MPA-JHU DR8 catalogue as outputs. We show that our algorithm can accurately estimate SFR and M ⋆ with scatters of σ SFR = 0.38 dex and σ M ⋆ = 0.16 dex for SFR and stellar mass, respectively, and that it is unbiased with respect to redshift or galaxy type. The full-sky coverage of the WISE satellite allows us to characterise the star-formation activity of all galaxies outside the Galactic mask with spectroscopic redshifts in the range 0.01 &lt; z &lt; 0.3. The method can also be applied to photometric-redshift catalogues, with best scatters of σ SFR = 0.42 dex and σ M ⋆ = 0.24 dex obtained in the redshift range 0.1 &lt; z &lt; 0.3.",53,Astronomy and Astrophysics,https://doi.org/10.1051/0004-6361/201833972,machine learning stellar parameter estimation spectra,2026-07-27T12:27:51Z,20260731_163351611581_offline_machine-learning-stellar-parameter-estimation-sp_n60_21a53a,0.523,0.2052,0.0565,0.1606,medium,0.2756,10,18
https://openalex.org/W4396945058,Using autoencoders and deep transfer learning to determine the stellar parameters of 286 CARMENES M dwarfs,P. Mas-Buitrago; Ana González‐Marcos; E. Solano; V. M. Passegger; M. Cortés‐Contreras; Joaquín Ordieres‐Meré; A. Bello-García; J. A. Caballero; A. Schweitzer; H. M. Tabernero; D. Montes; C. Cifuentes,2024,10.1051/0004-6361/202449865,"Context . Deep learning (DL) techniques are a promising approach among the set of methods used in the ever-challenging determination of stellar parameters in M dwarfs. In this context, transfer learning could play an important role in mitigating uncertainties in the results due to the synthetic gap (i.e. difference in feature distributions between observed and synthetic data). Aims . We propose a feature-based deep transfer learning (DTL) approach based on autoencoders to determine stellar parameters from high-resolution spectra. Using this methodology, we provide new estimations for the effective temperature, surface gravity, metallicity, and projected rotational velocity for 286 M dwarfs observed by the CARMENES survey. Methods . Using autoencoder architectures, we projected synthetic PHOENIX-ACES spectra and observed CARMENES spectra onto a new feature space of lower dimensionality in which the differences between the two domains are reduced. We used this low-dimensional new feature space as input for a convolutional neural network to obtain the stellar parameter determinations. Results . We performed an extensive analysis of our estimated stellar parameters, ranging from 3050 to 4300 K, 4.7 to 5.1 dex, and −0.53 to 0.25 dex for T eff , log 𝑔, and [Fe/H], respectively. Our results are broadly consistent with those of recent studies using CARMENES data, with a systematic deviation in our T eff scale towards hotter values for estimations above 3750 K. Furthermore, our methodology mitigates the deviations in metallicity found in previous DL techniques due to the synthetic gap. Conclusions . We consolidated a DTL-based methodology to determine stellar parameters in M dwarfs from synthetic spectra, with no need for high-quality measurements involved in the knowledge transfer. These results suggest the great potential of DTL to mitigate the differences in feature distributions between the observations and the PHOENIX-ACES spectra.",14,Astronomy and Astrophysics,https://doi.org/10.1051/0004-6361/202449865,machine learning stellar parameter estimation spectra,2026-07-27T12:27:51Z,20260731_163351611581_offline_machine-learning-stellar-parameter-estimation-sp_n60_21a53a,0.5304,0.0739,0.1095,0.0846,medium,0.2746,6,19
https://openalex.org/W3118558754,mirkwood: Fast and Accurate SED Modeling Using Machine Learning,Sankalp Gilda; Sidney Lower; Desika Narayanan,2021,10.3847/1538-4357/ac0058,"Abstract Traditional spectral energy distribution (SED) fitting codes used to derive galaxy physical properties are often uncertain at the factor of a few level owing to uncertainties in galaxy star formation histories and dust attenuation curves. Beyond this, Bayesian fitting (which is typically used in SED fitting software) is an intrinsically compute-intensive task, often requiring access to expensive hardware for long periods of time. To overcome these shortcomings, we have developed mirkwood : a user-friendly tool comprising an ensemble of supervised machine-learning-based models capable of nonlinearly mapping galaxy fluxes to their properties. By stacking multiple models, we marginalize against any individual model’s poor performance in a given region of the parameter space. We demonstrate mirkwood 's significantly improved performance over traditional techniques by training it on a combined data set of mock photometry of z = 0 galaxies from the Simba , Eagle, and IllustrisTNG cosmological simulations, and comparing the derived results with those obtained from traditional SED fitting techniques. mirkwood is also able to account for uncertainties arising both from intrinsic noise in observations, and from finite training data and incorrect modeling assumptions. To increase the added value to the observational community, we use Shapley value explanations to fairly evaluate the relative importance of different bands to understand why particular predictions were reached. We envisage mirkwood to be an evolving, open-source framework that will provide highly accurate physical properties from observations of galaxies as compared to traditional SED fitting.",33,The Astrophysical Journal,https://doi.org/10.3847/1538-4357/ac0058,machine learning stellar parameter estimation spectra,2026-07-27T12:27:51Z,20260731_163351611581_offline_machine-learning-stellar-parameter-estimation-sp_n60_21a53a,0.4798,0.1212,0.0462,0.0987,medium,0.2638,20,20
https://openalex.org/W4286669192,The stellar parameters and elemental abundances from low-resolution spectra – I. 1.2 million giants from LAMOST DR8,Zhuohan Li; Gang Zhao; Yuqin Chen; Xilong Liang; Jingkun Zhao,2022,10.1093/mnras/stac1959,"ABSTRACT As a typical data-driven method, deep learning becomes a natural choice for analysing astronomical data. In this study, we built a deep convolutional neural network (NN) to estimate basic stellar parameters $T\rm {_{eff}}$, log g, metallicity ([M/H] and [Fe/H]) and [α/M] along with nine individual elemental abundances ([C/Fe], [N/Fe], [O/Fe], [Mg/Fe], [Al/Fe], [Si/Fe], [Ca/Fe], [Mn/Fe], and [Ni/Fe]). The NN is trained using common stars between the APOGEE survey and the LAMOST survey. We used low-resolution spectra from LAMOST survey as input, and measurements from APOGEE as labels. For stellar spectra with the signal-to-noise ratio in g band larger than 10 in the test set, the mean absolute error (MAE) is 29 K for $T\rm {_{eff}}$, 0.07 dex for log g, 0.03 dex for both [Fe/H] and [M/H], and 0.02 dex for [α/M]. The MAE of most elements is between 0.02 and 0.04 dex. The trained NN was applied to 1210 145 giants, including sub-giants, from LAMOST DR8 within the range of stellar parameters 3500 K &amp;lt; $T\rm {_{eff}}$ &amp;lt; 5500 K, 0.0 dex &amp;lt; log g &amp;lt; 4.0 dex, −2.5 dex &amp;lt; [Fe/H] &amp;lt; 0.5 dex. The distribution of our results in the chemical spaces is highly consistent with APOGEE labels and stellar parameters show consistency with external high-resolution measurements from GALAH. The results in this study allow us to further studies based on LAMOST data and deepen our understanding of the accretion and evolution history of the Milky Way. The electronic version of the value added catalog is available at http://www.lamost.org/dr8/v1.1/doc/vac.",24,Monthly Notices of the Royal Astronomical Society,https://doi.org/10.1093/mnras/stac1959,machine learning stellar parameter estimation spectra,2026-07-27T12:27:51Z,20260731_163351611581_offline_machine-learning-stellar-parameter-estimation-sp_n60_21a53a,0.4887,0.1035,0.0403,0.0846,medium,0.2628,17,21
https://openalex.org/W2977076818,Galaxy morphological classification in deep-wide surveys via unsupervised machine learning,Garreth Martin; Sugata Kaviraj; Anne M. Hocking; S. Read; J. E. Geach,2019,10.1093/mnras/stz3006,"ABSTRACT Galaxy morphology is a fundamental quantity, which is essential not only for the full spectrum of galaxy-evolution studies, but also for a plethora of science in observational cosmology (e.g. as a prior for photometric-redshift measurements and as contextual data for transient light-curve classifications). While a rich literature exists on morphological-classification techniques, the unprecedented data volumes, coupled, in some cases, with the short cadences of forthcoming ‘Big-Data’ surveys (e.g. from the LSST), present novel challenges for this field. Large data volumes make such data sets intractable for visual inspection (even via massively distributed platforms like Galaxy Zoo), while short cadences make it difficult to employ techniques like supervised machine learning, since it may be impractical to repeatedly produce training sets on short time-scales. Unsupervised machine learning, which does not require training sets, is ideally suited to the morphological analysis of new and forthcoming surveys. Here, we employ an algorithm that performs clustering of graph representations, in order to group image patches with similar visual properties and objects constructed from those patches, like galaxies. We implement the algorithm on the Hyper-Suprime-Cam Subaru-Strategic-Program Ultra-Deep survey, to autonomously reduce the galaxy population to a small number (160) of ‘morphological clusters’, populated by galaxies with similar morphologies, which are then benchmarked using visual inspection. The morphological classifications (which we release publicly) exhibit a high level of purity, and reproduce known trends in key galaxy properties as a function of morphological type at z &amp;lt; 1 (e.g. stellar-mass functions, rest-frame colours, and the position of galaxies on the star-formation main sequence). Our study demonstrates the power of unsupervised machine learning in performing accurate morphological analysis, which will become indispensable in this new era of deep-wide surveys.",84,Monthly Notices of the Royal Astronomical Society,https://doi.org/10.1093/mnras/stz3006,machine learning stellar parameter estimation spectra,2026-07-27T12:27:51Z,20260731_163351611581_offline_machine-learning-stellar-parameter-estimation-sp_n60_21a53a,0.4726,0.1038,0.0647,0.0921,medium,0.259,23,22
https://openalex.org/W2949389789,Information-rich localization microscopy through machine learning,Taehwan Kim; Seonah Moon; Ke Xu,2019,10.1038/s41467-019-10036-z,"Recent years have witnessed the development of single-molecule localization microscopy as a generic tool for sampling diverse biologically relevant information at the super-resolution level. While current approaches often rely on the target-specific alteration of the point spread function to encode the multidimensional contents of single fluorophores, the details of the point spread function in an unmodified microscope already contain rich information. Here we introduce a data-driven approach in which artificial neural networks are trained to make a direct link between an experimental point spread function image and its underlying, multidimensional parameters, and compare results with alternative approaches based on maximum likelihood estimation. To demonstrate this concept in real systems, we decipher in fixed cells both the colors and the axial positions of single molecules in regular localization microscopy data.",55,Nature Communications,https://doi.org/10.1038/s41467-019-10036-z,machine learning stellar parameter estimation spectra,2026-07-27T12:27:51Z,20260731_163351611581_offline_machine-learning-stellar-parameter-estimation-sp_n60_21a53a,0.4176,0.1249,0.0304,0.0966,medium,0.2508,43,23
https://openalex.org/W4213268716,Deep learning application for stellar parameters determination: I-constraining the hyperparameters,M. Gebran; Kathleen Connick; Hikmat Farhat; F. Paletou; Ian Bentley,2022,10.1515/astro-2022-0007,"Abstract Machine learning is an efficient method for analysing and interpreting the increasing amount of astronomical data that are available. In this study, we show a pedagogical approach that should benefit anyone willing to experiment with deep learning techniques in the context of stellar parameter determination. Using the convolutional neural network architecture, we give a step-by-step overview of how to select the optimal parameters for deriving the most accurate values for the stellar parameters of stars: <m:math xmlns:m=""http://www.w3.org/1998/Math/MathML""> <m:msub> <m:mrow> <m:mi>T</m:mi> </m:mrow> <m:mrow> <m:mi mathvariant=""normal"">eff</m:mi> </m:mrow> </m:msub> </m:math> {T}_{{\rm{eff}}} , <m:math xmlns:m=""http://www.w3.org/1998/Math/MathML""> <m:mi>log</m:mi> <m:mi>g</m:mi> </m:math> \log g , [M/H], and <m:math xmlns:m=""http://www.w3.org/1998/Math/MathML""> <m:msub> <m:mrow> <m:mi>v</m:mi> </m:mrow> <m:mrow> <m:mi>e</m:mi> </m:mrow> </m:msub> <m:mi>sin</m:mi> <m:mi>i</m:mi> </m:math> {v}_{e}\sin i . Synthetic spectra with random noise were used to constrain this method and to mimic the observations. We found that each stellar parameter requires a different combination of network hyperparameters and the maximum accuracy reached depends on this combination as well as the signal-to-noise ratio of the observations, and the architecture of the network. We also show that this technique can be applied to other spectral-types in different wavelength ranges after the technique has been optimized.",13,Open Astronomy,https://doi.org/10.1515/astro-2022-0007,machine learning stellar parameter estimation spectra,2026-07-27T12:27:51Z,20260731_163351611581_offline_machine-learning-stellar-parameter-estimation-sp_n60_21a53a,0.5079,0.0962,0.0468,0.0814,medium,0.2476,14,24
https://openalex.org/W2923111827,Learning the relationship between galaxies spectra and their star formation histories using convolutional neural networks and cosmological simulations,Christopher C. Lovell; Viviana Acquaviva; P. Thomas; Kartheik G. Iyer; Eric Gawiser; Stephen M. Wilkins,2019,10.1093/mnras/stz2851,"ABSTRACT We present a new method for inferring galaxy star formation histories (SFH) using machine learning methods coupled with two cosmological hydrodynamic simulations. We train convolutional neural networks to learn the relationship between synthetic galaxy spectra and high-resolution SFHs from the eagle and Illustris models. To evaluate our SFH reconstruction we use Symmetric Mean Absolute Percentage Error (SMAPE), which acts as a true percentage error in the low error regime. On dust-attenuated spectra we achieve high test accuracy (median SMAPE = 10.5 per cent). Including the effects of simulated observational noise increases the error (12.5 per cent), however this is alleviated by including multiple realizations of the noise, which increases the training set size and reduces overfitting (10.9 per cent). We also make estimates for the observational and modelling errors. To further evaluate the generalization properties we apply models trained on one simulation to spectra from the other, which leads to only a small increase in the error (median SMAPE $\sim 15{\,{\rm {per\, cent}}}$). We apply each trained model to SDSS DR7 spectra, and find smoother histories than in the $\textsf{vespa}$ catalogue. This new approach complements the results of existing spectral energy distribution fitting techniques, providing SFHs directly motivated by the results of the latest cosmological simulations.",47,Monthly Notices of the Royal Astronomical Society,https://doi.org/10.1093/mnras/stz2851,machine learning stellar parameter estimation spectra,2026-07-27T12:27:51Z,20260731_163351611581_offline_machine-learning-stellar-parameter-estimation-sp_n60_21a53a,0.4521,0.1085,0.0593,0.0937,medium,0.246,29,25
https://openalex.org/W2808054733,Empirical Relations for the Accurate Estimation of Stellar Masses and Radii,Andy Moya; Federico Zuccarino; William J. Chaplin; Guy R. Davies,2018,10.3847/1538-4365/aacdae,"Abstract In this work, we have taken advantage of the most recent accurate stellar characterizations carried out using asteroseismology, eclipsing binaries and interferometry to evaluate a comprehensive set of empirical relations for the estimation of stellar masses and radii. We have gathered a total of 934 stars—of which around two-thirds are on the main sequence—that are characterized with different levels of precision, most of them having estimates of M , R , T eff , L , g , ρ, and [Fe/H]. We have deliberately used a heterogeneous sample (in terms of characterizing techniques and spectroscopic types) to reduce the influence of possible biases coming from the observation, reduction, and analysis methods used to obtain the stellar parameters. We have studied a total of 576 linear combinations of T eff , L , g , ρ, and [Fe/H] (and their logarithms) to be used as independent variables to estimate M or R . We have used an error-in-variables linear regression algorithm to extract the relations and to ensure the fair treatment of the uncertainties. We present a total of 38 new or revised relations that have an adj- R 2 regression statistic higher than 0.85, and a relative accuracy and precision better than 10% for almost all the cases. The relations cover almost all the possible combinations of observables, ensuring that, whatever list of observables is available, there is at least one relation for estimating the stellar mass and radius.",33,The Astrophysical Journal Supplement Series,https://doi.org/10.3847/1538-4365/aacdae,machine learning stellar parameter estimation spectra,2026-07-27T12:27:51Z,20260731_163351611581_offline_machine-learning-stellar-parameter-estimation-sp_n60_21a53a,0.3998,0.1611,0.0488,0.1274,medium,0.2392,50,26
https://openalex.org/W2107414671,The ilium forward modelling algorithm for multivariate parameter estimation and its application to derive stellar parameters from<i>Gaia</i>spectrophotometry,C. A. L. Bailer‐Jones,2010,10.1111/j.1365-2966.2009.16125.x,"I introduce an algorithm for estimating parameters from multidimensional data based on forward modelling. It performs an iterative local search to effectively achieve a non-linear interpolation of a template grid. In contrast to many machine-learning approaches, it avoids fitting an inverse model and the problems associated with this. The algorithm makes explicit use of the sensitivities of the data to the parameters, with the goal of better treating parameters which only have a weak impact on the data. The forward modelling approach provides uncertainty (full covariance) estimates in the predicted parameters as well as a goodness-of-fit for observations, thus providing a simple means of identifying outliers. I demonstrate the algorithm, &lt;scp&gt;ilium&lt;/scp&gt;, with the estimation of stellar astrophysical parameters (APs) from simulations of the low-resolution spectrophotometry to be obtained by &lt;it&gt;Gaia&lt;/it&gt;. The AP accuracy is competitive with that obtained by a support vector machine. For zero extinction stars covering a wide range of metallicity, surface gravity and temperature, &lt;scp&gt;ilium&lt;/scp&gt; can estimate &lt;it&gt;T&lt;/it&gt;&lt;inf&gt;eff&lt;/inf&gt; to an accuracy of 0.3 per cent at &lt;it&gt;G&lt;/it&gt;= 15 and to 4 per cent for (lower signal-to-noise ratio) spectra at &lt;it&gt;G&lt;/it&gt;= 20, the &lt;it&gt;Gaia&lt;/it&gt; limiting magnitude (mean absolute errors are quoted). [Fe/H] and log &lt;it&gt;g&lt;/it&gt; can be estimated to accuracies of 0.1–0.4 dex for stars with &lt;it&gt;G&lt;/it&gt;≤ 18.5, depending on the magnitude and what priors we can place on the APs. If extinction varies a priori over a wide range (0–10 mag) – which will be the case with &lt;it&gt;Gaia&lt;/it&gt; because it is an all-sky survey – then log &lt;it&gt;g&lt;/it&gt; and [Fe/H] can still be estimated to 0.3 and 0.5 dex, respectively, at &lt;it&gt;G&lt;/it&gt;= 15, but much poorer at &lt;it&gt;G&lt;/it&gt;= 18.5. &lt;it&gt;T&lt;/it&gt;&lt;inf&gt;eff&lt;/inf&gt; and &lt;it&gt;A&lt;inf&gt;V&lt;/inf&gt;&lt;/it&gt; can be estimated quite accurately (3–4 per cent and 0.1–0.2 mag, respectively, at &lt;it&gt;G&lt;/it&gt;= 15), but there is a strong and ubiquitous degeneracy in these parameters which limits our ability to estimate either accurately at faint magnitudes. Using the forward model, we can map these degeneracies (in advance) and thus provide a complete probability distribution over solutions. Additional information from the &lt;it&gt;Gaia&lt;/it&gt; parallaxes, other surveys or suitable priors should help reduce these degeneracies.",38,Monthly Notices of the Royal Astronomical Society,https://doi.org/10.1111/j.1365-2966.2009.16125.x,machine learning stellar parameter estimation spectra,2026-07-27T12:27:51Z,20260731_163351611581_offline_machine-learning-stellar-parameter-estimation-sp_n60_21a53a,0.4713,0.2465,0.0211,0.1789,medium,0.2391,24,27
https://openalex.org/W2211251945,Stellar parametrization from<i>Gaia</i>RVS spectra,A. Recio–Blanco; P. de Laverny; C. Allende Prieto; Diego Fustes; M. Manteiga; B. Arcay; A. Bijaoui; Carlos Dafonte; C. Ordénovic; Diego Ordóñez Blanco,2015,10.1051/0004-6361/201425030,"Context. Among the myriad of data collected by the ESA Gaia satellite, about 150 million spectra will be delivered by the Radial Velocity Spectrometer (RVS) for stars as faint as GRVS~ 16. A specific stellar parametrization will be performed on most of these RVS spectra, i.e. those with enough high signal-to-noise ratio (S/N), which should correspond to single stars that have a magnitude in the RVS band brighter than ~14.5. Some individual chemical abundances will also be estimated for the brightest targets.",88,Astronomy and Astrophysics,https://doi.org/10.1051/0004-6361/201425030,machine learning stellar parameter estimation spectra,2026-07-27T12:27:51Z,20260731_163351611581_offline_machine-learning-stellar-parameter-estimation-sp_n60_21a53a,0.3943,0.1624,0.0467,0.1277,medium,0.2384,51,28
https://openalex.org/W3088227899,Machines learn to infer stellar parameters just by looking at a large number of spectra,Nima Sedaghat; M. Romaniello; Jonathan Carrick; F.‐X. Pineau,2020,10.1093/mnras/staa3540,"ABSTRACT Machine learning has been widely applied to clearly defined problems of astronomy and astrophysics. However, deep learning and its conceptual differences to classical machine learning have been largely overlooked in these fields. The broad hypothesis behind our work is that letting the abundant real astrophysical data speak for itself, with minimal supervision and no labels, can reveal interesting patterns that may facilitate discovery of novel physical relationships. Here, as the first step, we seek to interpret the representations a deep convolutional neural network chooses to learn, and find correlations in them with current physical understanding. We train an encoder–decoder architecture on the self-supervised auxiliary task of reconstruction to allow it to learn general representations without bias towards any specific task. By exerting weak disentanglement at the information bottleneck of the network, we implicitly enforce interpretability in the learned features. We develop two independent statistical and information-theoretical methods for finding the number of learned informative features, as well as measuring their true correlation with astrophysical validation labels. As a case study, we apply this method to a data set of ∼270 000 stellar spectra, each of which comprising ∼300 000 dimensions. We find that the network clearly assigns specific nodes to estimate (notions of) parameters such as radial velocity and effective temperature without being asked to do so, all in a completely physics-agnostic process. This supports the first part of our hypothesis. Moreover, we find with high confidence that there are ∼4 more independently informative dimensions that do not show a direct correlation with our validation parameters, presenting potential room for future studies.",18,Monthly Notices of the Royal Astronomical Society,https://doi.org/10.1093/mnras/staa3540,machine learning stellar parameter estimation spectra,2026-07-27T12:27:51Z,20260731_163351611581_offline_machine-learning-stellar-parameter-estimation-sp_n60_21a53a,0.4589,0.1033,0.071,0.0936,medium,0.2358,26,29
https://openalex.org/W2006997511,Automatic stellar spectra parameterisation in the IR Ca ii triplet region,G. Kordopatis; A. Recio–Blanco; P. de Laverny; A. Bijaoui; V. Hill; G. Gilmore; R. F. G. Wyse; C. Ordénovic,2011,10.1051/0004-6361/201117372,"Context. Galactic archaeology aims to determine the evolution of the Galaxy from the chemical and kinematical properties of its individual stars. This requires the analysis of data from large spectroscopic surveys, with sample sizes in tens of thousands at present, with millions of stars being reached in the near future. Such large samples require automated analysis techniques and classification algorithms to obtain robust estimates of the stellar parameter values. Several on-going and planned spectroscopic surveys have selected their wavelength region to contain the IR Ca ii triplet (~λλ 8500 Å) and the work presented in this paper focuses on the automatic analysis of such spectra.",83,Astronomy and Astrophysics,https://doi.org/10.1051/0004-6361/201117372,machine learning stellar parameter estimation spectra,2026-07-27T12:27:51Z,20260731_163351611581_offline_machine-learning-stellar-parameter-estimation-sp_n60_21a53a,0.4122,0.1213,0.0729,0.1068,medium,0.2286,46,30
https://openalex.org/W2139768786,Oscillation frequencies for 35<i>Kepler</i>solar-type planet-hosting stars using Bayesian techniques and machine learning,G. R. Davies; V. Silva Aguirre; T. R. Bedding; R. Handberg; Mikkel N. Lund; W. J. Chaplin; Daniel Huber; T. R. White; O. Benomar; S. Hekker; Sarbani Basu; T. L. Campante; J. Christensen‐Dalsgaard; Y. Elsworth; C. Karoff; H. Kjeldsen; M. Lundkvist; Τ. S. Metcalfe; Dennis Stello,2015,10.1093/mnras/stv2593,"Kepler has revolutionized our understanding of both exoplanets and their host stars. Asteroseismology is a valuable tool in the characterization of stars and Kepler is an excellent observing facility to perform asteroseismology. Here we select a sample of 35 Kepler solar-type stars which host transiting exoplanets (or planet candidates) with detected solar-like oscillations. Using available Kepler short cadence data up to Quarter 16 we create power spectra optimized for asteroseismology of solar-type stars. We identify modes of oscillation and estimate mode frequencies by ‘peak bagging’ using a Bayesian Markov Chain Monte Carlo framework. In addition, we expand the methodology of quality assurance using a Bayesian unsupervised machine learning approach. We report the measured frequencies of the modes of oscillation for all 35 stars and frequency ratios commonly used in detailed asteroseismic modelling. Due to the high correlations associated with frequency ratios we report the covariance matrix of all frequencies measured and frequency ratios calculated. These frequencies, frequency ratios, and covariance matrices can be used to obtain tight constraint on the fundamental parameters of these planet-hosting stars.",153,Monthly Notices of the Royal Astronomical Society,https://doi.org/10.1093/mnras/stv2593,machine learning stellar parameter estimation spectra,2026-07-27T12:27:51Z,20260731_163351611581_offline_machine-learning-stellar-parameter-estimation-sp_n60_21a53a,0.4339,0.0824,0.0339,0.0679,medium,0.2275,33,31
https://openalex.org/W2375984290,Stellar classification from single-band imaging using machine learning,T. Kuntzer; M. Tewes; F. Courbin,2016,10.1051/0004-6361/201628660,"Information on the spectral types of stars is of great interest in view of the exploitation of space-based imaging surveys. In this article, we investigate the classification of stars into spectral types using only the shape of their diffraction pattern in a single broad-band image. We propose a supervised machine learning approach to this endeavour, based on principal component analysis (PCA) for dimensionality reduction, followed by artificial neural networks (ANNs) estimating the spectral type. Our analysis is performed with image simulations mimicking the Hubble Space Telescope (HST) Advanced Camera for Surveys (ACS) in the F606W and F814W bands, as well as the Euclid VIS imager. We first demonstrate this classification in a simple context, assuming perfect knowledge of the point spread function (PSF) model and the possibility of accurately generating mock training data for the machine learning. We then analyse its performance in a fully data-driven situation, in which the training would be performed with a limited subset of bright stars from a survey, and an unknown PSF with spatial variations across the detector. We use simulations of main-sequence stars with flat distributions in spectral type and in signal-to-noise ratio, and classify these stars into 13 spectral subclasses, from O5 to M5. Under these conditions, the algorithm achieves a high success rate both for Euclid and HST images, with typical errors of half a spectral class. Although more detailed simulations would be needed to assess the performance of the algorithm on a specific survey, this shows that stellar classification from single-band images is well possible.",37,Astronomy and Astrophysics,https://doi.org/10.1051/0004-6361/201628660,machine learning stellar parameter estimation spectra,2026-07-27T12:27:51Z,20260731_163351611581_offline_machine-learning-stellar-parameter-estimation-sp_n60_21a53a,0.4304,0.1711,0.0525,0.1355,medium,0.2211,38,32
https://openalex.org/W2963887511,ASTEROSEISMIC-BASED ESTIMATION OF THE SURFACE GRAVITY FOR THE LAMOST GIANT STARS,Chao Liu; Min Fang; Yue Wu; Licai Deng; Liang Wang; Wei Wang; Jian-Ning Fu; Yonghui Hou; Guangwei Li; Yong Zhang,2015,10.1088/0004-637x/807/1/4,"Asteroseismology is one of the most accurate approaches to estimate the surface gravity of a star. However, most of the data from the current spectroscopic surveys do not have asteroseismic measurements, which is very expensive and time consuming. In order to improve the spectroscopic surface gravity estimates for a large amount of survey data with the help of the small subset of the data with seismic measurements, we set up a support vector regression (SVR) model for the estimation of the surface gravity supervised by 1374 Large Sky Area Multi-object Fiber Spectroscopic Telescope (LAMOST) giant stars with Kepler seismic surface gravity. The new approach can reduce the uncertainty of the estimates down to about 0.1 dex, which is better than the LAMOST pipeline by at least a factor of 2, for the spectra with signal-to-noise ratio higher than 20. Compared with the log g estimated from the LAMOST pipeline, the revised log g values provide a significantly improved match to the expected distribution of red clump and red giant branch stars from stellar isochrones. Moreover, even the red bump stars, which extend to only about 0.1 dex in log g, can be discriminated from the new estimated surface gravity. The method is then applied to about 350,000 LAMOST metalrich giant stars to provide improved surface gravity estimates. In general, the uncertainty of the distance estimate based on the SVR surface gravity can be reduced to about 12% for the LAMOST data.",76,The Astrophysical Journal,https://doi.org/10.1088/0004-637x/807/1/4,machine learning stellar parameter estimation spectra,2026-07-27T12:27:51Z,20260731_163351611581_offline_machine-learning-stellar-parameter-estimation-sp_n60_21a53a,0.3624,0.1068,0.0315,0.0842,medium,0.2175,54,33
https://openalex.org/W2143169117,Machine learning and cosmological simulations – I. Semi-analytical models,Harshil Kamdar; Matthew Turk; Róbert Brunner,2015,10.1093/mnras/stv2310,"We present a new exploratory framework to model galaxy formation and evolution in a hierarchical Universe by using machine learning (ML). Our motivations are two-fold: (1) presenting a new, promising technique to study galaxy formation, and (2) quantitatively analysing the extent of the influence of dark matter halo properties on galaxies in the backdrop of semi-analytical models (SAMs). We use the influential Millennium Simulation and the corresponding Munich SAM to train and test various sophisticated ML algorithms (k-Nearest Neighbors, decision trees, random forests, and extremely randomized trees). By using only essential dark matter halo physical properties for haloes of M > 1012 M⊙ and a partial merger tree, our model predicts the hot gas mass, cold gas mass, bulge mass, total stellar mass, black hole mass and cooling radius at z = 0 for each central galaxy in a dark matter halo for the Millennium run. Our results provide a unique and powerful phenomenological framework to explore the galaxy–halo connection that is built upon SAMs and demonstrably place ML as a promising and a computationally efficient tool to study small-scale structure formation.",49,Monthly Notices of the Royal Astronomical Society,https://doi.org/10.1093/mnras/stv2310,machine learning stellar parameter estimation spectra,2026-07-27T12:27:51Z,20260731_163351611581_offline_machine-learning-stellar-parameter-estimation-sp_n60_21a53a,0.3936,0.1236,0.0322,0.0962,medium,0.212,52,34
https://openalex.org/W2495294139,On the estimation of stellar parameters with uncertainty prediction from Generative Artificial Neural Networks: application to<i>Gaia</i>RVS simulated spectra,C. Dafonte; D. Fustes; M. Manteiga; D. Garabato; M. A. Álvarez; A. Ulla; C. Allende Prieto,2016,10.1051/0004-6361/201527045,"Aims. We present an innovative artificial neural network (ANN) architecture, called Generative ANN (GANN), that computes the forward model, that is it learns the function that relates the unknown outputs (stellar atmospheric parameters, in this case) to the given inputs (spectra). Such a model can be integrated in a Bayesian framework to estimate the posterior distribution of the outputs.",20,Astronomy and Astrophysics,https://doi.org/10.1051/0004-6361/201527045,machine learning stellar parameter estimation spectra,2026-07-27T12:27:51Z,20260731_163351611581_offline_machine-learning-stellar-parameter-estimation-sp_n60_21a53a,0.3891,0.1728,0.0361,0.1318,medium,0.2055,53,35
https://openalex.org/W4320341265,"Full spectrum fitting with photometry in <scp>ppxf</scp>: stellar population versus dynamical masses, non-parametric star formation history and metallicity for 3200 LEGA-C galaxies at redshift <i>z</i> ≈ 0.8",Michele Cappellari,2023,10.1093/mnras/stad2597,"ABSTRACT I introduce some improvements to the ppxf method, which measures the stellar and gas kinematics, star formation history (SFH) and chemical composition of galaxies. I describe the new optimization algorithm that ppxf uses and the changes I made to fit both spectra and photometry simultaneously. I apply the updated ppxf method to a sample of 3200 galaxies at redshift 0.6 &amp;lt; z &amp;lt; 1 (median z = 0.76, stellar mass $M_\ast \gtrsim 3\times 10^{10}$ M⊙), using spectroscopy from the LEGA-C survey (DR3) and 28-bands photometry from two different sources. I compare the masses from new JAM dynamical models with the ppxf stellar population M* and show the latter are more reliable than previous estimates. I use three different stellar population synthesis (SPS) models in ppxf and both photometric sources. I confirm the main trend of the galaxies’ global ages and metallicity [M/H] with stellar velocity dispersion σ* (or central density), but I also find that [M/H] depends on age at fixed σ*. The SFHs reveal a sharp transition from star formation to quenching for galaxies with $\lg (\sigma _\ast /\mathrm{km}\, s^{-1})\gtrsim 2.3$ ($\sigma _\ast \gtrsim 200$$\mathrm{km}\, s^{-1}$), or average mass density within 1 kpc $\lg (\Sigma _1^{\rm JAM}/\mathrm{\mathrm{M}_{\odot }kpc^{-2}})\gtrsim 9.9$ ($\Sigma _1^{\rm JAM}\gtrsim 7.9\times 10^9\, \mathrm{\mathrm{M}_{\odot }\ kpc^{-2}}$), or with $[M/H]\gtrsim -0.1$, or with Sersic index $\lg n_{\rm Ser}\gtrsim 0.5$ ($n_{\rm Ser}\gtrsim 3.2$). However, the transition is smoother as a function of M*. These results are consistent for two SPS models and both photometric sources, but they differ significantly from the third SPS model, which demonstrates the importance of comparing model assumptions.",254,Monthly Notices of the Royal Astronomical Society,https://doi.org/10.1093/mnras/stad2597,machine learning stellar parameter estimation spectra,2026-07-27T12:27:51Z,20260731_163351611581_offline_machine-learning-stellar-parameter-estimation-sp_n60_21a53a,0.5253,0.018,0.0276,0.0209,low,0.1905,8,36
https://openalex.org/W3017279354,Painting a portrait of the Galactic disc with its stellar clusters,T. Cantat-Gaudin; F. Anders; A. Castro-Ginard; C. Jordi; M. Romero-Gómez; C. Soubiran; L. Casamiquela; Y. Tarricq; A. Moitinho; A. Vallenari; A. Bragaglia; A. Krone-Martins; Marina Kounkel,2020,10.1051/0004-6361/202038192,"Context. The large astrometric and photometric survey performed by the Gaia mission allows for a panoptic view of the Galactic disc and its stellar cluster population. Hundreds of stellar clusters were only discovered after the latest Gaia data release (DR2) and have yet to be characterised. Aims. Here we make use of the deep and homogeneous Gaia photometry down to G = 18 to estimate the distance, age, and interstellar reddening for about 2000 stellar clusters identified with Gaia DR2 astrometry. We use these objects to study the structure and evolution of the Galactic disc. Methods. We relied on a set of objects with well-determined parameters in the literature to train an artificial neural network to estimate parameters from the Gaia photometry of cluster members and their mean parallax. Results. We obtain reliable parameters for 1867 clusters. Our catalogue confirms the relative lack of old stellar clusters in the inner disc (with a few notable exceptions). We also quantify and discuss the variation of scale height with cluster age, and we detect the Galactic warp in the distribution of old clusters. Conclusions. This work results in a large and homogeneous cluster catalogue, allowing one to trace the structure of the disc out to distances of ∼4 kpc. However, the present sample is still unable to trace the outer spiral arm of the Milky Way, which indicates that the outer disc cluster census might still be incomplete.",544,Astronomy and Astrophysics,https://doi.org/10.1051/0004-6361/202038192,machine learning stellar parameter estimation spectra,2026-07-27T12:27:51Z,20260731_163351611581_offline_machine-learning-stellar-parameter-estimation-sp_n60_21a53a,0.4726,0.0361,0.0245,0.0326,low,0.1823,22,37
https://openalex.org/W4285900142,<i>Gaia</i>Data Release 3,O. L. Creevey; R. Sordo; F. Pailler; Y. Frémat; U. Heiter; F. Thévenin; R. Andrae; M. Fouesneau; A. Lobel; C. A. L. Bailer‐Jones; D. Garabato; I. Bellas-Velidis; E. Brugaletta; A. Lorca; C. Ordenovic; P. A. Palicio; L. M. Sarro; L. Delchambre; R. Drimmel; J. Rybizki; G. Torralba Elipe; A. J. Korn; A. Recio–Blanco; M. Schultheis; F. De Angeli; P. Montegriffo; A. Abreu Aramburu; S. Accart; M. A. Álvarez; J. Bakker; N. Brouillet; Alexandru Burlacu; R. Carballo; L. Casamiquela; A. Chiavassa; G. Contursi; William Cooper; Carlos Dafonte; A. Dapergolas; P. de Laverny; T. E. Dharmawardena; B. Edvardsson; Y. Le Fustec; P. García-Lario; Miguel García-Torres; A. Gómez; I. González-Santamaría; D. Hatzidimitriou; A. Jean-Antoine Piccolo; M. Kontiza; G. Kordopatis; A. C. Lanzafame; Y. Lebreton; E. Licata; H. E. P. Lindstrøm; E. Livanou; A. Magdaleno Romeo; M. Manteiga; Federico Marocco; D. J. Marshall; Nicolas Mary; C. Nicolas; L. Pallas-Quintela; C. Panem; B. Pichon; E. Poggio; F. Riclet; A. C. Robin; R. Santoveña; A. Silvelo; I. Slezak; R. L. Smart; C. Soubiran; M. Süveges; A. Ulla; E. Utrilla; A. Vallenari; H. Zhao; J. Zorec; D. Barrado; A. Bijaoui; J.‐C. Bouret; R. Blomme; I. Brott; S. Cassisi; O. Kochukhov; C. Martayan; D. Shulyak; J. Silvester,2022,10.1051/0004-6361/202243688,"Gaia Data Release 3 contains a wealth of new data products for the community. Astrophysical parameters are a major component of this release, and were produced by the Astrophysical parameters inference system (Apsis) within the Gaia Data Processing and Analysis Consortium (DPAC). The aim of this paper is to describe the overall content of the astrophysical parameters in Gaia DR3 and how they were produced. In Apsis, we use the mean BP/RP and mean RVS spectra along with astrometry and photometry, and we derive the following parameters: source classification and probabilities for 1.6 billion objects; interstellar medium characterisation and distances for up to 470 million sources, including a 2D total Galactic extinction map; 6 million redshifts of quasar candidates; 1.4 million redshifts of galaxy candidates; and an analysis of 50 million outlier sources through an unsupervised classification. The astrophysical parameters also include many stellar spectroscopic and evolutionary parameters for up to 470 million sources. These comprise T eff , log g , and [M/H] (470 million using BP/RP, 6 million using RVS), radius (470 million), mass (140 million), age (120 million), chemical abundances (up to 5 million), diffuse interstellar band analysis (0.5 million), activity indices (2 million), H α equivalent widths (200 million), and further classification of spectral types (220 million) and emission-line stars (50 000). This paper is the first in a series of three papers, and focusses on describing the global content of the parameters in Gaia DR3. The accompanying Papers II and III focus on the validation and use of the stellar and non-stellar products, respectively. This catalogue is the most extensive homogeneous database of astrophysical parameters to date, and is based uniquely on Gaia data. It will only be superseded by Gaia Data Release 4, and will therefore remain a key reference over the next four years, providing astrophysical parameters independent of other ground- and space-based data.",213,Astronomy and Astrophysics,https://doi.org/10.1051/0004-6361/202243688,machine learning stellar parameter estimation spectra,2026-07-27T12:27:51Z,20260731_163351611581_offline_machine-learning-stellar-parameter-estimation-sp_n60_21a53a,0.4524,0.0,0.0188,0.0057,low,0.1766,28,38
https://openalex.org/W2084341220,Statistical Modeling: The Two Cultures (with comments and a rejoinder by the author),Leo Breiman,2001,10.1214/ss/1009213726,"There are two cultures in the use of statistical modeling to reach conclusions from data. One assumes that the data are generated by a given stochastic data model. The other uses algorithmic models and treats the data mechanism as unknown. The statistical community has been committed to the almost exclusive use of data models. This commitment has led to irrelevant theory, questionable conclusions, and has kept statisticians from working on a large range of interesting current problems. Algorithmic modeling, both in theory and practice, has developed rapidly in fields outside statistics. It can be used both on large complex data sets and as a more accurate and informative alternative to data modeling on smaller data sets. If our goal as a field is to use data to solve problems, then we need to move away from exclusive dependence on data models and adopt a more diverse set of tools.",4306,Statistical Science,https://doi.org/10.1214/ss/1009213726,machine learning stellar parameter estimation spectra,2026-07-27T12:27:51Z,20260731_163351611581_offline_machine-learning-stellar-parameter-estimation-sp_n60_21a53a,0.4,0.0,0.0,0.0,low,0.175,49,39
https://openalex.org/W2740236269,The Fourteenth Data Release of the Sloan Digital Sky Survey: First Spectroscopic Data from the Extended Baryon Oscillation Spectroscopic Survey and from the Second Phase of the Apache Point Observatory Galactic Evolution Experiment,Bela Abolfathi; David S. Aguado; Gabriela Aguilar; Carlos Allende Prieto; Andrés Almeida; Tonima Tasnim Ananna; F. Anders; Scott F. Anderson; Brett H. Andrews; Borja Anguiano; Alfonso Aragón‐Salamanca; M. Argudo–Fernández; E. Armengaud; M. Ata; É. Aubourg; V. Ávila-Reese; Carles Badenes; S. Bailey; Christophe Balland; Kathleen A. Barger; J. K. Barrera-Ballesteros; Curtis Bartosz; Fabienne A. Bastien; Dominic Bates; Falk Baumgarten; Julian Bautista; Rachael L. Beaton; Timothy C. Beers; Francesco Belfiore; Chad F. Bender; Mariangela Bernardi; Matthew A. Bershady; Florian Beutler; Jonathan C. Bird; Dmitry Bizyaev; Guillermo A. Blanc; Michael R. Blanton; Michael Blomqvist; A. Bolton; M. Boquien; J. Borissova; Jo Bovy; Christian Andres Bradna Diaz; William Nielsen Brandt; J. Brinkmann; Joel R. Brownstein; Kevin Bundy; Adam J. Burgasser; E. Burtin; Nicolás G. Busca; Caleb I. Cañas; M. Cano-Díaz; Michele Cappellari; R. Carrera; Andrew R. Casey; Bernardo Cervantes Sodi; Yanping Chen; Brian Cherinka; C. Chiappini; Peter Doohyun Choi; Drew Chojnowski; Chia-Hsun Chuang; Haeun Chung; Nicolas Clerc; Roger E. Cohen; Julia M. Comerford; Johan Comparat; Janaina Correa do Nascimento; L. N. da Costa; Marie-Claude Cousinou; Kevin R. Covey; Jeffrey D. Crane; I. Cruz-González; Kátia Cunha; Gabriele S Ilha; G. Damke; Jeremy Darling; James W. Davidson; Kyle Dawson; Miguel Icaza-Lizaola; Axel de la Macorra; Sylvain de la Torre; Nathan De Lee; Victoria de Sainte Agathe; Alice Deconto Machado; F. Dell’Agli; Timothée Delubac; Aleksandar M. Diamond‐Stanic; John Donor; Juan José Downes; Niv Drory; Hélion du Mas des Bourboux; Christopher Duckworth; T. Dwelly; Jamie Dyer; Garrett Ebelke; Arthur Eigenbrot; Daniel J. Eisenstein; Y. Elsworth; Éric Emsellem,2018,10.3847/1538-4365/aa9e8a,"Abstract The fourth generation of the Sloan Digital Sky Survey (SDSS-IV) has been in operation since 2014 July. This paper describes the second data release from this phase, and the 14th from SDSS overall (making this Data Release Fourteen or DR14). This release makes the data taken by SDSS-IV in its first two years of operation (2014–2016 July) public. Like all previous SDSS releases, DR14 is cumulative, including the most recent reductions and calibrations of all data taken by SDSS since the first phase began operations in 2000. New in DR14 is the first public release of data from the extended Baryon Oscillation Spectroscopic Survey; the first data from the second phase of the Apache Point Observatory (APO) Galactic Evolution Experiment (APOGEE-2), including stellar parameter estimates from an innovative data-driven machine-learning algorithm known as “The Cannon”; and almost twice as many data cubes from the Mapping Nearby Galaxies at APO (MaNGA) survey as were in the previous release ( N = 2812 in total). This paper describes the location and format of the publicly available data from the SDSS-IV surveys. We provide references to the important technical papers describing how these data have been taken (both targeting and observation details) and processed for scientific use. The SDSS web site ( www.sdss.org ) has been updated for this release and provides links to data downloads, as well as tutorials and examples of data use. SDSS-IV is planning to continue to collect astronomical data until 2020 and will be followed by SDSS-V.",1051,The Astrophysical Journal Supplement Series,https://doi.org/10.3847/1538-4365/aa9e8a,machine learning stellar parameter estimation spectra,2026-07-27T12:27:51Z,20260731_163351611581_offline_machine-learning-stellar-parameter-estimation-sp_n60_21a53a,0.4695,0.0,0.0438,0.0131,low,0.1722,25,40
https://openalex.org/W4381612653,A calibration point for stellar evolution from massive star asteroseismology,Siemen Burssens; D. M. Bowman; Mathias Michielsen; S. Simón‐Díaz; C. Aerts; Vincent Vanlaer; G. Banyard; N. Nardetto; R. H. D. Townsend; G. Handler; Joey S. G. Mombarg; R. Vanderspek; G. Ricker,2023,10.1038/s41550-023-01978-y,nan,57,Nature Astronomy,https://doi.org/10.1038/s41550-023-01978-y,machine learning stellar parameter estimation spectra,2026-07-27T12:27:51Z,20260731_163351611581_offline_machine-learning-stellar-parameter-estimation-sp_n60_21a53a,0.4322,0.0406,0.0,0.0284,low,0.1703,36,41
https://openalex.org/W2772961215,Inferring the star formation histories of massive quiescent galaxies with bagpipes: evidence for multiple quenching mechanisms,Adam C. Carnall; R. J. McLure; J. S. Dunlop; Romeel Davé,2018,10.1093/mnras/sty2169,"We present Bayesian Analysis of Galaxies for Physical Inference andParameter EStimation, or BAGPIPES, a new PYTHON tool that can be used torapidly generate complex model galaxy spectra and to fit these toarbitrary combinations of spectroscopic and photometric data using theMULTINEST nested sampling algorithm. We extensively test our ability torecover realistic star formation histories (SFHs) by fitting mockobservations of quiescent galaxies from the MUFASA simulation. We thenperform a detailed analysis of the SFHs of a sample of 9289 quiescentgalaxies from UltraVISTA with stellar masses, M* &gt;1010 M⊙ and redshifts 0.25 &lt;z &lt;3.75.The majority of our sample exhibit SFHs that rise gradually then quenchrelatively rapidly over 1-2 Gyr. This behaviour is consistent withrecent cosmological hydrodynamic simulations, where AGN-driven feedbackin the low-accretion (jet) mode is the dominant quenching mechanism. Atz &gt; 1, we also find a class of objects with SFHs that rise and fallvery rapidly, with quenching time-scales of 3 Gyr, which wespeculate to be the result of diminishing overall cosmic gas supply. Weconfirm the mass-accelerated evolution (downsizing) trend, and a trendtowards more rapid quenching at higher stellar masses. However, ourresults suggest that the latter is a natural consequence ofmass-accelerated evolution, rather than a change in quenching physicswith stellar mass. We find 61 ± 8 per cent of z &gt; 1.5massive-quenched galaxies undergo significant further evolution by z =0.5. BAGPIPES is available at bagpipes.readthedocs.io.",790,Monthly Notices of the Royal Astronomical Society,https://doi.org/10.1093/mnras/sty2169,machine learning stellar parameter estimation spectra,2026-07-27T12:27:51Z,20260731_163351611581_offline_machine-learning-stellar-parameter-estimation-sp_n60_21a53a,0.4392,0.0,0.0493,0.0148,low,0.1684,31,42
https://openalex.org/W3172620183,Extending the evolution of the stellar mass–size relation at <i>z</i> ≤ 2 to low stellar mass galaxies from HFF and CANDELS,K. Nedkova; Boris Häußler; Danilo Marchesini; Paola Dimauro; Gabriel Brammer; Paul Eigenthaler; Adina D. Feinstein; Henry C. Ferguson; Evelyn J. Johnston; Erin Kado-Fong; Jeyhan S. Kartaltepe; Ivo Labbé; Daniel Lange-Vagle; Nicholas S. Martis; Elizabeth J. McGrath; Adam Muzzin; Pascal A. Oesch; Yasna Órdenes-Briceño; Thomas H. Puzia; Heath Shipley; Brooke Simmons; Rosalind E. Skelton; Mauro Stefanon; Arjen van der Wel; Katherine E. Whitaker,2021,10.1093/mnras/stab1744,"ABSTRACT We reliably extend the stellar mass–size relation over 0.2 ≤ z ≤ 2 to low stellar mass galaxies by combining the depth of Hubble Frontier Fields with the large volume covered by CANDELS. Galaxies are simultaneously modelled in multiple bands using the tools developed by the MegaMorph project, allowing robust size (i.e. half-light radius) estimates even for small, faint, and high redshift galaxies. We show that above 107 M⊙, star-forming galaxies are well represented by a single power law on the mass–size plane over our entire redshift range. Conversely, the stellar mass–size relation is steep for quiescent galaxies with stellar masses $\ge 10^{10.3}\, {\rm M}_\odot$ and flattens at lower masses, regardless of whether quiescence is selected based on star-formation activity, rest-frame colours, or structural characteristics. This flattening occurs at sizes of ∼1 kpc at z ≤ 1. As a result, a double power law is preferred for the stellar mass–size relation of quiescent galaxies, at least above 10$^7\, {\rm M}_\odot$. We find no strong redshift dependence in the slope of the relation of star-forming galaxies as well as of high mass quiescent galaxies. We also show that star-forming galaxies with stellar masses $\ge 10^{9.5}\, {\rm M}_\odot$ and quiescent galaxies with stellar masses $\ge 10^{10.3}\, {\rm M}_\odot$ have undergone significant size growth since z ∼ 2, as expected; however, low mass galaxies have not. Finally, we supplement our data with predominantly quiescent dwarf galaxies from the core of the Fornax cluster, showing that the stellar mass–size relation is continuous below 10$^7\, {\rm M}_\odot$, but a more complicated functional form is necessary to describe the relation.",93,Monthly Notices of the Royal Astronomical Society,https://doi.org/10.1093/mnras/stab1744,machine learning stellar parameter estimation spectra,2026-07-27T12:27:51Z,20260731_163351611581_offline_machine-learning-stellar-parameter-estimation-sp_n60_21a53a,0.4295,0.0482,0.0361,0.0446,low,0.1665,39,43
https://openalex.org/W2905331806,"The Fifteenth Data Release of the Sloan Digital Sky Surveys: First Release of MaNGA-derived Quantities, Data Visualization Tools, and Stellar Library",D. S. Aguado; Romina Ahumada; Andrés Almeida; Scott F. Anderson; Brett H. Andrews; Borja Anguiano; Erik Aquino Ortíz; Alfonso Aragón-Salamanca; Maria Argudo-Fernández; Marie Aubert; Vladimir Avila-Reese; Carles Badenes; Sandro Barboza Rembold; Kat Barger; Jorge Barrera-Ballesteros; Dominic Bates; Julian Bautista; Rachael L. Beaton; Timothy C. Beers; Francesco Belfiore; Mariangela Bernardi; Matthew Bershady; Florian Beutler; Jonathan Bird; Dmitry Bizyaev; Guillermo A. Blanc; Michael R. Blanton; Michael Blomqvist; Adam S. Bolton; Médéric Boquien; Jura Borissova; Jo Bovy; William Nielsen Brandt; Jonathan Brinkmann; Joel R. Brownstein; Kevin Bundy; Adam Burgasser; Nell Byler; Mariana Cano Diaz; Michele Cappellari; Ricardo Carrera; Bernardo Cervantes Sodi; Yanping Chen; Brian Cherinka; Peter Doohyun Choi; Haeun Chung; Damien Coffey; Julia M. Comerford; Johan Comparat; Kevin Covey; Gabriele da Silva Ilha; Luiz da Costa; Yu Sophia Dai; Guillermo Damke; Jeremy Darling; Roger Davies; Kyle Dawson; Victoria de Sainte Agathe; Alice Deconto Machado; Agnese Del Moro; Nathan De Lee; Aleksandar M. Diamond-Stanic; Helena Domínguez Sánchez; John Donor; Niv Drory; Hélion du Mas des Bourboux; Chris Duckworth; Tom Dwelly; Garrett Ebelke; Eric Emsellem; Stephanie Escoffier; José G. Fernández-Trincado; Diane Feuillet; Johanna-Laina Fischer; Scott W. Fleming; Amelia Fraser-McKelvie; Gordon Freischlad; Peter M. Frinchaboy; Hai Fu; Lluís Galbany; Rafael Garcia-Dias; D. A. García-Hernández; Luis Alberto Garma Oehmichen; Marcio Antonio Geimba Maia; Héctor Gil-Marín; Kathleen Grabowski; Meng Gu; Hong Guo; Jaewon Ha; Emily Harrington; Sten Hasselquist; Christian R. Hayes; Fred Hearty; Hector Hernandez Toledo; Harry Hicks; David W. Hogg; Kelly Holley-Bockelmann; Jon A. Holtzman; Bau-Ching Hsieh; Jason A. S. Hunt,2019,10.3847/1538-4365/aaf651,"Twenty years have passed since first light for the Sloan Digital Sky Survey (SDSS). Here, we release data taken by the fourth phase of SDSS (SDSS-IV) across its first three years of operation (2014 July-2017 July). This is the third data release for SDSS-IV, and the 15th from SDSS (Data Release Fifteen; DR15). New data come from MaNGA-we release 4824 data cubes, as well as the first stellar spectra in the MaNGA Stellar Library (MaStar), the first set of survey-supported analysis products (e.g., stellar and gas kinematics, emission-line and other maps) from the MaNGA Data Analysis Pipeline, and a new data visualization and access tool we call ""Marvin."" The next data release, DR16, will include new data from both APOGEE-2 and eBOSS; those surveys release no new data here, but we document updates and corrections to their data processing pipelines. The release is cumulative; it also includes the most recent reductions and calibrations of all data taken by SDSS since first light. In this paper, we describe the location and format of the data and tools and cite technical references describing how it was obtained and processed. The SDSS website (www.sdss.org) has also been updated, providing links to data downloads, tutorials, and examples of data use. Although SDSS-IV will continue to collect astronomical data until 2020, and will be followed by SDSS-V (2020-2025), we end this paper by describing plans to ensure the sustainability of the SDSS data archive for many years beyond the collection of data.",353,The Astrophysical Journal Supplement Series,https://doi.org/10.3847/1538-4365/aaf651,machine learning stellar parameter estimation spectra,2026-07-27T12:27:51Z,20260731_163351611581_offline_machine-learning-stellar-parameter-estimation-sp_n60_21a53a,0.4571,0.0229,0.0223,0.0227,low,0.1658,27,44
https://openalex.org/W4220667678,The EXPRES Stellar Signals Project II. State of the Field in Disentangling Photospheric Velocities,Lily Zhao; Debra A. Fischer; Eric B. Ford; Alex Wise; M. Cretignier; S. Aigrain; Oscar Barragán; Megan Bedell; Lars A. Buchhave; J. D. Camacho; H. M. Cegla; Jessi Cisewski-Kehe; A. Collier Cameron; Zoë L. de Beurs; Sally Dodson-Robinson; X. Dumusque; J. P. Faria; Christian Gilbertson; Charlotte Haley; Justin Harrell; David W. Hogg; Parker H. Holzer; A. Anna John; Baptiste Klein; M. Lafarga; Florian Lienhard; Vinesh Rajpaul; Annelies Mortier; Belinda Nicholson; Michael L. Palumbo; Victor Ramirez Delgado; Christopher J. Shallue; Andrew Vanderburg; P. T. P. Viana; Jinglin Zhao; N. Zicher; Samuel H. C. Cabot; Gregory W. Henry; Rachael M. Roettenbacher; John M. Brewer; Joe Llama; Ryan R. Petersburg; Andrew E. Szymkowiak,2022,10.3847/1538-3881/ac5176,"Abstract Measured spectral shifts due to intrinsic stellar variability (e.g., pulsations, granulation) and activity (e.g., spots, plages) are the largest source of error for extreme-precision radial-velocity (EPRV) exoplanet detection. Several methods are designed to disentangle stellar signals from true center-of-mass shifts due to planets. The Extreme-precision Spectrograph (EXPRES) Stellar Signals Project (ESSP) presents a self-consistent comparison of 22 different methods tested on the same extreme-precision spectroscopic data from EXPRES. Methods derived new activity indicators, constructed models for mapping an indicator to the needed radial-velocity (RV) correction, or separated out shape- and shift-driven RV components. Since no ground truth is known when using real data, relative method performance is assessed using the total and nightly scatter of returned RVs and agreement between the results of different methods. Nearly all submitted methods return a lower RV rms than classic linear decorrelation, but no method is yet consistently reducing the RV rms to sub-meter-per-second levels. There is a concerning lack of agreement between the RVs returned by different methods. These results suggest that continued progress in this field necessitates increased interpretability of methods, high-cadence data to capture stellar signals at all timescales, and continued tests like the ESSP using consistent data sets with more advanced metrics for method performance. Future comparisons should make use of various well-characterized data sets—such as solar data or data with known injected planetary and/or stellar signals—to better understand method performance and whether planetary signals are preserved.",59,The Astronomical Journal,https://doi.org/10.3847/1538-3881/ac5176,machine learning stellar parameter estimation spectra,2026-07-27T12:27:51Z,20260731_163351611581_offline_machine-learning-stellar-parameter-estimation-sp_n60_21a53a,0.4335,0.0309,0.0293,0.0304,low,0.1638,34,45
https://openalex.org/W3038345459,Physics of Eclipsing Binaries. V. General Framework for Solving the Inverse Problem,Kyle E. Conroy; Angela Kochoska; Daniel Hey; Herbert Pablo; Kelly M. Hambleton; David Jones; Joseph Giammarco; Michael Abdul-Masih; Andrej Prša,2020,10.3847/1538-4365/abb4e2,"Abstract PHOEBE 2 is a Python package for modeling the observables of eclipsing star systems, but until now it has focused entirely on the forward model—that is, generating a synthetic model given fixed values of a large number of parameters describing the system and the observations. The inverse problem, obtaining orbital and stellar parameters given observational data, is more complicated and computationally expensive as it requires generating a large set of forward models to determine which set of parameters and uncertainties best represents the available observational data. The process of determining the best solution and also of obtaining reliable and robust uncertainties on those parameters often requires the use of multiple algorithms, including both optimizers and samplers. Furthermore, the forward model of PHOEBE has been designed to be as physically robust as possible, but it is computationally expensive compared to other codes. It is useful, therefore, to use whichever code is most efficient given the reasonable assumptions for a specific system, but learning the intricacies of multiple codes presents a barrier to doing this in practice. Here we present release 2.3 of PHOEBE (publicly available from http://phoebe-project.org ), which introduces a general framework for defining and handling distributions on parameters and utilizing multiple different estimation, optimization, and sampling algorithms. The presented framework supports multiple forward models, including the robust model built into PHOEBE itself.",209,The Astrophysical Journal Supplement Series,https://doi.org/10.3847/1538-4365/abb4e2,machine learning stellar parameter estimation spectra,2026-07-27T12:27:51Z,20260731_163351611581_offline_machine-learning-stellar-parameter-estimation-sp_n60_21a53a,0.4317,0.0,0.0373,0.0112,low,0.1627,37,46
https://openalex.org/W2900811782,Accuracy and Precision of Industrial Stellar Abundances,Paula Jofré; Ulrike Heiter; Caroline Soubiran,2019,10.1146/annurev-astro-091918-104509,"There has been an incredibly large investment in obtaining high-resolution stellar spectra for determining chemical abundances of stars. This information is crucial to answer fundamental questions in astronomy by constraining the formation and evolution scenarios of the Milky Way as well as the stars and planets residing in it. We have just entered a new era, in which chemical abundances of FGK-type stars are being produced at industrial scales, and in which the observations, reduction, and analysis of the data are automatically performed by machines. Here, we review the latest human efforts to assess the accuracy and precision of such industrial abundances by providing insights into the steps and uncertainties associated with the process of determining stellar abundances. We also provide a description of current and forthcoming spectroscopic surveys, focusing on their reported abundances and uncertainties. This allows us to identify which elements and spectral lines are best and why. Finally, we make a brief selection of main scientific questions the community is aiming to answer with abundances. ▪ Uncertainties in abundances need to be disentangled into random and systematic components. ▪ Precision can be increased by applying differential or data-driven methods based on accurate data. ▪ High-resolution and signal-to-noise spectra provide fundamental data that can be used to calibrate lower-resolution and signal-to-noise spectra of millions of stars. ▪ Different survey calibration strategies must agree on a common set of reference stars to create data products that are consistent. ▪ Data products provided by individual groups must be published using standard formats to ensure straightforward applicability.",177,Annual Review of Astronomy and Astrophysics,https://doi.org/10.1146/annurev-astro-091918-104509,machine learning stellar parameter estimation spectra,2026-07-27T12:27:51Z,20260731_163351611581_offline_machine-learning-stellar-parameter-estimation-sp_n60_21a53a,0.4324,0.0468,0.0371,0.0439,low,0.1609,35,47
https://openalex.org/W4289710316,<i>Gaia</i> Data Release 2,R. Andrae; M. Fouesneau; O. L. Creevey; C. Ordénovic; Nicolas Mary; Alexandru Burlacu; Laurence Chaoul; A. Jean-Antoine-Piccolo; G. Kordopatis; A. J. Korn; Y. Lebreton; Chantal Panem; Bernard Pichon; F. Thévenin; G. Walmsley; Coryn A. L. Bailer‐Jones,2018,10.1051/0004-6361/201732516,"The second Gaia data release ( Gaia DR2) contains, beyond the astrometry, three-band photometry for 1.38 billion sources. One band is the G band, the other two were obtained by integrating the Gaia prism spectra (BP and RP). We have used these three broad photometric bands to infer stellar effective temperatures, T eff , for all sources brighter than G = 17 mag with T eff in the range 3000–10 000 K (some 161 million sources). Using in addition the parallaxes, we infer the line-of-sight extinction, A G , and the reddening, E (BP − RP), for 88 million sources. Together with a bolometric correction we derive luminosity and radius for 77 million sources. These quantities as well as their estimated uncertainties are part of Gaia DR2. Here we describe the procedures by which these quantities were obtained, including the underlying assumptions, comparison with literature estimates, and the limitations of our results. Typical accuracies are of order 324 K ( T eff ), 0.46 mag ( A G ), 0.23 mag ( E (BP − RP)), 15% (luminosity), and 10% (radius). Being based on only a small number of observable quantities and limited training data, our results are necessarily subject to some extreme assumptions that can lead to strong systematics in some cases (not included in the aforementioned accuracy estimates). One aspect is the non-negativity contraint of our estimates, in particular extinction, which we discuss. Yet in several regions of parameter space our results show very good performance, for example for red clump stars and solar analogues. Large uncertainties render the extinctions less useful at the individual star level, but they show good performance for ensemble estimates. We identify regimes in which our parameters should and should not be used and we define a “clean” sample. Despite the limitations, this is the largest catalogue of uniformly-inferred stellar parameters to date. More precise and detailed astrophysical parameters based on the full BP/RP spectrophotometry are planned as part of the third Gaia data release.",475,Astronomy and Astrophysics,https://doi.org/10.1051/0004-6361/201732516,machine learning stellar parameter estimation spectra,2026-07-27T12:27:51Z,20260731_163351611581_offline_machine-learning-stellar-parameter-estimation-sp_n60_21a53a,0.421,0.0,0.0358,0.0107,low,0.1598,41,48
https://openalex.org/W3113695400,Stellar chromospheric activity of 1674 FGK stars from the AMBRE-HARPS sample,J. Gomes da Silva; N. C. Santos; V. Adibekyan; S. G. Sousa; T. L. Campante; P. Figueira; D. Bossini; E. Delgado-Mena; M. J. P. F. G. Monteiro; P. de Laverny; A. Recio–Blanco; C. Lovis,2020,10.1051/0004-6361/202039765,"Aims. The main objective of this project is to characterise chromospheric activity of FGK stars from the HARPS archive. We start, in this first paper, by presenting a catalogue of homogeneously determined chromospheric emission (CE), stellar atmospheric parameters, and ages for 1674 FGK main sequence (MS), subgiant, and giant stars. The analysis of CE level and variability is also performed. Methods. We measured CE in the Ca II H&amp;K lines using more than 180 000 high-resolution spectra from the HARPS spectrograph, as compiled in the AMBRE project, obtained between 2003 and 2019. We converted the fluxes to bolometric and photospheric corrected chromospheric emission ratio, R HK ′ . Stellar atmospheric parameters T eff , log g , and [Fe/H] were retrieved from the literature or determined using a homogeneous method. M ⋆ , R ⋆ , and ages were determined from isochrone fitting. Results. We show that our sample has a distribution of CE for MS stars that is consistent with an unbiased sample of solar-neighbour MS stars. We analysed the CE distribution for the different luminosity classes and spectral types and confirmed the existence of the very inactive (VI) star and very active star populations at log R HK ′ &lt; −5.1 and &gt; − 4.2 dex, respectively. We found indications that the VI population is composed mainly of subgiant and giant stars and that log R HK ′ = −5.1 dex marks a transition in stellar evolution. Overall, CE variability decreases with decreasing CE level but its distribution is complex. There appears to be at least three regimes of variability for inactive, active, and very active stars, with the inactive and active regimes separated by a diagonal, extended Vaughan-Preston (VP) gap. We show that stars with low activity levels do not necessarily have low variability. In the case of K dwarfs, which show high CE variability, inactive and active stars have similar levels of activity variability. This means that activity levels alone are not enough to infer the activity variability of a star. We also explain the shape of the VP gap observed in the distribution of CE using the CE variability-level diagram. In the CE variability-level diagram, the Sun is located in the high-variability region of the inactive MS stars zone. A method to extract the probability density function of the CE variability for a given log R HK ′ level is discussed, and a python code to retrieve it is provided.",127,Astronomy and Astrophysics,https://doi.org/10.1051/0004-6361/202039765,machine learning stellar parameter estimation spectra,2026-07-27T12:27:51Z,20260731_163351611581_offline_machine-learning-stellar-parameter-estimation-sp_n60_21a53a,0.4406,0.0332,0.0147,0.0276,low,0.1594,30,49
https://openalex.org/W2916355868,Simultaneous calibration of spectro-photometric distances and the Gaia DR2 parallax zero-point offset with deep learning,Henry Leung; Jo Bovy,2019,10.1093/mnras/stz2245,"ABSTRACT Gaia measures the five astrometric parameters for stars in the Milky Way, but only four of them (positions and proper motion, but not distance) are well measured beyond a few kpc from the Sun. Modern spectroscopic surveys such as APOGEE cover a large area of the Milky Way disc and we can use the relation between spectra and luminosity to determine distances to stars beyond Gaia’s parallax reach. Here, we design a deep neural network trained on stars in common between Gaia and APOGEE that determines spectro-photometric distances to APOGEE stars, while including a flexible model to calibrate parallax zero-point biases in Gaia DR2. We determine the zero-point offset to be $-52.3 \pm 2.0\, \mu \mathrm{as}$ when modelling it as a global constant, but also train a multivariate zero-point offset model that depends on G, GBP − GRP colour, and Teff and that can be applied to all ≈58 million stars in Gaia DR2 within APOGEE’s colour–magnitude range and within APOGEE’s sky footprint. Our spectro-photometric distances are more precise than Gaia at distances ${\gtrsim} 2\, \mathrm{kpc}$ from the Sun. We release a catalogue of spectro-photometric distances for the entire APOGEE DR14 data set which covers Galactocentric radii $2\, \mathrm{kpc} \lesssim R \lesssim 19\, \mathrm{kpc}$; ${\approx} 150\, 000$ stars have ${\lt} 10{{\ \rm per\ cent}}$ uncertainty, making this a powerful sample to study the chemo-dynamical structure of the disc. We use this sample to map the mean [Fe/H] and 15 abundance ratios [X/Fe] from the Galactic Centre to the edge of the disc. Among many interesting trends, we find that the bulge and bar region at $R \lesssim 5\, \mathrm{kpc}$ clearly stands out in [Fe/H] and most abundance ratios.",169,Monthly Notices of the Royal Astronomical Society,https://doi.org/10.1093/mnras/stz2245,machine learning stellar parameter estimation spectra,2026-07-27T12:27:51Z,20260731_163351611581_offline_machine-learning-stellar-parameter-estimation-sp_n60_21a53a,0.4108,0.0387,0.0064,0.029,low,0.1565,47,50
https://openalex.org/W2748443397,Application of Multi-task Sparse Lasso Feature Extraction and Support Vector Machine Regression in the Stellar Atmospheric Parameterization,Wei Gao; Xiangru Li,2017,10.1016/j.chinastron.2017.08.004,nan,5,Chinese Astronomy and Astrophysics,https://doi.org/10.1016/j.chinastron.2017.08.004,machine learning stellar parameter estimation spectra,2026-07-27T12:27:51Z,20260731_163351611581_offline_machine-learning-stellar-parameter-estimation-sp_n60_21a53a,0.2776,0.0715,0.0,0.0501,medium,0.1549,60,51
https://openalex.org/W3216552048,SUPPNet: Neural network for stellar spectrum normalisation,Tomasz Różański; E. Niemczura; Jakub Lemiesz; N. Posiłek; Paweł Różański,2022,10.1051/0004-6361/202141480,"Context. Precise continuum normalisation of merged échelle spectra is a demanding task that is necessary for various detailed spectroscopic analyses. Automatic methods have limited effectiveness due to the variety of features present in the spectra of stars. This complexity often leads to the necessity for manual normalisation which is highly time-consuming. Aims. The aim of this work is to develop a fully automated normalisation tool that works with order-merged spectra and offers flexible manual fine-tuning, if necessary. Methods. The core of the proposed method uses the novel, fully convolutional deep neural network (SUPP Network) that was trained to predict a pseudo-continuum. The post-processing step uses smoothing splines that give access to regressed knots, which are useful for optional manual corrections. The active learning technique was applied to deal with possible biases that may arise from training with synthetic spectra and to extend the applicability of the proposed method to features absent in this kind of spectra. Results. The developed normalisation method was tested with high-resolution spectra of stars with spectral types from O to G, and gives a root mean squared (RMS) error over the set of test stars equal to 0.0128 in the spectral range from 3900 Å to 7000 Å and 0.0081 in the range from 4200 Å to 7000 Å. Experiments with synthetic spectra give a RMS of the order of 0.0050. Conclusions. The proposed method leads to results that are comparable to careful manual normalisation. Additionally, this approach is general and can be used in other fields of astronomy where background modelling or trend removal is a part of data processing.",22,Astronomy and Astrophysics,https://doi.org/10.1051/0004-6361/202141480,machine learning stellar parameter estimation spectra,2026-07-27T12:27:51Z,20260731_163351611581_offline_machine-learning-stellar-parameter-estimation-sp_n60_21a53a,0.4191,0.0446,0.0595,0.049,low,0.1541,42,52
https://openalex.org/W3107253413,Investigating the young AU Mic system with SPIRou: large-scale stellar magnetic field and close-in planet mass,Baptiste Klein; J.‐F. Donati; C. Moutou; X. Delfosse; X. Bonfıls; Eder Martioli; P. Fouqué; Ryan Cloutier; Étienne Artigau; René Doyon; G. Hébrard; J. Morin; Julien Rameau; Peter Plavchan; Eric Gaidos,2020,10.1093/mnras/staa3702,"ABSTRACT We present a velocimetric and spectropolarimetric analysis of 27 observations of the 22-Myr M1 star AU Microscopii (AU Mic) collected with the high-resolution YJHK (0.98–2.35 μm) spectropolarimeter SPIRou from 2019 September 18 to November 14. Our radial velocity (RV) time-series exhibits activity-induced fluctuations of 45 m s−1 rms, ∼3 times smaller than those measured in the optical domain, that we filter using Gaussian Process Regression. We report a 3.9σ detection of the recently discovered 8.46 -d transiting planet AU Mic b, with an estimated mass of 17.1$^{+4.7}_{-4.5}$ M⊕ and a bulk density of 1.3 ± 0.4 g cm−3, inducing an RV signature of semi-amplitude K = 8.5$^{+2.3}_{-2.2}$ m s−1 in the spectrum of its host star. A consistent detection is independently obtained when we simultaneously image stellar surface inhomogeneities and estimate the planet parameters with Zeeman–Doppler imaging (ZDI). Using ZDI, we invert the time-series of unpolarized and circularly polarized spectra into surface brightness and large-scale magnetic maps. We find a mainly poloidal and axisymmetric field of 475 G, featuring, in particular, a dipole of 450 G tilted at 19° to the rotation axis. Moreover, we detect a strong differential rotation of dΩ = 0.167 ± 0.009 rad d−1 shearing the large-scale field, about twice stronger than that shearing the brightness distribution, suggesting that both observables probe different layers of the convective zone. Even though we caution that more RV measurements are needed to accurately pin down the planet mass, AU Mic b already appears as a prime target for constraining planet formation models, studying the interactions with the surrounding debris disc, and characterizing its atmosphere with upcoming space- and ground-based missions.",93,Monthly Notices of the Royal Astronomical Society,https://doi.org/10.1093/mnras/staa3702,machine learning stellar parameter estimation spectra,2026-07-27T12:27:51Z,20260731_163351611581_offline_machine-learning-stellar-parameter-estimation-sp_n60_21a53a,0.4295,0.0263,0.0121,0.022,low,0.1534,40,53
https://openalex.org/W2999093079,SPCANet: Stellar Parameters and Chemical Abundances Network for LAMOST-II Medium Resolution Survey,Rui Wang; A-Li Luo; Jian-Jun Chen; Wen Hou; Shuo Zhang; Yongheng Zhao; Xiangru Li; Yonghui Hou,2020,10.3847/1538-4357/ab6dea,"Abstract The fundamental stellar atmospheric parameters ( T eff and log g ) and 13 chemical abundances are derived for medium-resolution spectroscopy from Large Sky Area Multi-Object Fiber Spectroscopic Telescope (LAMOST) Medium Resolution Survey (MRS) data sets with a deep-learning method. The neural networks we designed, named SPCANet, precisely map LAMOST MRS spectra to stellar parameters and chemical abundances. The stellar labels derived by SPCANet have precisions of 119 K for T eff and 0.17 dex for log g . The abundance precision of 11 elements including [C/H], [N/H], [O/H], [Mg/H], [Al/H], [Si/H], [S/H], [Ca/H], [Ti/H], [Cr/H], [Fe/H], and [Ni/H] are 0.06 ∼ 0.12 dex, while that of [Cu/H] is 0.19 dex. These precisions can be reached even for spectra with signal-to-noise ratios as low as 10. The results of SPCANet are consistent with those from other surveys such as APOGEE, GALAH, and RAVE, and are also validated with the previous literature values including clusters and field stars. The catalog of the estimated parameters is available at doi: 10.12149/101012 .",67,The Astrophysical Journal,https://doi.org/10.3847/1538-4357/ab6dea,machine learning stellar parameter estimation spectra,2026-07-27T12:27:51Z,20260731_163351611581_offline_machine-learning-stellar-parameter-estimation-sp_n60_21a53a,0.4379,0.0349,0.0508,0.0397,low,0.153,32,54
https://openalex.org/W4288485600,The quest for stellar coronal mass ejections in late-type stars,K. Vida; M. Leitzinger; L. Kriskovics; B. Seli; P. Odert; Orsolya E. Kovács; H. Korhonen; L. van Driel‐Gesztelyi,2019,10.1051/0004-6361/201834264,"Context. Flares and coronal mass ejections (CMEs) can have deleterious effects on their surroundings: they can erode or completely destroy atmospheres of orbiting planets over time and also have high importance in stellar evolution. Most of the CME detections in the literature are single events found serendipitously sparse for statistical investigation. Aims. We aimed to gather a large amount of spectral data of M-dwarfs to drastically increase the number of known events to make statistical analysis possible in order to study the properties of potential stellar CMEs. Methods. Using archival spectral data we investigated asymmetric features of Balmer-lines, which could indicate the Doppler-signature of ejected material. Results. Of more than 5500 spectra we find 478 that have line asymmetries – including nine larger events, in terms of velocity and mass – on 25 objects, with 1.2–19.6 events per day on objects with line asymmetries. Most events are connected with enhanced peaks of Balmer-lines, indicating that these are connected to flares similar to solar events. In most cases the detected speed does not reach surface escape velocity: the typical observed maximum velocities are on the order of 100–300 km s −1 , while the typical masses of the ejecta were on the order of 10 15 −10 18 g. Statistical analysis of the events suggests that these events are more frequent on cooler stars with stronger chromospheric activity. Conclusions. If the detected events correspond to CMEs, the detected maximum velocities are lower than those observed on the Sun, while event rates were somewhat lower than we could expect from the solar case. If the velocities are not distorted significantly due to a projection effect, these findings may support the idea that most of the coronal mass ejections could be suppressed by a strong magnetic field. Alternatively, it is possible that we can observe only an early low-coronal phase of the events before being accelerated at higher altitudes. Our findings could indicate that later-type, active dwarfs could be a safer environment for exoplanetary systems CME-wise than previously thought, and atmosphere loss due to radiation effects would play a stronger role in exoplanetary atmosphere evolution than CMEs.",110,Astronomy and Astrophysics,https://doi.org/10.1051/0004-6361/201834264,machine learning stellar parameter estimation spectra,2026-07-27T12:27:51Z,20260731_163351611581_offline_machine-learning-stellar-parameter-estimation-sp_n60_21a53a,0.4155,0.0358,0.0142,0.0293,low,0.1502,45,55
https://openalex.org/W2557534007,Standing on the Shoulders of Dwarfs: the Kepler Asteroseismic LEGACY Sample. I. Oscillation Mode Parameters,Mikkel N. Lund; Víctor Silva Aguirre; Guy R. Davies; William J. Chaplin; Jørgen Christensen-Dalsgaard; Günter Houdek; Timothy R. White; Timothy R. Bedding; Warrick H. Ball; Daniel Huber; H. M. Antia; Yveline Lebreton; David W. Latham; Rasmus Handberg; Kuldeep Verma; Sarbani Basu; Luca Casagrande; Anders B. Justesen; Hans Kjeldsen; Jakob R. Mosumgaard,2017,10.3847/1538-4357/835/2/172,"Abstract The advent of space-based missions like Kepler has revolutionized the study of solar-type stars, particularly through the measurement and modeling of their resonant modes of oscillation. Here we analyze a sample of 66 Kepler main-sequence stars showing solar-like oscillations as part of the Kepler seismic LEGACY project. We use Kepler short-cadence data, of which each star has at least 12 months, to create frequency-power spectra optimized for asteroseismology. For each star, we identify its modes of oscillation and extract parameters such as frequency, amplitude, and line width using a Bayesian Markov chain Monte Carlo “peak-bagging” approach. We report the extracted mode parameters for all 66 stars, as well as derived quantities such as frequency difference ratios, the large and small separations and the behavior of line widths with frequency and line widths at with , for which we derive parametrizations; and behavior of mode visibilities. These average properties can be applied in future peak-bagging exercises to better constrain the parameters of the stellar oscillation spectra. The frequencies and frequency ratios can tightly constrain the fundamental parameters of these solar-type stars, and mode line widths and amplitudes can test models of mode damping and excitation.",258,The Astrophysical Journal,https://doi.org/10.3847/1538-4357/835/2/172,machine learning stellar parameter estimation spectra,2026-07-27T12:27:51Z,20260731_163351611581_offline_machine-learning-stellar-parameter-estimation-sp_n60_21a53a,0.3592,0.0,0.0227,0.0068,low,0.1422,55,56
https://openalex.org/W2087657262,"UV-TO-FIR ANALYSIS OF <i>SPITZER</i> /IRAC SOURCES IN THE EXTENDED GROTH STRIP. II. PHOTOMETRIC REDSHIFTS, STELLAR MASSES, AND STAR FORMATION RATES",Guillermo Barro; Pablo G. Pérez‐González; J. Gallego; Marshall Ashby; Masaru Kajisawa; Shota Miyazaki; V. Villar; Tōru Yamada; J. Zamorano,2011,10.1088/0067-0049/193/2/30,"Based on the ultraviolet to far-infrared photometry already compiled and presented in a companion paper (Barro et al. 2011a, Paper I), we present a detailed SED analysis of nearly 80,000 IRAC 3.6+4.5 micron selected galaxies in the Extended Groth Strip. We estimate photometric redshifts, stellar masses, and star formation rates separately for each galaxy in this large sample. The catalog includes 76,936 sources with [3.6] &lt; 23.75 (85% completeness level of the IRAC survey) over 0.48 square degrees. The typical photometric redshift accuracy is Delta z/(1+z)=0.034, with a catastrophic outlier fraction of just 2%. We quantify the systematics introduced by the use of different stellar population synthesis libraries and IMFs in the calculation of stellar masses. We find systematic offsets ranging from 0.1 to 0.4 dex, with a typical scatter of 0.3 dex. We also provide UV- and IR-based SFRs for all sample galaxies, based on several sets of dust emission templates and SFR indicators. We evaluate the systematic differences and goodness of the different SFR estimations using the deep FIDEL 70 micron data available in the EGS. Typical random uncertainties of the IR-bases SFRs are a factor of two, with non-negligible systematic effects at z$\gtrsim$1.5 observed when only MIPS 24 micron data is available. All data products (SEDs, postage stamps from imaging data, and different estimations of the photometric redshifts, stellar masses, and SFRs of each galaxy) described in this and the companion paper are publicly available, and they can be accessed through our the web-interface utility Rainbow-navigator",123,The Astrophysical Journal Supplement Series,https://doi.org/10.1088/0067-0049/193/2/30,machine learning stellar parameter estimation spectra,2026-07-27T12:27:51Z,20260731_163351611581_offline_machine-learning-stellar-parameter-estimation-sp_n60_21a53a,0.3395,0.0236,0.0241,0.0238,low,0.128,56,57
https://openalex.org/W2100767934,Discovery of extended VHE<i>γ</i>-ray emission from the vicinity of the young massive stellar cluster Westerlund 1,A. Abramowski; F. Acero; F. Aharonian; A. G. Akhperjanian; G. Anton; A. Balzer; A. Barnacka; U. Barres de Almeida; Y. Becherini; J. A. Becker; B. Behera; K. Bernlöhr; E. Birsin; J. Biteau; A. Bochow; C. Boisson; J. Bolmont; P. Bordas; J. Brucker; F. Brun; P. Brun; T. Bulik; I. Büsching; S. Carrigan; S. Casanova; M. Cerruti; P. M. Chadwick; A. Charbonnier; R. C. G. Chaves; A. Cheesebrough; L.‐M. Chounet; A. C. Clapson; G. Coignet; G. Cologna; J. Conrad; M. Dalton; M. K. Daniel; I. D. Davids; B. Degrange; C. Deil; H. J. Dickinson; A. Djannati-Ataï; W. Domainko; L. O’C. Drury; F. Dubois; G. Dubus; K. Dutson; J. Dyks; M. Dyrda; K. Egberts; P. Eger; P. Espigat; L. Fallon; C. Farnier; S. Fegan; F. Feinstein; M. V. Fernandes; A. Fiaßon; G. Fontaine; A. Förster; M. Füßling; Y. A. Gallant; H. Gast; L. Gérard; D. Gerbig; B. Giebels; J. F. Glicenstein; B. Glück; P. Goret; D. Göring; S. Häffner; J. D. Hague; D. Hampf; M. Häuser; Sebastian Heinz; G. Heinzelmann; G. Henri; G. Hermann; J. A. Hinton; A. Hoffmann; W. Hofmann; P. Hofverberg; M. Holler; D. Horns; A. Jachołkowska; O. C. de Jager; C. Jahn; M. Jamrozy; I. Jung; M. A. Kastendieck; K. Katarzyński; U. Katz; S. Kaufmann; D. Keogh; D. Khangulyan; B. Khélifi; D. Klochkov; W. Kluźniak; T. Kneiske; Nu. Komin,2011,10.1051/0004-6361/201117928,Aims. Results obtained in very-high-energy (VHE; E ≥ 100 GeV) γ-ray observations performed with the H.E.S.S. telescope array are used to investigate particle acceleration processes in the vicinity of the young massive stellar cluster Westerlund 1 (Wd 1).,121,Astronomy and Astrophysics,https://doi.org/10.1051/0004-6361/201117928,machine learning stellar parameter estimation spectra,2026-07-27T12:27:51Z,20260731_163351611581_offline_machine-learning-stellar-parameter-estimation-sp_n60_21a53a,0.3389,0.0264,0.0188,0.0241,low,0.1278,58,58
https://openalex.org/W2141408672,The<i>Gaia</i>astrophysical parameters inference system (Apsis),C. A. L. Bailer-Jones; R. Andrae; B. Arcay; T. Astraatmadja; I. Bellas-Velidis; A. Berihuete; A. Bijaoui; C. Carrión; C. Dafonte; Y. Damerdji; A. Dapergolas; P. de Laverny; L. Delchambre; P. Drazinos; R. Drimmel; Y. Frémat; D. Fustes; M. García-Torres; C. Guédé; U. Heiter; A.-M. Janotto; A. Karampelas; D.-W. Kim; J. Knude; I. Kolka; E. Kontizas; M. Kontizas; A. J. Korn; A. C. Lanzafame; Y. Lebreton; H. Lindstrøm; C. Liu; E. Livanou; A. Lobel; M. Manteiga; C. Martayan; Ch. Ordenovic; B. Pichon; A. Recio-Blanco; B. Rocca-Volmerange; L. M. Sarro; K. Smith; R. Sordo; C. Soubiran; J. Surdej; F. Thévenin; P. Tsalmantza; A. Vallenari; J. Zorec,2013,10.1051/0004-6361/201322344,"The Gaia satellite will survey the entire celestial sphere down to 20th magnitude, obtaining astrometry, photometry, and low resolution spectrophotometry on one billion astronomical sources, plus radial velocities for over one hundred million stars. Its main objective is to take a census of the stellar content of our Galaxy, with the goal of revealing its formation and evolution. Gaia's unique feature is the measurement of parallaxes and proper motions with hitherto unparalleled accuracy for many objects. As a survey, the physical properties of most of these objects are unknown.",145,Astronomy and Astrophysics,https://doi.org/10.1051/0004-6361/201322344,machine learning stellar parameter estimation spectra,2026-07-27T12:27:51Z,20260731_163351611581_offline_machine-learning-stellar-parameter-estimation-sp_n60_21a53a,0.2987,0.0,0.0132,0.004,low,0.1255,59,59
https://openalex.org/W2791807598,LAMOST DR1: Stellar Parameters and Chemical Abundances with SP_Ace,C. Boeche; M. C. Smith; E. K. Grebel; Jing Zhong; Jinliang Hou; Li Chen; Dennis Stello,2018,10.3847/1538-3881/aab5af,"Abstract We present a new analysis of the LAMOST DR1 survey spectral database performed with the code SP_Ace, which provides the derived stellar parameters , , [Fe/H], and [ α /H] for 1,097,231 stellar objects. We tested the reliability of our results by comparing them to reference results from high spectral resolution surveys. The expected errors can be summarized as ∼120 K in , ∼0.2 in , ∼0.15 dex in [Fe/H], and ∼0.1 dex in [ α /Fe] for spectra with S/N &gt; 40, with some differences between dwarf and giant stars. SP_Ace provides error estimations consistent with the discrepancies observed between derived and reference parameters. Some systematic errors are identified and discussed. The resulting catalog is publicly available at the LAMOST and CDS websites.",22,The Astronomical Journal,https://doi.org/10.3847/1538-3881/aab5af,machine learning stellar parameter estimation spectra,2026-07-27T12:27:51Z,20260731_163351611581_offline_machine-learning-stellar-parameter-estimation-sp_n60_21a53a,0.3391,0.0389,0.0337,0.0374,low,0.1212,57,60
